race_name,race_country,race_category,age_category,overall_rank,ag_rank,finish_time,nationality
Beijing 2026,China,Open Men,35-39,1,1,0:57:41,CHN
Beijing 2026,China,Open Men,30-34,2,1,0:57:45,GER
Beijing 2026,China,Open Men,30-34,3,2,0:58:26,CHN
Beijing 2026,China,Open Men,30-34,4,3,0:58:50,NZL
Beijing 2026,China,Open Men,40-44,5,1,0:59:02,CHN
Beijing 2026,China,Open Men,25-29,6,1,0:59:04,HUN
Beijing 2026,China,Open Men,30-34,7,4,0:59:29,CHN
Beijing 2026,China,Open Men,35-39,8,2,0:59:30,CHN
Beijing 2026,China,Open Men,16-24,9,1,0:59:59,KOR
Beijing 2026,China,Open Men,25-29,10,2,1:00:17,KOR
Beijing 2026,China,Open Men,30-34,11,5,1:00:40,HKG
Beijing 2026,China,Open Men,25-29,12,3,1:00:45,CHN
Beijing 2026,China,Open Men,30-34,13,6,1:00:46,CHN
Beijing 2026,China,Open Men,25-29,14,4,1:00:56,CHN
Beijing 2026,China,Open Men,40-44,15,2,1:00:57,CHN
Beijing 2026,China,Open Men,30-34,16,7,1:01:07,CHN
Beijing 2026,China,Open Men,16-24,17,2,1:01:31,KOR
Beijing 2026,China,Open Men,25-29,18,5,1:01:40,CHN
Beijing 2026,China,Open Men,16-24,19,3,1:01:41,CHN
Beijing 2026,China,Open Men,25-29,20,6,1:02:00,CHN
Beijing 2026,China,Open Men,30-34,21,8,1:02:08,CHN
Beijing 2026,China,Open Men,25-29,22,7,1:02:13,KOR
Beijing 2026,China,Open Men,30-34,23,9,1:02:21,CHN
Beijing 2026,China,Open Men,30-34,24,10,1:02:40,MAS
Beijing 2026,China,Open Men,35-39,25,3,1:02:41,CHN
Beijing 2026,China,Open Men,35-39,26,4,1:02:42,CHN
Beijing 2026,China,Open Men,30-34,27,11,1:02:42,AUS
Beijing 2026,China,Open Men,35-39,28,5,1:03:01,CHN
Beijing 2026,China,Open Men,30-34,29,12,1:03:10,CHN
Beijing 2026,China,Open Men,25-29,30,8,1:03:12,CHN
Beijing 2026,China,Open Men,40-44,31,3,1:03:28,CHN
Beijing 2026,China,Open Men,35-39,32,6,1:03:32,USA
Beijing 2026,China,Open Men,35-39,33,7,1:04:14,CHN
Beijing 2026,China,Open Men,35-39,34,8,1:04:27,KOR
Beijing 2026,China,Open Men,25-29,35,9,1:04:28,CHN
Beijing 2026,China,Open Men,16-24,36,4,1:04:38,CHN
Beijing 2026,China,Open Men,35-39,37,9,1:05:01,CHN
Beijing 2026,China,Open Men,35-39,38,10,1:05:33,CHN
Beijing 2026,China,Open Men,35-39,39,11,1:05:35,CHN
Beijing 2026,China,Open Men,45-49,40,1,1:05:43,CHN
Beijing 2026,China,Open Men,25-29,41,10,1:05:45,MGL
Beijing 2026,China,Open Men,45-49,42,2,1:06:00,HKG
Beijing 2026,China,Open Men,25-29,43,11,1:06:03,CHN
Beijing 2026,China,Open Men,35-39,44,12,1:06:12,DEN
Beijing 2026,China,Open Men,40-44,45,4,1:06:22,CHN
Beijing 2026,China,Open Men,25-29,46,12,1:06:41,CHN
Beijing 2026,China,Open Men,30-34,47,13,1:06:49,CHN
Beijing 2026,China,Open Men,30-34,48,14,1:06:57,CHN
Beijing 2026,China,Open Men,25-29,49,13,1:06:58,CHN
Beijing 2026,China,Open Men,16-24,50,5,1:07:09,CHN
Beijing 2026,China,Open Men,30-34,51,15,1:07:32,CHN
Beijing 2026,China,Open Men,35-39,52,13,1:07:37,ITA
Beijing 2026,China,Open Men,25-29,53,14,1:07:37,CHN
Beijing 2026,China,Open Men,40-44,54,5,1:07:50,USA
Beijing 2026,China,Open Men,30-34,55,16,1:07:59,CHN
Beijing 2026,China,Open Men,40-44,56,6,1:08:02,CHN
Beijing 2026,China,Open Men,25-29,57,15,1:08:04,CHN
Beijing 2026,China,Open Men,25-29,58,16,1:08:08,KOR
Beijing 2026,China,Open Men,25-29,59,17,1:08:12,CHN
Beijing 2026,China,Open Men,16-24,60,6,1:08:13,CHN
Beijing 2026,China,Open Men,25-29,61,18,1:08:16,CHN
Beijing 2026,China,Open Men,30-34,62,17,1:08:22,MAS
Beijing 2026,China,Open Men,30-34,63,18,1:08:25,CHN
Beijing 2026,China,Open Men,25-29,64,19,1:08:26,CHN
Beijing 2026,China,Open Men,30-34,65,19,1:08:28,CHN
Beijing 2026,China,Open Men,30-34,66,20,1:08:31,CHN
Beijing 2026,China,Open Men,30-34,67,21,1:08:34,KOR
Beijing 2026,China,Open Men,45-49,68,3,1:08:35,GBR
Beijing 2026,China,Open Men,25-29,69,20,1:08:55,CHN
Beijing 2026,China,Open Men,35-39,70,14,1:08:58,CHN
Beijing 2026,China,Open Men,16-24,71,7,1:08:59,CHN
Beijing 2026,China,Open Men,30-34,72,22,1:09:00,CHN
Beijing 2026,China,Open Men,30-34,73,23,1:09:14,CHN
Beijing 2026,China,Open Men,35-39,74,15,1:09:20,CHN
Beijing 2026,China,Open Men,30-34,75,24,1:09:29,CHN
Beijing 2026,China,Open Men,35-39,76,16,1:09:31,CHN
Beijing 2026,China,Open Men,30-34,77,25,1:09:34,CHN
Beijing 2026,China,Open Men,16-24,78,8,1:09:34,CHN
Beijing 2026,China,Open Men,40-44,79,7,1:09:40,CHN
Beijing 2026,China,Open Men,16-24,80,9,1:09:47,CHN
Beijing 2026,China,Open Men,16-24,81,10,1:09:49,THA
Beijing 2026,China,Open Men,30-34,82,26,1:09:50,HKG
Beijing 2026,China,Open Men,35-39,83,17,1:09:51,CHN
Beijing 2026,China,Open Men,35-39,84,18,1:09:58,CHN
Beijing 2026,China,Open Men,30-34,85,27,1:10:02,CHN
Beijing 2026,China,Open Men,35-39,86,19,1:10:05,SIN
Beijing 2026,China,Open Men,25-29,87,21,1:10:08,CHN
Beijing 2026,China,Open Men,35-39,88,20,1:10:09,CHN
Beijing 2026,China,Open Men,30-34,89,28,1:10:10,CHN
Beijing 2026,China,Open Men,35-39,90,21,1:10:17,CHN
Beijing 2026,China,Open Men,35-39,91,22,1:10:20,MGL
Beijing 2026,China,Open Men,25-29,92,22,1:10:23,CHN
Beijing 2026,China,Open Men,35-39,93,23,1:10:24,CHN
Beijing 2026,China,Open Men,40-44,94,8,1:10:27,GBR
Beijing 2026,China,Open Men,40-44,95,9,1:10:28,HKG
Beijing 2026,China,Open Men,35-39,96,24,1:10:28,CHN
Beijing 2026,China,Open Men,40-44,97,10,1:10:34,CHN
Beijing 2026,China,Open Men,25-29,98,23,1:10:35,IRL
Beijing 2026,China,Open Men,30-34,99,29,1:10:36,CHN
Beijing 2026,China,Open Men,30-34,100,30,1:10:38,CHN
Beijing 2026,China,Pro Men,30-34,1,1,0:55:56,USA
Beijing 2026,China,Pro Men,30-34,2,2,0:56:51,ENG
Beijing 2026,China,Pro Men,30-34,3,3,0:57:13,FRA
Beijing 2026,China,Pro Men,25-29,4,1,0:59:59,CHN
Beijing 2026,China,Pro Men,25-29,5,2,1:00:26,JPN
Beijing 2026,China,Pro Men,30-34,6,4,1:00:39,GBR
Beijing 2026,China,Pro Men,40-44,7,1,1:01:33,CHN
Beijing 2026,China,Pro Men,35-39,8,1,1:01:40,AUS
Beijing 2026,China,Pro Men,30-34,9,5,1:01:59,CHN
Beijing 2026,China,Pro Men,25-29,10,3,1:02:23,CHN
Beijing 2026,China,Pro Men,30-34,11,6,1:02:31,KOR
Beijing 2026,China,Pro Men,25-29,12,4,1:02:33,AUS
Beijing 2026,China,Pro Men,30-34,13,7,1:02:52,CHN
Beijing 2026,China,Pro Men,30-34,14,8,1:03:04,NZL
Beijing 2026,China,Pro Men,25-29,15,5,1:03:07,CHN
Beijing 2026,China,Pro Men,35-39,16,2,1:03:28,JPN
Beijing 2026,China,Pro Men,16-24,17,1,1:03:35,GBR
Beijing 2026,China,Pro Men,35-39,18,3,1:03:45,AUS
Beijing 2026,China,Pro Men,30-34,19,9,1:04:03,CHN
Beijing 2026,China,Pro Men,30-34,20,10,1:04:11,CHN
Beijing 2026,China,Pro Men,16-24,21,2,1:04:32,KOR
Beijing 2026,China,Pro Men,30-34,22,11,1:04:47,CHN
Beijing 2026,China,Pro Men,25-29,23,6,1:04:52,CHN
Beijing 2026,China,Pro Men,25-29,24,7,1:05:17,KOR
Beijing 2026,China,Pro Men,30-34,25,12,1:05:19,KOR
Beijing 2026,China,Pro Men,40-44,26,2,1:05:58,GER
Beijing 2026,China,Pro Men,16-24,27,3,1:06:04,KOR
Beijing 2026,China,Pro Men,25-29,28,8,1:06:16,CHN
Beijing 2026,China,Pro Men,30-34,29,13,1:06:27,GER
Beijing 2026,China,Pro Men,16-24,30,4,1:06:34,AUS
Beijing 2026,China,Pro Men,35-39,31,4,1:06:40,VIE
Beijing 2026,China,Pro Men,16-24,32,5,1:06:55,NZL
Beijing 2026,China,Pro Men,30-34,33,14,1:06:56,KOR
Beijing 2026,China,Pro Men,35-39,34,5,1:07:05,SIN
Beijing 2026,China,Pro Men,30-34,35,15,1:07:08,HKG
Beijing 2026,China,Pro Men,30-34,36,16,1:07:24,KOR
Beijing 2026,China,Pro Men,40-44,37,3,1:07:33,BRA
Beijing 2026,China,Pro Men,30-34,38,17,1:07:41,UKR
Beijing 2026,China,Pro Men,35-39,39,6,1:07:42,
Beijing 2026,China,Pro Men,25-29,40,9,1:07:52,CHN
Beijing 2026,China,Pro Men,30-34,41,18,1:08:00,KOR
Beijing 2026,China,Pro Men,30-34,42,19,1:08:01,CHN
Beijing 2026,China,Pro Men,35-39,43,7,1:08:08,RSA
Beijing 2026,China,Pro Men,35-39,44,8,1:08:24,CHN
Beijing 2026,China,Pro Men,35-39,45,9,1:08:54,CHN
Beijing 2026,China,Pro Men,40-44,46,4,1:09:14,USA
Beijing 2026,China,Pro Men,35-39,47,10,1:09:37,RSA
Beijing 2026,China,Pro Men,40-44,48,5,1:10:15,AUT
Beijing 2026,China,Pro Men,30-34,49,20,1:10:52,CHN
Beijing 2026,China,Pro Men,35-39,50,11,1:11:02,KOR
Beijing 2026,China,Pro Men,30-34,51,21,1:11:08,KOR
Beijing 2026,China,Pro Men,30-34,52,22,1:11:28,CHN
Beijing 2026,China,Pro Men,35-39,53,12,1:11:33,CHN
Beijing 2026,China,Pro Men,16-24,54,6,1:11:40,CHN
Beijing 2026,China,Pro Men,25-29,55,10,1:11:47,CHN
Beijing 2026,China,Pro Men,40-44,56,6,1:11:47,POR
Beijing 2026,China,Pro Men,30-34,57,23,1:11:52,KOR
Beijing 2026,China,Pro Men,16-24,58,7,1:12:09,NZL
Beijing 2026,China,Pro Men,25-29,59,11,1:12:22,CHN
Beijing 2026,China,Pro Men,30-34,60,24,1:12:23,CHN
Beijing 2026,China,Pro Men,16-24,61,8,1:12:50,KOR
Beijing 2026,China,Pro Men,35-39,62,13,1:13:17,KOR
Beijing 2026,China,Pro Men,35-39,63,14,1:13:17,CHN
Beijing 2026,China,Pro Men,30-34,64,25,1:13:31,CHN
Beijing 2026,China,Pro Men,30-34,65,26,1:13:39,CHN
Beijing 2026,China,Pro Men,30-34,66,27,1:13:44,CHN
Beijing 2026,China,Pro Men,30-34,67,28,1:13:50,KOR
Beijing 2026,China,Pro Men,25-29,68,12,1:13:52,ITA
Beijing 2026,China,Pro Men,30-34,69,29,1:14:18,JPN
Beijing 2026,China,Pro Men,30-34,70,30,1:14:27,KOR
Beijing 2026,China,Pro Men,35-39,71,15,1:14:30,CHN
Beijing 2026,China,Pro Men,40-44,72,7,1:14:33,KOR
Beijing 2026,China,Pro Men,35-39,73,16,1:14:33,PHI
Beijing 2026,China,Pro Men,30-34,74,31,1:14:35,GBR
Beijing 2026,China,Pro Men,30-34,75,32,1:15:04,CHN
Beijing 2026,China,Pro Men,45-49,76,1,1:15:17,CHN
Beijing 2026,China,Pro Men,45-49,77,2,1:15:19,AUS
Beijing 2026,China,Pro Men,25-29,78,13,1:15:27,CHN
Beijing 2026,China,Pro Men,16-24,79,9,1:15:30,CHN
Beijing 2026,China,Pro Men,50-54,80,1,1:15:44,AUS
Beijing 2026,China,Pro Men,16-24,81,10,1:15:47,KOR
Beijing 2026,China,Pro Men,25-29,82,14,1:16:12,CHN
Beijing 2026,China,Pro Men,30-34,83,33,1:16:21,HKG
Beijing 2026,China,Pro Men,35-39,84,17,1:16:42,JPN
Beijing 2026,China,Pro Men,30-34,85,35,1:17:03,CHN
Beijing 2026,China,Pro Men,30-34,86,34,1:17:03,CHN
Beijing 2026,China,Pro Men,30-34,87,36,1:17:08,CHN
Beijing 2026,China,Pro Men,25-29,88,15,1:17:10,CHN
Beijing 2026,China,Pro Men,25-29,89,16,1:17:15,CHN
Beijing 2026,China,Pro Men,25-29,90,17,1:17:17,CHN
Beijing 2026,China,Pro Men,40-44,91,8,1:17:28,CHN
Beijing 2026,China,Pro Men,30-34,92,37,1:17:30,CHN
Beijing 2026,China,Pro Men,30-34,93,38,1:17:48,CHN
Beijing 2026,China,Pro Men,45-49,94,3,1:17:49,NED
Beijing 2026,China,Pro Men,35-39,95,18,1:17:55,GER
Beijing 2026,China,Pro Men,30-34,96,39,1:18:08,CHN
Beijing 2026,China,Pro Men,40-44,97,9,1:18:11,CHN
Beijing 2026,China,Pro Men,35-39,98,19,1:18:19,CHN
Beijing 2026,China,Pro Men,40-44,99,10,1:18:39,AUS
Beijing 2026,China,Pro Men,30-34,100,40,1:18:39,CHN
Beijing 2026,China,Open Women,30-34,1,1,1:00:11,CHN
Beijing 2026,China,Open Women,25-29,2,1,1:00:21,CHN
Beijing 2026,China,Open Women,25-29,3,2,1:04:23,CHN
Beijing 2026,China,Open Women,25-29,4,3,1:04:40,CHN
Beijing 2026,China,Open Women,35-39,5,1,1:06:39,SIN
Beijing 2026,China,Open Women,25-29,6,4,1:06:52,CHN
Beijing 2026,China,Open Women,35-39,7,2,1:07:18,CHN
Beijing 2026,China,Open Women,16-24,8,1,1:07:35,KOR
Beijing 2026,China,Open Women,25-29,9,5,1:08:17,CHN
Beijing 2026,China,Open Women,35-39,10,3,1:08:19,CHN
Beijing 2026,China,Open Women,35-39,11,4,1:08:22,CHN
Beijing 2026,China,Open Women,35-39,12,5,1:08:33,CHN
Beijing 2026,China,Open Women,25-29,13,6,1:08:48,CHN
Beijing 2026,China,Open Women,25-29,14,7,1:08:56,USA
Beijing 2026,China,Open Women,25-29,15,8,1:08:56,CHN
Beijing 2026,China,Open Women,25-29,16,9,1:08:58,JPN
Beijing 2026,China,Open Women,45-49,17,1,1:09:20,CHN
Beijing 2026,China,Open Women,30-34,18,2,1:09:37,KOR
Beijing 2026,China,Open Women,25-29,19,10,1:10:07,CHN
Beijing 2026,China,Open Women,35-39,20,6,1:10:41,CHN
Beijing 2026,China,Open Women,35-39,21,7,1:11:51,GBR
Beijing 2026,China,Open Women,45-49,22,2,1:12:18,CHN
Beijing 2026,China,Open Women,25-29,23,11,1:12:41,CHN
Beijing 2026,China,Open Women,35-39,24,8,1:12:43,CHN
Beijing 2026,China,Open Women,35-39,25,9,1:13:06,CHN
Beijing 2026,China,Open Women,40-44,26,1,1:13:10,CHN
Beijing 2026,China,Open Women,35-39,27,10,1:13:13,CHN
Beijing 2026,China,Open Women,40-44,28,2,1:13:23,CHN
Beijing 2026,China,Open Women,40-44,29,3,1:13:59,CHN
Beijing 2026,China,Open Women,35-39,30,11,1:14:00,
Beijing 2026,China,Open Women,25-29,31,12,1:14:07,USA
Beijing 2026,China,Open Women,25-29,32,13,1:14:19,CHN
Beijing 2026,China,Open Women,35-39,33,12,1:14:23,CHN
Beijing 2026,China,Open Women,35-39,34,13,1:14:24,CHN
Beijing 2026,China,Open Women,30-34,35,3,1:14:34,TPE
Beijing 2026,China,Open Women,25-29,36,14,1:14:44,CHN
Beijing 2026,China,Open Women,40-44,37,4,1:14:49,CHN
Beijing 2026,China,Open Women,30-34,38,4,1:15:15,CHN
Beijing 2026,China,Open Women,25-29,39,15,1:15:16,CHN
Beijing 2026,China,Open Women,25-29,40,16,1:15:23,THA
Beijing 2026,China,Open Women,35-39,41,14,1:15:31,CHN
Beijing 2026,China,Open Women,35-39,42,16,1:15:33,CHN
Beijing 2026,China,Open Women,35-39,43,15,1:15:33,CHN
Beijing 2026,China,Open Women,16-24,44,2,1:15:34,CHN
Beijing 2026,China,Open Women,40-44,45,5,1:15:47,CHN
Beijing 2026,China,Open Women,30-34,46,5,1:16:11,CHN
Beijing 2026,China,Open Women,30-34,47,6,1:16:38,CHN
Beijing 2026,China,Open Women,35-39,48,17,1:16:45,CHN
Beijing 2026,China,Open Women,30-34,49,7,1:16:52,KOR
Beijing 2026,China,Open Women,25-29,50,17,1:16:55,GER
Beijing 2026,China,Open Women,30-34,51,8,1:16:56,CHN
Beijing 2026,China,Open Women,40-44,52,6,1:17:22,CHN
Beijing 2026,China,Open Women,25-29,53,18,1:17:23,CHN
Beijing 2026,China,Open Women,30-34,54,9,1:17:24,CHN
Beijing 2026,China,Open Women,60-64,55,1,1:17:29,CHN
Beijing 2026,China,Open Women,25-29,56,19,1:17:30,CHN
Beijing 2026,China,Open Women,35-39,57,18,1:17:52,CHN
Beijing 2026,China,Open Women,40-44,58,8,1:17:54,CHN
Beijing 2026,China,Open Women,40-44,59,7,1:17:54,CHN
Beijing 2026,China,Open Women,40-44,60,9,1:18:00,CHN
Beijing 2026,China,Open Women,30-34,61,10,1:18:07,INA
Beijing 2026,China,Open Women,45-49,62,3,1:18:07,PHI
Beijing 2026,China,Open Women,30-34,63,11,1:18:24,CHN
Beijing 2026,China,Open Women,50-54,64,1,1:18:24,CHN
Beijing 2026,China,Open Women,35-39,65,19,1:18:31,SIN
Beijing 2026,China,Open Women,30-34,66,12,1:18:38,CHN
Beijing 2026,China,Open Women,25-29,67,20,1:18:43,CHN
Beijing 2026,China,Open Women,45-49,68,4,1:18:44,KOR
Beijing 2026,China,Open Women,30-34,69,13,1:18:46,HKG
Beijing 2026,China,Open Women,40-44,70,10,1:18:47,CHN
Beijing 2026,China,Open Women,35-39,71,20,1:18:55,CHN
Beijing 2026,China,Open Women,35-39,72,21,1:19:14,CHN
Beijing 2026,China,Open Women,30-34,73,14,1:19:24,CHN
Beijing 2026,China,Open Women,35-39,74,22,1:19:35,CHN
Beijing 2026,China,Open Women,30-34,75,15,1:19:41,CHN
Beijing 2026,China,Open Women,35-39,76,23,1:20:00,CHN
Beijing 2026,China,Open Women,40-44,77,11,1:20:04,KOR
Beijing 2026,China,Open Women,16-24,78,3,1:20:08,CHN
Beijing 2026,China,Open Women,30-34,79,16,1:20:10,CHN
Beijing 2026,China,Open Women,30-34,80,17,1:20:13,CHN
Beijing 2026,China,Open Women,35-39,81,24,1:20:16,CHN
Beijing 2026,China,Open Women,30-34,82,19,1:20:23,CHN
Beijing 2026,China,Open Women,30-34,83,18,1:20:23,CHN
Beijing 2026,China,Open Women,35-39,84,25,1:20:23,CHN
Beijing 2026,China,Open Women,35-39,85,26,1:20:27,KOR
Beijing 2026,China,Open Women,40-44,86,12,1:20:37,CHN
Beijing 2026,China,Open Women,25-29,87,21,1:20:44,CHN
Beijing 2026,China,Open Women,30-34,88,20,1:20:48,CHN
Beijing 2026,China,Open Women,40-44,89,13,1:20:50,CHN
Beijing 2026,China,Open Women,16-24,90,4,1:20:55,CHN
Beijing 2026,China,Open Women,35-39,91,27,1:21:07,CHN
Beijing 2026,China,Open Women,40-44,92,14,1:21:07,CHN
Beijing 2026,China,Open Women,25-29,93,23,1:21:09,THA
Beijing 2026,China,Open Women,25-29,94,22,1:21:09,CHN
Beijing 2026,China,Open Women,40-44,95,15,1:21:20,CHN
Beijing 2026,China,Open Women,30-34,96,21,1:21:21,CHN
Beijing 2026,China,Open Women,40-44,97,16,1:21:24,CHN
Beijing 2026,China,Open Women,55-59,98,1,1:21:38,CHN
Beijing 2026,China,Open Women,30-34,99,22,1:21:50,CHN
Beijing 2026,China,Open Women,25-29,100,24,1:22:01,CHN
Beijing 2026,China,Pro Women,35-39,1,1,1:02:08,USA
Beijing 2026,China,Pro Women,40-44,2,1,1:04:52,JPN
Beijing 2026,China,Pro Women,30-34,3,1,1:05:13,HKG
Beijing 2026,China,Pro Women,40-44,4,2,1:06:05,GBR
Beijing 2026,China,Pro Women,25-29,5,1,1:06:35,ITA
Beijing 2026,China,Pro Women,25-29,6,2,1:07:17,CHN
Beijing 2026,China,Pro Women,25-29,7,3,1:08:49,KOR
Beijing 2026,China,Pro Women,30-34,8,2,1:09:01,CHN
Beijing 2026,China,Pro Women,30-34,9,3,1:09:03,CHN
Beijing 2026,China,Pro Women,30-34,10,4,1:09:16,MAR
Beijing 2026,China,Pro Women,35-39,11,2,1:09:28,CHN
Beijing 2026,China,Pro Women,35-39,12,3,1:09:56,SIN
Beijing 2026,China,Pro Women,35-39,13,4,1:10:22,KOR
Beijing 2026,China,Pro Women,30-34,14,5,1:11:42,ESP
Beijing 2026,China,Pro Women,16-24,15,1,1:11:57,CHN
Beijing 2026,China,Pro Women,30-34,16,6,1:12:00,CHN
Beijing 2026,China,Pro Women,25-29,17,4,1:12:53,CHN
Beijing 2026,China,Pro Women,35-39,18,5,1:12:57,TPE
Beijing 2026,China,Pro Women,45-49,19,1,1:13:39,SIN
Beijing 2026,China,Pro Women,35-39,20,6,1:13:51,CHN
Beijing 2026,China,Pro Women,30-34,21,7,1:14:35,IRL
Beijing 2026,China,Pro Women,25-29,22,5,1:15:33,POL
Beijing 2026,China,Pro Women,30-34,23,8,1:15:36,CHN
Beijing 2026,China,Pro Women,35-39,24,7,1:15:44,CHN
Beijing 2026,China,Pro Women,30-34,25,9,1:16:02,NZL
Beijing 2026,China,Pro Women,35-39,26,8,1:16:22,CHN
Beijing 2026,China,Pro Women,45-49,27,2,1:16:32,CHN
Beijing 2026,China,Pro Women,35-39,28,9,1:16:34,CHN
Beijing 2026,China,Pro Women,30-34,29,10,1:16:35,CHN
Beijing 2026,China,Pro Women,40-44,30,3,1:17:13,CHN
Beijing 2026,China,Pro Women,40-44,31,4,1:17:28,CHN
Beijing 2026,China,Pro Women,50-54,32,1,1:17:32,MAS
Beijing 2026,China,Pro Women,35-39,33,10,1:17:35,CHN
Beijing 2026,China,Pro Women,35-39,34,11,1:18:01,CHN
Beijing 2026,China,Pro Women,35-39,35,12,1:18:30,GBR
Beijing 2026,China,Pro Women,30-34,36,11,1:18:33,PHI
Beijing 2026,China,Pro Women,25-29,37,6,1:18:41,CHN
Beijing 2026,China,Pro Women,16-24,38,2,1:19:32,CHN
Beijing 2026,China,Pro Women,35-39,39,13,1:19:41,RSA
Beijing 2026,China,Pro Women,25-29,40,7,1:20:29,CHN
Beijing 2026,China,Pro Women,16-24,41,3,1:20:44,KOR
Beijing 2026,China,Pro Women,35-39,42,14,1:20:52,CHN
Beijing 2026,China,Pro Women,45-49,43,3,1:21:03,CHN
Beijing 2026,China,Pro Women,35-39,44,15,1:21:24,CHN
Beijing 2026,China,Pro Women,25-29,45,8,1:21:45,CHN
Beijing 2026,China,Pro Women,30-34,46,12,1:22:00,CHN
Beijing 2026,China,Pro Women,40-44,47,5,1:22:03,CHN
Beijing 2026,China,Pro Women,30-34,48,13,1:22:14,CHN
Beijing 2026,China,Pro Women,30-34,49,14,1:22:18,NED
Beijing 2026,China,Pro Women,45-49,50,4,1:22:25,CHN
Beijing 2026,China,Pro Women,30-34,51,15,1:22:47,CHN
Beijing 2026,China,Pro Women,30-34,52,16,1:22:47,CHN
Beijing 2026,China,Pro Women,50-54,53,2,1:22:50,CHN
Beijing 2026,China,Pro Women,25-29,54,9,1:22:54,CHN
Beijing 2026,China,Pro Women,45-49,55,5,1:22:54,INA
Beijing 2026,China,Pro Women,25-29,56,10,1:23:21,CHN
Beijing 2026,China,Pro Women,35-39,57,16,1:23:48,CHN
Beijing 2026,China,Pro Women,60-64,58,1,1:23:57,CHN
Beijing 2026,China,Pro Women,30-34,59,17,1:24:00,CHN
Beijing 2026,China,Pro Women,25-29,60,11,1:24:04,CHN
Beijing 2026,China,Pro Women,16-24,61,4,1:24:10,AUS
Beijing 2026,China,Pro Women,30-34,62,18,1:24:12,CHN
Beijing 2026,China,Pro Women,35-39,63,17,1:24:16,AUS
Beijing 2026,China,Pro Women,30-34,64,19,1:24:40,CHN
Beijing 2026,China,Pro Women,40-44,65,6,1:24:53,
Beijing 2026,China,Pro Women,40-44,66,7,1:26:14,CHN
Beijing 2026,China,Pro Women,16-24,67,5,1:26:15,HKG
Beijing 2026,China,Pro Women,25-29,68,12,1:26:27,CHN
Beijing 2026,China,Pro Women,35-39,69,18,1:26:42,JPN
Beijing 2026,China,Pro Women,30-34,70,20,1:26:46,CHN
Beijing 2026,China,Pro Women,25-29,71,13,1:27:04,CHN
Beijing 2026,China,Pro Women,30-34,72,21,1:27:40,CHN
Beijing 2026,China,Pro Women,40-44,73,8,1:27:45,CHN
Beijing 2026,China,Pro Women,30-34,74,22,1:27:57,CHN
Beijing 2026,China,Pro Women,35-39,75,19,1:28:03,CHN
Beijing 2026,China,Pro Women,25-29,76,14,1:28:32,CHN
Beijing 2026,China,Pro Women,50-54,77,3,1:28:34,NED
Beijing 2026,China,Pro Women,30-34,78,23,1:29:18,CHN
Beijing 2026,China,Pro Women,35-39,79,20,1:29:41,CHN
Beijing 2026,China,Pro Women,30-34,80,24,1:30:24,CHN
Beijing 2026,China,Pro Women,30-34,81,25,1:30:38,CHN
Beijing 2026,China,Pro Women,25-29,82,15,1:30:41,CHN
Beijing 2026,China,Pro Women,35-39,83,21,1:32:07,HKG
Beijing 2026,China,Pro Women,50-54,84,4,1:32:40,CHN
Beijing 2026,China,Pro Women,55-59,85,1,1:33:26,HKG
Beijing 2026,China,Pro Women,30-34,86,26,1:33:52,CHN
Beijing 2026,China,Pro Women,50-54,87,5,1:34:00,CHN
Beijing 2026,China,Pro Women,35-39,88,22,1:34:03,
Beijing 2026,China,Pro Women,40-44,89,9,1:34:27,CHN
Beijing 2026,China,Pro Women,16-24,90,6,1:34:49,CHN
Beijing 2026,China,Pro Women,25-29,91,16,1:35:08,CHN
Beijing 2026,China,Pro Women,35-39,92,23,1:35:32,CHN
Beijing 2026,China,Pro Women,30-34,93,27,1:36:03,CHN
Beijing 2026,China,Pro Women,35-39,94,24,1:36:12,CHN
Beijing 2026,China,Pro Women,30-34,95,28,1:36:19,CHN
Beijing 2026,China,Pro Women,50-54,96,6,1:36:28,CHN
Beijing 2026,China,Pro Women,35-39,97,25,1:36:30,KOR
Beijing 2026,China,Pro Women,40-44,98,10,1:36:35,CHN
Beijing 2026,China,Pro Women,25-29,99,17,1:36:40,CHN
Beijing 2026,China,Pro Women,55-59,100,2,1:36:53,CHN
Bangkok II 2026,Thailand,Open Men,16-24,1,1,0:58:15,NED
Bangkok II 2026,Thailand,Open Men,16-24,2,2,0:58:26,NZL
Bangkok II 2026,Thailand,Open Men,30-34,3,1,0:58:28,KOR
Bangkok II 2026,Thailand,Open Men,30-34,4,2,0:58:52,NZL
Bangkok II 2026,Thailand,Open Men,30-34,5,3,0:59:11,THA
Bangkok II 2026,Thailand,Open Men,35-39,6,1,0:59:16,KOR
Bangkok II 2026,Thailand,Open Men,40-44,7,1,0:59:16,THA
Bangkok II 2026,Thailand,Open Men,30-34,8,4,0:59:26,KOR
Bangkok II 2026,Thailand,Open Men,40-44,9,2,0:59:40,CHN
Bangkok II 2026,Thailand,Open Men,35-39,10,2,1:00:04,NED
Bangkok II 2026,Thailand,Open Men,30-34,11,5,1:00:10,GBR
Bangkok II 2026,Thailand,Open Men,35-39,12,3,1:00:23,MAS
Bangkok II 2026,Thailand,Open Men,40-44,13,3,1:00:52,AUS
Bangkok II 2026,Thailand,Open Men,30-34,14,6,1:00:53,THA
Bangkok II 2026,Thailand,Open Men,25-29,15,1,1:01:24,THA
Bangkok II 2026,Thailand,Open Men,30-34,16,7,1:01:28,KOR
Bangkok II 2026,Thailand,Open Men,40-44,17,4,1:01:36,AUS
Bangkok II 2026,Thailand,Open Men,16-24,18,3,1:01:47,GBR
Bangkok II 2026,Thailand,Open Men,35-39,19,4,1:01:52,GBR
Bangkok II 2026,Thailand,Open Men,40-44,20,5,1:01:58,KOR
Bangkok II 2026,Thailand,Open Men,16-24,21,4,1:02:03,KOR
Bangkok II 2026,Thailand,Open Men,30-34,22,8,1:02:07,THA
Bangkok II 2026,Thailand,Open Men,25-29,23,2,1:02:13,FRA
Bangkok II 2026,Thailand,Open Men,35-39,24,5,1:02:18,ITA
Bangkok II 2026,Thailand,Open Men,25-29,25,3,1:02:52,PHI
Bangkok II 2026,Thailand,Open Men,35-39,26,6,1:03:47,SIN
Bangkok II 2026,Thailand,Open Men,25-29,27,4,1:03:55,GBR
Bangkok II 2026,Thailand,Open Men,45-49,28,1,1:03:56,KOR
Bangkok II 2026,Thailand,Open Men,30-34,29,9,1:03:59,MAS
Bangkok II 2026,Thailand,Open Men,40-44,30,6,1:04:03,THA
Bangkok II 2026,Thailand,Open Men,40-44,31,7,1:04:08,THA
Bangkok II 2026,Thailand,Open Men,25-29,32,5,1:04:36,INA
Bangkok II 2026,Thailand,Open Men,40-44,33,8,1:04:48,MEX
Bangkok II 2026,Thailand,Open Men,35-39,34,7,1:04:53,FRA
Bangkok II 2026,Thailand,Open Men,35-39,35,8,1:04:54,USA
Bangkok II 2026,Thailand,Open Men,16-24,36,5,1:04:57,KOR
Bangkok II 2026,Thailand,Open Men,16-24,37,6,1:05:03,KOR
Bangkok II 2026,Thailand,Open Men,35-39,38,9,1:05:08,SIN
Bangkok II 2026,Thailand,Open Men,35-39,39,10,1:05:12,FRA
Bangkok II 2026,Thailand,Open Men,30-34,40,10,1:05:15,KOR
Bangkok II 2026,Thailand,Open Men,40-44,41,9,1:05:16,ITA
Bangkok II 2026,Thailand,Open Men,30-34,42,11,1:05:28,KOR
Bangkok II 2026,Thailand,Open Men,30-34,43,12,1:05:33,RUS
Bangkok II 2026,Thailand,Open Men,30-34,44,13,1:05:37,PHI
Bangkok II 2026,Thailand,Open Men,45-49,45,2,1:05:40,SUI
Bangkok II 2026,Thailand,Open Men,40-44,46,10,1:05:42,KOR
Bangkok II 2026,Thailand,Open Men,35-39,47,11,1:05:45,USA
Bangkok II 2026,Thailand,Open Men,16-24,48,7,1:05:53,PHI
Bangkok II 2026,Thailand,Open Men,30-34,49,14,1:05:57,KOR
Bangkok II 2026,Thailand,Open Men,30-34,50,15,1:05:58,USA
Bangkok II 2026,Thailand,Open Men,40-44,51,11,1:06:15,USA
Bangkok II 2026,Thailand,Open Men,30-34,52,16,1:06:18,KOR
Bangkok II 2026,Thailand,Open Men,40-44,53,12,1:06:22,KOR
Bangkok II 2026,Thailand,Open Men,30-34,54,17,1:06:28,GBR
Bangkok II 2026,Thailand,Open Men,35-39,55,12,1:06:33,THA
Bangkok II 2026,Thailand,Open Men,35-39,56,13,1:06:33,AUS
Bangkok II 2026,Thailand,Open Men,40-44,57,13,1:06:39,AUS
Bangkok II 2026,Thailand,Open Men,30-34,58,18,1:06:50,IND
Bangkok II 2026,Thailand,Open Men,30-34,59,19,1:06:50,KOR
Bangkok II 2026,Thailand,Open Men,35-39,60,14,1:06:52,AUS
Bangkok II 2026,Thailand,Open Men,30-34,61,20,1:06:55,KOR
Bangkok II 2026,Thailand,Open Men,30-34,62,21,1:07:07,HKG
Bangkok II 2026,Thailand,Open Men,40-44,63,14,1:07:09,USA
Bangkok II 2026,Thailand,Open Men,30-34,64,22,1:07:12,HKG
Bangkok II 2026,Thailand,Open Men,35-39,65,15,1:07:14,IRQ
Bangkok II 2026,Thailand,Open Men,16-24,66,8,1:07:15,KOR
Bangkok II 2026,Thailand,Open Men,30-34,67,23,1:07:16,CAN
Bangkok II 2026,Thailand,Open Men,25-29,68,6,1:07:17,GBR
Bangkok II 2026,Thailand,Open Men,35-39,69,16,1:07:29,FRA
Bangkok II 2026,Thailand,Open Men,25-29,70,7,1:07:35,GBR
Bangkok II 2026,Thailand,Open Men,30-34,71,24,1:07:35,THA
Bangkok II 2026,Thailand,Open Men,25-29,72,8,1:07:37,PHI
Bangkok II 2026,Thailand,Open Men,35-39,73,17,1:07:39,SIN
Bangkok II 2026,Thailand,Open Men,35-39,74,18,1:07:42,SRI
Bangkok II 2026,Thailand,Open Men,25-29,75,9,1:07:42,THA
Bangkok II 2026,Thailand,Open Men,25-29,76,10,1:07:46,THA
Bangkok II 2026,Thailand,Open Men,40-44,77,15,1:07:49,USA
Bangkok II 2026,Thailand,Open Men,35-39,78,19,1:08:00,KOR
Bangkok II 2026,Thailand,Open Men,30-34,79,25,1:08:11,PHI
Bangkok II 2026,Thailand,Open Men,30-34,80,26,1:08:16,GER
Bangkok II 2026,Thailand,Open Men,40-44,81,16,1:08:17,JPN
Bangkok II 2026,Thailand,Open Men,25-29,82,11,1:08:19,MYA
Bangkok II 2026,Thailand,Open Men,16-24,83,9,1:08:24,THA
Bangkok II 2026,Thailand,Open Men,25-29,84,12,1:08:27,THA
Bangkok II 2026,Thailand,Open Men,16-24,85,10,1:08:28,THA
Bangkok II 2026,Thailand,Open Men,30-34,86,27,1:08:38,CHN
Bangkok II 2026,Thailand,Open Men,35-39,87,20,1:08:39,GBR
Bangkok II 2026,Thailand,Open Men,35-39,88,21,1:08:48,MAS
Bangkok II 2026,Thailand,Open Men,40-44,89,17,1:08:50,BEL
Bangkok II 2026,Thailand,Open Men,30-34,90,28,1:08:58,MEX
Bangkok II 2026,Thailand,Open Men,16-24,91,11,1:09:01,THA
Bangkok II 2026,Thailand,Open Men,35-39,92,22,1:09:07,RSA
Bangkok II 2026,Thailand,Open Men,25-29,93,13,1:09:08,THA
Bangkok II 2026,Thailand,Open Men,45-49,94,3,1:09:12,COK
Bangkok II 2026,Thailand,Open Men,30-34,95,29,1:09:14,IRL
Bangkok II 2026,Thailand,Open Men,25-29,96,14,1:09:21,THA
Bangkok II 2026,Thailand,Open Men,30-34,97,30,1:09:25,MAR
Bangkok II 2026,Thailand,Open Men,25-29,98,15,1:09:39,INA
Bangkok II 2026,Thailand,Open Men,30-34,99,31,1:09:40,THA
Bangkok II 2026,Thailand,Open Men,30-34,100,32,1:09:40,RSA
Bangkok II 2026,Thailand,Pro Men,30-34,1,1,0:55:49,NZL
Bangkok II 2026,Thailand,Pro Men,25-29,2,1,0:58:11,ENG
Bangkok II 2026,Thailand,Pro Men,25-29,3,2,1:00:04,ENG
Bangkok II 2026,Thailand,Pro Men,25-29,4,3,1:00:32,GBR
Bangkok II 2026,Thailand,Pro Men,35-39,5,1,1:01:53,AUS
Bangkok II 2026,Thailand,Pro Men,25-29,6,4,1:02:26,NZL
Bangkok II 2026,Thailand,Pro Men,16-24,7,1,1:03:44,AUS
Bangkok II 2026,Thailand,Pro Men,25-29,8,5,1:03:54,JPN
Bangkok II 2026,Thailand,Pro Men,30-34,9,2,1:04:09,GBR
Bangkok II 2026,Thailand,Pro Men,30-34,10,3,1:04:57,FRA
Bangkok II 2026,Thailand,Pro Men,40-44,11,1,1:05:28,JPN
Bangkok II 2026,Thailand,Pro Men,45-49,12,1,1:05:57,NZL
Bangkok II 2026,Thailand,Pro Men,30-34,13,4,1:06:48,USA
Bangkok II 2026,Thailand,Pro Men,25-29,14,6,1:07:41,USA
Bangkok II 2026,Thailand,Pro Men,35-39,15,2,1:08:03,FRA
Bangkok II 2026,Thailand,Pro Men,30-34,16,5,1:08:14,AUS
Bangkok II 2026,Thailand,Pro Men,25-29,17,7,1:08:16,KOR
Bangkok II 2026,Thailand,Pro Men,40-44,18,2,1:09:00,TUR
Bangkok II 2026,Thailand,Pro Men,45-49,19,2,1:09:33,CAN
Bangkok II 2026,Thailand,Pro Men,40-44,20,3,1:10:30,THA
Bangkok II 2026,Thailand,Pro Men,40-44,21,4,1:10:32,AUS
Bangkok II 2026,Thailand,Pro Men,35-39,22,3,1:10:43,AUS
Bangkok II 2026,Thailand,Pro Men,25-29,23,8,1:12:30,NZL
Bangkok II 2026,Thailand,Pro Men,35-39,24,4,1:12:37,RUS
Bangkok II 2026,Thailand,Pro Men,35-39,25,5,1:12:39,JPN
Bangkok II 2026,Thailand,Pro Men,30-34,26,6,1:12:53,SIN
Bangkok II 2026,Thailand,Pro Men,30-34,27,7,1:12:55,TPE
Bangkok II 2026,Thailand,Pro Men,45-49,28,3,1:13:44,GER
Bangkok II 2026,Thailand,Pro Men,40-44,29,5,1:14:08,GBR
Bangkok II 2026,Thailand,Pro Men,40-44,30,6,1:15:38,USA
Bangkok II 2026,Thailand,Pro Men,25-29,31,9,1:17:09,TPE
Bangkok II 2026,Thailand,Pro Men,50-54,32,1,1:18:05,CZE
Bangkok II 2026,Thailand,Pro Men,55-59,33,1,1:18:19,USA
Bangkok II 2026,Thailand,Pro Men,30-34,34,8,1:18:39,THA
Bangkok II 2026,Thailand,Pro Men,30-34,35,9,1:18:47,THA
Bangkok II 2026,Thailand,Pro Men,25-29,36,10,1:18:56,KOR
Bangkok II 2026,Thailand,Pro Men,25-29,37,11,1:19:09,THA
Bangkok II 2026,Thailand,Pro Men,35-39,38,6,1:19:26,NED
Bangkok II 2026,Thailand,Pro Men,35-39,39,7,1:19:58,CHN
Bangkok II 2026,Thailand,Pro Men,25-29,40,12,1:20:23,THA
Bangkok II 2026,Thailand,Pro Men,16-24,41,2,1:21:40,THA
Bangkok II 2026,Thailand,Pro Men,25-29,42,13,1:21:43,FRA
Bangkok II 2026,Thailand,Pro Men,30-34,43,10,1:21:43,CAN
Bangkok II 2026,Thailand,Pro Men,35-39,44,8,1:22:17,THA
Bangkok II 2026,Thailand,Pro Men,30-34,45,11,1:22:28,TPE
Bangkok II 2026,Thailand,Pro Men,35-39,46,9,1:22:28,GBR
Bangkok II 2026,Thailand,Pro Men,30-34,47,12,1:24:19,USA
Bangkok II 2026,Thailand,Pro Men,30-34,48,13,1:24:41,THA
Bangkok II 2026,Thailand,Pro Men,30-34,49,14,1:25:17,THA
Bangkok II 2026,Thailand,Pro Men,16-24,50,3,1:25:28,GER
Bangkok II 2026,Thailand,Pro Men,45-49,51,4,1:25:40,RUS
Bangkok II 2026,Thailand,Pro Men,30-34,52,15,1:26:16,THA
Bangkok II 2026,Thailand,Pro Men,25-29,53,14,1:26:35,KOR
Bangkok II 2026,Thailand,Pro Men,35-39,54,10,1:26:43,GBR
Bangkok II 2026,Thailand,Pro Men,35-39,55,11,1:27:51,FRA
Bangkok II 2026,Thailand,Pro Men,45-49,56,5,1:28:14,GBR
Bangkok II 2026,Thailand,Pro Men,25-29,57,15,1:28:42,THA
Bangkok II 2026,Thailand,Pro Men,16-24,58,4,1:28:45,THA
Bangkok II 2026,Thailand,Pro Men,30-34,59,16,1:30:51,SIN
Bangkok II 2026,Thailand,Pro Men,30-34,60,17,1:31:00,TPE
Bangkok II 2026,Thailand,Pro Men,35-39,61,12,1:31:58,GER
Bangkok II 2026,Thailand,Pro Men,30-34,62,18,1:32:25,THA
Bangkok II 2026,Thailand,Pro Men,45-49,63,6,1:32:55,MAS
Bangkok II 2026,Thailand,Pro Men,30-34,64,19,1:33:01,GER
Bangkok II 2026,Thailand,Pro Men,16-24,65,5,1:33:14,JPN
Bangkok II 2026,Thailand,Pro Men,30-34,66,20,1:33:37,SIN
Bangkok II 2026,Thailand,Pro Men,30-34,67,21,1:33:54,SIN
Bangkok II 2026,Thailand,Pro Men,30-34,68,22,1:35:27,THA
Bangkok II 2026,Thailand,Pro Men,30-34,69,23,1:35:33,RSA
Bangkok II 2026,Thailand,Pro Men,35-39,70,13,1:35:52,THA
Bangkok II 2026,Thailand,Pro Men,40-44,71,7,1:36:02,CHN
Bangkok II 2026,Thailand,Pro Men,25-29,72,16,1:36:15,IND
Bangkok II 2026,Thailand,Pro Men,35-39,73,14,1:36:32,THA
Bangkok II 2026,Thailand,Pro Men,40-44,74,8,1:36:46,THA
Bangkok II 2026,Thailand,Pro Men,45-49,75,7,1:38:11,THA
Bangkok II 2026,Thailand,Pro Men,30-34,76,24,1:38:16,HKG
Bangkok II 2026,Thailand,Pro Men,30-34,77,25,1:38:21,GBR
Bangkok II 2026,Thailand,Pro Men,30-34,78,26,1:38:33,THA
Bangkok II 2026,Thailand,Pro Men,30-34,79,27,1:38:48,THA
Bangkok II 2026,Thailand,Pro Men,25-29,80,17,1:40:36,IND
Bangkok II 2026,Thailand,Pro Men,25-29,81,18,1:41:18,THA
Bangkok II 2026,Thailand,Pro Men,25-29,82,19,1:41:33,THA
Bangkok II 2026,Thailand,Pro Men,25-29,83,20,1:41:45,MAS
Bangkok II 2026,Thailand,Pro Men,25-29,84,21,1:42:34,THA
Bangkok II 2026,Thailand,Pro Men,25-29,85,22,1:42:35,THA
Bangkok II 2026,Thailand,Pro Men,30-34,86,28,1:43:01,AUS
Bangkok II 2026,Thailand,Pro Men,25-29,87,23,1:44:01,THA
Bangkok II 2026,Thailand,Pro Men,40-44,88,9,1:44:17,SIN
Bangkok II 2026,Thailand,Pro Men,45-49,89,8,1:45:15,SIN
Bangkok II 2026,Thailand,Pro Men,16-24,90,6,1:45:36,THA
Bangkok II 2026,Thailand,Pro Men,30-34,91,29,1:45:59,SIN
Bangkok II 2026,Thailand,Pro Men,25-29,92,24,1:45:59,THA
Bangkok II 2026,Thailand,Pro Men,16-24,93,7,1:46:01,SIN
Bangkok II 2026,Thailand,Pro Men,35-39,94,15,1:46:11,CAN
Bangkok II 2026,Thailand,Pro Men,16-24,95,8,1:46:20,KOR
Bangkok II 2026,Thailand,Pro Men,30-34,96,30,1:47:21,IND
Bangkok II 2026,Thailand,Pro Men,40-44,97,10,1:47:47,AUS
Bangkok II 2026,Thailand,Pro Men,30-34,98,31,1:48:03,PHI
Bangkok II 2026,Thailand,Pro Men,45-49,99,9,1:48:10,THA
Bangkok II 2026,Thailand,Pro Men,40-44,100,11,1:51:00,RUS
Bangkok II 2026,Thailand,Open Women,16-24,1,1,1:07:26,PER
Bangkok II 2026,Thailand,Open Women,30-34,2,1,1:08:19,THA
Bangkok II 2026,Thailand,Open Women,25-29,3,1,1:08:35,INA
Bangkok II 2026,Thailand,Open Women,25-29,4,2,1:08:49,KUW
Bangkok II 2026,Thailand,Open Women,25-29,5,3,1:09:53,ITA
Bangkok II 2026,Thailand,Open Women,16-24,6,2,1:10:18,NZL
Bangkok II 2026,Thailand,Open Women,25-29,7,4,1:10:22,TPE
Bangkok II 2026,Thailand,Open Women,30-34,8,2,1:11:14,AUS
Bangkok II 2026,Thailand,Open Women,45-49,9,1,1:12:15,MAS
Bangkok II 2026,Thailand,Open Women,45-49,10,2,1:12:23,THA
Bangkok II 2026,Thailand,Open Women,30-34,11,3,1:13:31,SUI
Bangkok II 2026,Thailand,Open Women,35-39,12,1,1:14:00,AUS
Bangkok II 2026,Thailand,Open Women,30-34,13,4,1:14:19,CHN
Bangkok II 2026,Thailand,Open Women,30-34,14,5,1:14:28,NOR
Bangkok II 2026,Thailand,Open Women,40-44,15,1,1:14:36,GBR
Bangkok II 2026,Thailand,Open Women,35-39,16,2,1:14:37,NZL
Bangkok II 2026,Thailand,Open Women,35-39,17,3,1:14:46,THA
Bangkok II 2026,Thailand,Open Women,35-39,18,4,1:15:04,IRL
Bangkok II 2026,Thailand,Open Women,25-29,19,5,1:15:31,JPN
Bangkok II 2026,Thailand,Open Women,40-44,20,2,1:15:32,JPN
Bangkok II 2026,Thailand,Open Women,30-34,21,6,1:16:03,MAS
Bangkok II 2026,Thailand,Open Women,35-39,22,5,1:16:15,THA
Bangkok II 2026,Thailand,Open Women,25-29,23,6,1:16:35,FRA
Bangkok II 2026,Thailand,Open Women,16-24,24,3,1:16:49,GBR
Bangkok II 2026,Thailand,Open Women,45-49,25,3,1:16:52,PHI
Bangkok II 2026,Thailand,Open Women,35-39,26,6,1:16:57,SIN
Bangkok II 2026,Thailand,Open Women,16-24,27,4,1:16:59,BRA
Bangkok II 2026,Thailand,Open Women,35-39,28,7,1:17:01,RUS
Bangkok II 2026,Thailand,Open Women,45-49,29,4,1:17:25,THA
Bangkok II 2026,Thailand,Open Women,35-39,30,8,1:17:32,RSA
Bangkok II 2026,Thailand,Open Women,16-24,31,5,1:17:34,THA
Bangkok II 2026,Thailand,Open Women,30-34,32,7,1:18:03,THA
Bangkok II 2026,Thailand,Open Women,35-39,33,9,1:18:42,HKG
Bangkok II 2026,Thailand,Open Women,35-39,34,10,1:18:45,VIE
Bangkok II 2026,Thailand,Open Women,35-39,35,11,1:18:51,RSA
Bangkok II 2026,Thailand,Open Women,35-39,36,12,1:18:55,PHI
Bangkok II 2026,Thailand,Open Women,35-39,37,13,1:19:07,THA
Bangkok II 2026,Thailand,Open Women,45-49,38,5,1:19:08,JPN
Bangkok II 2026,Thailand,Open Women,30-34,39,8,1:19:19,THA
Bangkok II 2026,Thailand,Open Women,35-39,40,14,1:19:20,KOR
Bangkok II 2026,Thailand,Open Women,25-29,41,7,1:19:30,THA
Bangkok II 2026,Thailand,Open Women,16-24,42,6,1:19:32,MAS
Bangkok II 2026,Thailand,Open Women,35-39,43,15,1:19:49,HKG
Bangkok II 2026,Thailand,Open Women,40-44,44,3,1:19:53,THA
Bangkok II 2026,Thailand,Open Women,16-24,45,7,1:19:58,SIN
Bangkok II 2026,Thailand,Open Women,25-29,46,8,1:20:00,GER
Bangkok II 2026,Thailand,Open Women,25-29,47,9,1:20:01,CZE
Bangkok II 2026,Thailand,Open Women,25-29,48,10,1:20:10,THA
Bangkok II 2026,Thailand,Open Women,25-29,49,11,1:20:27,MAS
Bangkok II 2026,Thailand,Open Women,16-24,50,8,1:20:34,SIN
Bangkok II 2026,Thailand,Open Women,25-29,51,12,1:20:41,THA
Bangkok II 2026,Thailand,Open Women,30-34,52,9,1:20:49,THA
Bangkok II 2026,Thailand,Open Women,16-24,53,9,1:21:04,IRL
Bangkok II 2026,Thailand,Open Women,30-34,54,10,1:21:08,THA
Bangkok II 2026,Thailand,Open Women,35-39,55,16,1:21:15,PHI
Bangkok II 2026,Thailand,Open Women,30-34,56,11,1:21:25,THA
Bangkok II 2026,Thailand,Open Women,30-34,57,12,1:21:31,KOR
Bangkok II 2026,Thailand,Open Women,45-49,58,6,1:21:37,SIN
Bangkok II 2026,Thailand,Open Women,30-34,59,13,1:21:44,CHN
Bangkok II 2026,Thailand,Open Women,35-39,60,17,1:21:46,FRA
Bangkok II 2026,Thailand,Open Women,30-34,61,14,1:21:57,MAS
Bangkok II 2026,Thailand,Open Women,25-29,62,13,1:22:03,THA
Bangkok II 2026,Thailand,Open Women,25-29,63,14,1:22:04,THA
Bangkok II 2026,Thailand,Open Women,45-49,64,7,1:22:11,JPN
Bangkok II 2026,Thailand,Open Women,40-44,65,4,1:22:13,POR
Bangkok II 2026,Thailand,Open Women,16-24,66,10,1:22:24,THA
Bangkok II 2026,Thailand,Open Women,40-44,67,5,1:22:39,NZL
Bangkok II 2026,Thailand,Open Women,35-39,68,18,1:22:42,THA
Bangkok II 2026,Thailand,Open Women,30-34,69,15,1:22:45,THA
Bangkok II 2026,Thailand,Open Women,16-24,70,11,1:22:47,GER
Bangkok II 2026,Thailand,Open Women,25-29,71,15,1:22:47,SUI
Bangkok II 2026,Thailand,Open Women,40-44,72,6,1:23:00,THA
Bangkok II 2026,Thailand,Open Women,35-39,73,19,1:23:08,THA
Bangkok II 2026,Thailand,Open Women,25-29,74,16,1:23:10,HKG
Bangkok II 2026,Thailand,Open Women,25-29,75,17,1:23:13,THA
Bangkok II 2026,Thailand,Open Women,25-29,76,18,1:23:19,PHI
Bangkok II 2026,Thailand,Open Women,25-29,77,19,1:23:25,INA
Bangkok II 2026,Thailand,Open Women,30-34,78,16,1:23:37,INA
Bangkok II 2026,Thailand,Open Women,40-44,79,7,1:23:43,THA
Bangkok II 2026,Thailand,Open Women,25-29,80,20,1:23:45,KOR
Bangkok II 2026,Thailand,Open Women,25-29,81,21,1:23:46,NED
Bangkok II 2026,Thailand,Open Women,40-44,82,8,1:23:52,MAS
Bangkok II 2026,Thailand,Open Women,45-49,83,8,1:23:52,IRL
Bangkok II 2026,Thailand,Open Women,35-39,84,20,1:23:54,KOR
Bangkok II 2026,Thailand,Open Women,25-29,85,22,1:24:01,ITA
Bangkok II 2026,Thailand,Open Women,25-29,86,23,1:24:08,NEP
Bangkok II 2026,Thailand,Open Women,35-39,87,21,1:24:16,PHI
Bangkok II 2026,Thailand,Open Women,40-44,88,9,1:24:18,THA
Bangkok II 2026,Thailand,Open Women,50-54,89,1,1:24:20,THA
Bangkok II 2026,Thailand,Open Women,45-49,90,9,1:24:21,THA
Bangkok II 2026,Thailand,Open Women,40-44,91,10,1:24:23,THA
Bangkok II 2026,Thailand,Open Women,30-34,92,17,1:24:27,THA
Bangkok II 2026,Thailand,Open Women,30-34,93,18,1:24:31,THA
Bangkok II 2026,Thailand,Open Women,30-34,94,19,1:24:33,THA
Bangkok II 2026,Thailand,Open Women,40-44,95,11,1:24:37,THA
Bangkok II 2026,Thailand,Open Women,35-39,96,22,1:25:02,CHN
Bangkok II 2026,Thailand,Open Women,45-49,97,10,1:25:04,THA
Bangkok II 2026,Thailand,Open Women,30-34,98,20,1:25:05,SIN
Bangkok II 2026,Thailand,Open Women,30-34,99,21,1:25:11,SIN
Bangkok II 2026,Thailand,Open Women,35-39,100,23,1:25:16,THA
Bangkok II 2026,Thailand,Pro Women,30-34,1,1,1:01:31,NZL
Bangkok II 2026,Thailand,Pro Women,30-34,2,2,1:04:21,AUT
Bangkok II 2026,Thailand,Pro Women,25-29,3,1,1:05:18,CAN
Bangkok II 2026,Thailand,Pro Women,30-34,4,3,1:06:21,JPN
Bangkok II 2026,Thailand,Pro Women,40-44,5,1,1:08:58,FRA
Bangkok II 2026,Thailand,Pro Women,30-34,6,4,1:09:00,THA
Bangkok II 2026,Thailand,Pro Women,30-34,7,5,1:09:30,GBR
Bangkok II 2026,Thailand,Pro Women,35-39,8,1,1:10:16,AUS
Bangkok II 2026,Thailand,Pro Women,30-34,9,6,1:10:30,MAR
Bangkok II 2026,Thailand,Pro Women,16-24,10,1,1:11:41,NED
Bangkok II 2026,Thailand,Pro Women,35-39,11,2,1:12:37,AUS
Bangkok II 2026,Thailand,Pro Women,30-34,12,7,1:12:47,SIN
Bangkok II 2026,Thailand,Pro Women,30-34,13,8,1:12:56,KOR
Bangkok II 2026,Thailand,Pro Women,25-29,14,2,1:13:18,KGZ
Bangkok II 2026,Thailand,Pro Women,30-34,15,9,1:15:42,GBR
Bangkok II 2026,Thailand,Pro Women,25-29,16,3,1:16:19,KOR
Bangkok II 2026,Thailand,Pro Women,45-49,17,1,1:16:44,GBR
Bangkok II 2026,Thailand,Pro Women,30-34,18,10,1:17:14,GER
Bangkok II 2026,Thailand,Pro Women,25-29,19,4,1:17:56,THA
Bangkok II 2026,Thailand,Pro Women,45-49,20,2,1:19:31,GBR
Bangkok II 2026,Thailand,Pro Women,30-34,21,11,1:19:55,THA
Bangkok II 2026,Thailand,Pro Women,35-39,22,3,1:21:12,HKG
Bangkok II 2026,Thailand,Pro Women,30-34,23,12,1:22:12,KOR
Bangkok II 2026,Thailand,Pro Women,16-24,24,2,1:22:48,FIN
Bangkok II 2026,Thailand,Pro Women,30-34,25,13,1:23:46,GER
Bangkok II 2026,Thailand,Pro Women,30-34,26,14,1:24:03,HKG
Bangkok II 2026,Thailand,Pro Women,40-44,27,2,1:24:41,JPN
Bangkok II 2026,Thailand,Pro Women,30-34,28,15,1:25:15,FRA
Bangkok II 2026,Thailand,Pro Women,40-44,29,3,1:25:34,AUS
Bangkok II 2026,Thailand,Pro Women,35-39,30,4,1:26:25,CHN
Bangkok II 2026,Thailand,Pro Women,30-34,31,16,1:28:02,CHN
Bangkok II 2026,Thailand,Pro Women,25-29,32,5,1:28:26,THA
Bangkok II 2026,Thailand,Pro Women,16-24,33,3,1:29:28,BRA
Bangkok II 2026,Thailand,Pro Women,35-39,34,5,1:32:07,INA
Bangkok II 2026,Thailand,Pro Women,30-34,35,17,1:33:42,TPE
Bangkok II 2026,Thailand,Pro Women,30-34,36,18,1:33:44,RUS
Bangkok II 2026,Thailand,Pro Women,50-54,37,1,1:33:56,THA
Bangkok II 2026,Thailand,Pro Women,35-39,38,6,1:34:01,KOR
Bangkok II 2026,Thailand,Pro Women,35-39,39,7,1:34:09,THA
Bangkok II 2026,Thailand,Pro Women,30-34,40,19,1:34:10,GBR
Bangkok II 2026,Thailand,Pro Women,35-39,41,8,1:34:20,HKG
Bangkok II 2026,Thailand,Pro Women,40-44,42,4,1:34:35,SIN
Bangkok II 2026,Thailand,Pro Women,45-49,43,3,1:34:36,THA
Bangkok II 2026,Thailand,Pro Women,35-39,44,9,1:36:13,THA
Bangkok II 2026,Thailand,Pro Women,40-44,45,5,1:37:25,THA
Bangkok II 2026,Thailand,Pro Women,25-29,46,6,1:38:04,THA
Bangkok II 2026,Thailand,Pro Women,40-44,47,6,1:38:41,GBR
Bangkok II 2026,Thailand,Pro Women,40-44,48,7,1:39:34,MAS
Bangkok II 2026,Thailand,Pro Women,30-34,49,20,1:39:40,CHN
Bangkok II 2026,Thailand,Pro Women,25-29,50,7,1:39:46,MAS
Bangkok II 2026,Thailand,Pro Women,30-34,51,21,1:43:46,IND
Bangkok II 2026,Thailand,Pro Women,35-39,52,10,1:45:31,THA
Bangkok II 2026,Thailand,Pro Women,30-34,53,22,1:45:51,LAO
Bangkok II 2026,Thailand,Pro Women,40-44,54,8,1:45:57,LES
Bangkok II 2026,Thailand,Pro Women,35-39,55,11,1:46:11,KOR
Bangkok II 2026,Thailand,Pro Women,25-29,56,8,1:46:55,PHI
Bangkok II 2026,Thailand,Pro Women,45-49,57,4,1:47:59,GBR
Bangkok II 2026,Thailand,Pro Women,30-34,58,23,1:48:11,FRA
Bangkok II 2026,Thailand,Pro Women,25-29,59,9,1:49:42,IND
Bangkok II 2026,Thailand,Pro Women,30-34,60,24,1:50:54,THA
Bangkok II 2026,Thailand,Pro Women,50-54,61,2,1:54:42,VIE
Bangkok II 2026,Thailand,Pro Women,40-44,62,9,1:54:43,USA
Bangkok II 2026,Thailand,Pro Women,45-49,63,5,1:54:46,THA
Bangkok II 2026,Thailand,Pro Women,40-44,64,10,1:55:38,SIN
Bangkok II 2026,Thailand,Pro Women,40-44,65,11,1:56:54,THA
Bangkok II 2026,Thailand,Pro Women,30-34,66,25,1:58:03,THA
Bangkok II 2026,Thailand,Pro Women,45-49,67,6,1:58:31,THA
Bangkok II 2026,Thailand,Pro Women,40-44,68,12,1:58:38,THA
Bangkok II 2026,Thailand,Pro Women,30-34,69,26,2:03:07,THA
Bangkok II 2026,Thailand,Pro Women,45-49,70,7,2:04:08,THA
Bangkok II 2026,Thailand,Pro Women,45-49,71,8,2:04:20,PHI
Bangkok II 2026,Thailand,Pro Women,45-49,72,9,2:04:33,CHN
Bangkok II 2026,Thailand,Pro Women,25-29,73,10,2:09:33,THA
Bangkok II 2026,Thailand,Pro Women,30-34,74,27,2:10:14,THA
Bangkok II 2026,Thailand,Pro Women,16-24,75,4,2:12:10,IND
Bangkok II 2026,Thailand,Pro Women,30-34,76,28,2:14:00,THA
Bangkok II 2026,Thailand,Pro Women,40-44,77,13,2:15:00,SIN
Bangkok II 2026,Thailand,Pro Women,30-34,78,29,2:26:59,THA
Bangkok II 2026,Thailand,Pro Women,35-39,79,12,2:42:36,THA
Bangkok II 2026,Thailand,Pro Women,30-34,80,30,3:00:10,PHI
Bangkok II 2026,Thailand,Pro Women,40-44,81,14,3:06:18,USA
Bangkok II 2026,Thailand,Pro Women,50-54,82,3,3:29:32,THA
Chiba 2026,Japan,Open Men,16-24,1,1,0:57:26,KOR
Chiba 2026,Japan,Open Men,35-39,2,1,0:59:44,JPN
Chiba 2026,Japan,Open Men,30-34,3,1,1:00:20,KOR
Chiba 2026,Japan,Open Men,35-39,4,2,1:00:45,AUS
Chiba 2026,Japan,Open Men,25-29,5,1,1:00:56,JPN
Chiba 2026,Japan,Open Men,30-34,6,2,1:01:50,JPN
Chiba 2026,Japan,Open Men,30-34,7,3,1:02:16,HKG
Chiba 2026,Japan,Open Men,30-34,8,4,1:02:34,JPN
Chiba 2026,Japan,Open Men,25-29,9,2,1:03:10,JPN
Chiba 2026,Japan,Open Men,25-29,10,3,1:03:15,JPN
Chiba 2026,Japan,Open Men,30-34,11,5,1:03:24,JPN
Chiba 2026,Japan,Open Men,30-34,12,6,1:03:26,HKG
Chiba 2026,Japan,Open Men,30-34,13,7,1:03:32,JPN
Chiba 2026,Japan,Open Men,30-34,14,8,1:03:37,JPN
Chiba 2026,Japan,Open Men,30-34,15,9,1:03:42,KOR
Chiba 2026,Japan,Open Men,25-29,16,4,1:03:45,JPN
Chiba 2026,Japan,Open Men,35-39,17,3,1:03:52,KOR
Chiba 2026,Japan,Open Men,40-44,18,1,1:04:03,JPN
Chiba 2026,Japan,Open Men,35-39,19,4,1:04:04,SWE
Chiba 2026,Japan,Open Men,25-29,20,5,1:04:06,JPN
Chiba 2026,Japan,Open Men,16-24,21,2,1:04:08,JPN
Chiba 2026,Japan,Open Men,35-39,22,5,1:05:04,AUS
Chiba 2026,Japan,Open Men,16-24,23,3,1:05:08,JPN
Chiba 2026,Japan,Open Men,30-34,24,10,1:05:16,JPN
Chiba 2026,Japan,Open Men,30-34,25,11,1:05:19,KOR
Chiba 2026,Japan,Open Men,40-44,26,2,1:05:23,HKG
Chiba 2026,Japan,Open Men,30-34,27,12,1:05:35,JPN
Chiba 2026,Japan,Open Men,30-34,28,13,1:05:40,JPN
Chiba 2026,Japan,Open Men,25-29,29,6,1:05:41,JPN
Chiba 2026,Japan,Open Men,30-34,30,14,1:05:46,TPE
Chiba 2026,Japan,Open Men,25-29,31,7,1:06:13,JPN
Chiba 2026,Japan,Open Men,30-34,32,15,1:06:18,JPN
Chiba 2026,Japan,Open Men,25-29,33,8,1:06:22,JPN
Chiba 2026,Japan,Open Men,45-49,34,1,1:06:29,SUI
Chiba 2026,Japan,Open Men,35-39,35,6,1:06:51,JPN
Chiba 2026,Japan,Open Men,30-34,36,16,1:06:53,JPN
Chiba 2026,Japan,Open Men,30-34,37,17,1:06:56,HKG
Chiba 2026,Japan,Open Men,35-39,38,7,1:07:02,JPN
Chiba 2026,Japan,Open Men,35-39,39,8,1:07:14,IRL
Chiba 2026,Japan,Open Men,16-24,40,4,1:07:30,AUS
Chiba 2026,Japan,Open Men,35-39,41,9,1:07:35,JPN
Chiba 2026,Japan,Open Men,35-39,42,10,1:07:44,JPN
Chiba 2026,Japan,Open Men,30-34,43,18,1:07:44,JPN
Chiba 2026,Japan,Open Men,16-24,44,5,1:08:00,JPN
Chiba 2026,Japan,Open Men,25-29,45,9,1:08:08,JPN
Chiba 2026,Japan,Open Men,16-24,46,6,1:08:47,JPN
Chiba 2026,Japan,Open Men,30-34,47,19,1:08:58,JPN
Chiba 2026,Japan,Open Men,40-44,48,3,1:09:02,JPN
Chiba 2026,Japan,Open Men,35-39,49,11,1:09:03,JPN
Chiba 2026,Japan,Open Men,30-34,50,20,1:09:06,KOR
Chiba 2026,Japan,Open Men,25-29,51,10,1:09:07,JPN
Chiba 2026,Japan,Open Men,25-29,52,11,1:09:19,JPN
Chiba 2026,Japan,Open Men,16-24,53,7,1:09:25,PHI
Chiba 2026,Japan,Open Men,40-44,54,5,1:09:26,JPN
Chiba 2026,Japan,Open Men,40-44,55,4,1:09:26,JPN
Chiba 2026,Japan,Open Men,40-44,56,6,1:09:29,JPN
Chiba 2026,Japan,Open Men,40-44,57,7,1:09:30,JPN
Chiba 2026,Japan,Open Men,25-29,58,12,1:09:44,KOR
Chiba 2026,Japan,Open Men,25-29,59,13,1:09:55,JPN
Chiba 2026,Japan,Open Men,30-34,60,21,1:10:03,HKG
Chiba 2026,Japan,Open Men,25-29,61,14,1:10:08,KOR
Chiba 2026,Japan,Open Men,30-34,62,22,1:10:10,JPN
Chiba 2026,Japan,Open Men,30-34,63,23,1:10:10,JPN
Chiba 2026,Japan,Open Men,16-24,64,8,1:10:11,JPN
Chiba 2026,Japan,Open Men,30-34,65,24,1:10:16,JPN
Chiba 2026,Japan,Open Men,25-29,66,15,1:10:20,JPN
Chiba 2026,Japan,Open Men,25-29,67,16,1:10:22,JPN
Chiba 2026,Japan,Open Men,35-39,68,12,1:10:23,KOR
Chiba 2026,Japan,Open Men,25-29,69,18,1:10:25,JPN
Chiba 2026,Japan,Open Men,25-29,70,17,1:10:25,JPN
Chiba 2026,Japan,Open Men,40-44,71,8,1:10:28,JPN
Chiba 2026,Japan,Open Men,30-34,72,25,1:10:31,JPN
Chiba 2026,Japan,Open Men,25-29,73,19,1:10:33,JPN
Chiba 2026,Japan,Open Men,50-54,74,1,1:10:33,JPN
Chiba 2026,Japan,Open Men,25-29,75,20,1:10:43,JPN
Chiba 2026,Japan,Open Men,40-44,76,9,1:10:45,JPN
Chiba 2026,Japan,Open Men,25-29,77,21,1:10:45,JPN
Chiba 2026,Japan,Open Men,30-34,78,26,1:10:46,MAS
Chiba 2026,Japan,Open Men,40-44,79,10,1:10:49,JPN
Chiba 2026,Japan,Open Men,25-29,80,22,1:10:51,JPN
Chiba 2026,Japan,Open Men,25-29,81,23,1:10:52,JPN
Chiba 2026,Japan,Open Men,16-24,82,9,1:10:54,KOR
Chiba 2026,Japan,Open Men,30-34,83,27,1:10:55,JPN
Chiba 2026,Japan,Open Men,45-49,84,2,1:10:58,JPN
Chiba 2026,Japan,Open Men,40-44,85,11,1:11:02,JPN
Chiba 2026,Japan,Open Men,30-34,86,28,1:11:16,MAS
Chiba 2026,Japan,Open Men,25-29,87,24,1:11:18,RUS
Chiba 2026,Japan,Open Men,30-34,88,29,1:11:21,PHI
Chiba 2026,Japan,Open Men,35-39,89,13,1:11:25,JPN
Chiba 2026,Japan,Open Men,25-29,90,25,1:11:26,JPN
Chiba 2026,Japan,Open Men,25-29,91,26,1:11:29,JPN
Chiba 2026,Japan,Open Men,30-34,92,30,1:11:31,CAN
Chiba 2026,Japan,Open Men,25-29,93,27,1:11:34,JPN
Chiba 2026,Japan,Open Men,30-34,94,31,1:11:35,KOR
Chiba 2026,Japan,Open Men,16-24,95,10,1:11:37,JPN
Chiba 2026,Japan,Open Men,16-24,96,11,1:11:44,JPN
Chiba 2026,Japan,Open Men,30-34,97,32,1:11:56,JPN
Chiba 2026,Japan,Open Men,40-44,98,12,1:11:57,JPN
Chiba 2026,Japan,Open Men,25-29,99,28,1:11:59,JPN
Chiba 2026,Japan,Open Men,16-24,100,12,1:12:02,JPN
Chiba 2026,Japan,Pro Men,30-34,1,1,0:54:37,CAN
Chiba 2026,Japan,Pro Men,25-29,2,1,1:00:09,ENG
Chiba 2026,Japan,Pro Men,25-29,3,2,1:00:42,ENG
Chiba 2026,Japan,Pro Men,25-29,4,3,1:00:44,JPN
Chiba 2026,Japan,Pro Men,25-29,5,4,1:01:26,AUS
Chiba 2026,Japan,Pro Men,35-39,6,1,1:02:16,NZL
Chiba 2026,Japan,Pro Men,40-44,7,1,1:02:22,KOR
Chiba 2026,Japan,Pro Men,25-29,8,5,1:02:24,JPN
Chiba 2026,Japan,Pro Men,25-29,9,6,1:02:40,JPN
Chiba 2026,Japan,Pro Men,16-24,10,1,1:02:58,KOR
Chiba 2026,Japan,Pro Men,30-34,11,2,1:03:33,JPN
Chiba 2026,Japan,Pro Men,25-29,12,7,1:04:09,JPN
Chiba 2026,Japan,Pro Men,16-24,13,2,1:04:45,JPN
Chiba 2026,Japan,Pro Men,25-29,14,8,1:05:00,AUS
Chiba 2026,Japan,Pro Men,25-29,15,9,1:05:28,JPN
Chiba 2026,Japan,Pro Men,40-44,16,2,1:05:53,JPN
Chiba 2026,Japan,Pro Men,25-29,17,10,1:05:53,JPN
Chiba 2026,Japan,Pro Men,35-39,18,2,1:06:06,BRA
Chiba 2026,Japan,Pro Men,40-44,19,3,1:06:39,KOR
Chiba 2026,Japan,Pro Men,25-29,20,11,1:07:01,JPN
Chiba 2026,Japan,Pro Men,25-29,21,12,1:07:29,JPN
Chiba 2026,Japan,Pro Men,35-39,22,3,1:07:36,JPN
Chiba 2026,Japan,Pro Men,35-39,23,4,1:07:52,JPN
Chiba 2026,Japan,Pro Men,30-34,24,3,1:08:13,JPN
Chiba 2026,Japan,Pro Men,40-44,25,4,1:08:13,GBR
Chiba 2026,Japan,Pro Men,25-29,26,13,1:08:20,JPN
Chiba 2026,Japan,Pro Men,35-39,27,5,1:08:34,KOR
Chiba 2026,Japan,Pro Men,25-29,28,14,1:08:36,GBR
Chiba 2026,Japan,Pro Men,30-34,29,4,1:08:48,JPN
Chiba 2026,Japan,Pro Men,30-34,30,5,1:08:49,JPN
Chiba 2026,Japan,Pro Men,35-39,31,6,1:08:52,JPN
Chiba 2026,Japan,Pro Men,25-29,32,15,1:09:01,JPN
Chiba 2026,Japan,Pro Men,25-29,33,16,1:09:39,JPN
Chiba 2026,Japan,Pro Men,30-34,34,6,1:09:47,JPN
Chiba 2026,Japan,Pro Men,25-29,35,17,1:09:53,JPN
Chiba 2026,Japan,Pro Men,30-34,36,7,1:09:59,JPN
Chiba 2026,Japan,Pro Men,30-34,37,8,1:10:04,JPN
Chiba 2026,Japan,Pro Men,16-24,38,3,1:10:20,JPN
Chiba 2026,Japan,Pro Men,30-34,39,9,1:10:21,JPN
Chiba 2026,Japan,Pro Men,16-24,40,4,1:10:24,JPN
Chiba 2026,Japan,Pro Men,25-29,41,18,1:10:46,JPN
Chiba 2026,Japan,Pro Men,35-39,42,7,1:10:59,JPN
Chiba 2026,Japan,Pro Men,25-29,43,19,1:11:09,JPN
Chiba 2026,Japan,Pro Men,30-34,44,10,1:11:26,JPN
Chiba 2026,Japan,Pro Men,30-34,45,12,1:11:26,KOR
Chiba 2026,Japan,Pro Men,30-34,46,11,1:11:26,JPN
Chiba 2026,Japan,Pro Men,30-34,47,13,1:11:54,JPN
Chiba 2026,Japan,Pro Men,30-34,48,14,1:11:55,GER
Chiba 2026,Japan,Pro Men,30-34,49,15,1:12:05,JPN
Chiba 2026,Japan,Pro Men,25-29,50,20,1:12:37,FRA
Chiba 2026,Japan,Pro Men,25-29,51,21,1:12:55,JPN
Chiba 2026,Japan,Pro Men,40-44,52,5,1:13:01,JPN
Chiba 2026,Japan,Pro Men,25-29,53,22,1:13:43,JPN
Chiba 2026,Japan,Pro Men,35-39,54,8,1:13:58,JPN
Chiba 2026,Japan,Pro Men,25-29,55,23,1:14:03,JPN
Chiba 2026,Japan,Pro Men,30-34,56,16,1:14:04,JPN
Chiba 2026,Japan,Pro Men,30-34,57,17,1:14:14,JPN
Chiba 2026,Japan,Pro Men,30-34,58,18,1:14:35,JPN
Chiba 2026,Japan,Pro Men,35-39,59,9,1:14:40,JPN
Chiba 2026,Japan,Pro Men,25-29,60,24,1:15:02,JPN
Chiba 2026,Japan,Pro Men,16-24,61,5,1:15:15,JPN
Chiba 2026,Japan,Pro Men,25-29,62,25,1:15:27,JPN
Chiba 2026,Japan,Pro Men,25-29,63,26,1:15:29,JPN
Chiba 2026,Japan,Pro Men,25-29,64,27,1:15:30,JPN
Chiba 2026,Japan,Pro Men,25-29,65,28,1:15:32,JPN
Chiba 2026,Japan,Pro Men,25-29,66,29,1:15:43,JPN
Chiba 2026,Japan,Pro Men,45-49,67,1,1:15:48,JPN
Chiba 2026,Japan,Pro Men,25-29,68,30,1:16:02,BRA
Chiba 2026,Japan,Pro Men,30-34,69,19,1:16:06,JPN
Chiba 2026,Japan,Pro Men,25-29,70,31,1:16:08,JPN
Chiba 2026,Japan,Pro Men,25-29,71,32,1:16:42,JPN
Chiba 2026,Japan,Pro Men,16-24,72,6,1:16:51,JPN
Chiba 2026,Japan,Pro Men,16-24,73,7,1:17:56,JPN
Chiba 2026,Japan,Pro Men,16-24,74,8,1:18:10,JPN
Chiba 2026,Japan,Pro Men,35-39,75,10,1:18:10,JPN
Chiba 2026,Japan,Pro Men,25-29,76,33,1:18:22,JPN
Chiba 2026,Japan,Pro Men,35-39,77,11,1:18:26,BRA
Chiba 2026,Japan,Pro Men,35-39,78,12,1:18:26,JPN
Chiba 2026,Japan,Pro Men,16-24,79,9,1:18:29,JPN
Chiba 2026,Japan,Pro Men,40-44,80,6,1:18:30,JPN
Chiba 2026,Japan,Pro Men,16-24,81,10,1:18:45,JPN
Chiba 2026,Japan,Pro Men,25-29,82,34,1:19:13,JPN
Chiba 2026,Japan,Pro Men,40-44,83,7,1:19:13,JPN
Chiba 2026,Japan,Pro Men,35-39,84,13,1:19:16,JPN
Chiba 2026,Japan,Pro Men,25-29,85,35,1:19:22,JPN
Chiba 2026,Japan,Pro Men,30-34,86,20,1:19:34,JPN
Chiba 2026,Japan,Pro Men,35-39,87,14,1:19:34,JPN
Chiba 2026,Japan,Pro Men,25-29,88,36,1:19:35,JPN
Chiba 2026,Japan,Pro Men,16-24,89,11,1:19:41,JPN
Chiba 2026,Japan,Pro Men,16-24,90,12,1:19:41,JPN
Chiba 2026,Japan,Pro Men,25-29,91,37,1:19:47,JPN
Chiba 2026,Japan,Pro Men,30-34,92,21,1:19:48,JPN
Chiba 2026,Japan,Pro Men,35-39,93,15,1:19:55,JPN
Chiba 2026,Japan,Pro Men,40-44,94,8,1:20:04,JPN
Chiba 2026,Japan,Pro Men,16-24,95,13,1:20:06,JPN
Chiba 2026,Japan,Pro Men,30-34,96,22,1:20:16,JPN
Chiba 2026,Japan,Pro Men,30-34,97,23,1:20:23,JPN
Chiba 2026,Japan,Pro Men,40-44,98,9,1:20:29,JPN
Chiba 2026,Japan,Pro Men,25-29,99,38,1:20:29,JPN
Chiba 2026,Japan,Pro Men,30-34,100,24,1:20:33,JPN
Chiba 2026,Japan,Open Women,16-24,1,1,1:01:49,USA
Chiba 2026,Japan,Open Women,35-39,2,1,1:06:41,JPN
Chiba 2026,Japan,Open Women,16-24,3,2,1:06:44,JPN
Chiba 2026,Japan,Open Women,25-29,4,1,1:07:20,JPN
Chiba 2026,Japan,Open Women,25-29,5,2,1:07:25,KOR
Chiba 2026,Japan,Open Women,30-34,6,1,1:07:44,KOR
Chiba 2026,Japan,Open Women,50-54,7,1,1:08:18,TPE
Chiba 2026,Japan,Open Women,25-29,8,3,1:08:54,KOR
Chiba 2026,Japan,Open Women,25-29,9,4,1:09:07,JPN
Chiba 2026,Japan,Open Women,45-49,10,1,1:09:28,NZL
Chiba 2026,Japan,Open Women,30-34,11,2,1:10:14,JPN
Chiba 2026,Japan,Open Women,35-39,12,2,1:10:23,JPN
Chiba 2026,Japan,Open Women,16-24,13,3,1:11:15,LUX
Chiba 2026,Japan,Open Women,16-24,14,4,1:11:20,JPN
Chiba 2026,Japan,Open Women,30-34,15,3,1:11:38,JPN
Chiba 2026,Japan,Open Women,25-29,16,5,1:11:41,JPN
Chiba 2026,Japan,Open Women,40-44,17,1,1:12:00,JPN
Chiba 2026,Japan,Open Women,25-29,18,6,1:12:05,JPN
Chiba 2026,Japan,Open Women,25-29,19,7,1:12:16,JPN
Chiba 2026,Japan,Open Women,25-29,20,8,1:12:19,JPN
Chiba 2026,Japan,Open Women,30-34,21,4,1:12:44,JPN
Chiba 2026,Japan,Open Women,30-34,22,5,1:12:58,JPN
Chiba 2026,Japan,Open Women,30-34,23,6,1:13:01,JPN
Chiba 2026,Japan,Open Women,40-44,24,2,1:13:23,JPN
Chiba 2026,Japan,Open Women,35-39,25,3,1:13:26,JPN
Chiba 2026,Japan,Open Women,40-44,26,3,1:13:31,JPN
Chiba 2026,Japan,Open Women,25-29,27,9,1:13:34,JPN
Chiba 2026,Japan,Open Women,40-44,28,4,1:13:52,JPN
Chiba 2026,Japan,Open Women,25-29,29,10,1:13:56,JPN
Chiba 2026,Japan,Open Women,25-29,30,11,1:14:01,JPN
Chiba 2026,Japan,Open Women,30-34,31,7,1:14:05,SIN
Chiba 2026,Japan,Open Women,30-34,32,8,1:14:30,JPN
Chiba 2026,Japan,Open Women,25-29,33,12,1:14:37,JPN
Chiba 2026,Japan,Open Women,30-34,34,9,1:14:44,KOR
Chiba 2026,Japan,Open Women,30-34,35,10,1:14:45,HKG
Chiba 2026,Japan,Open Women,35-39,36,4,1:14:48,JPN
Chiba 2026,Japan,Open Women,30-34,37,11,1:14:58,JPN
Chiba 2026,Japan,Open Women,30-34,38,12,1:15:18,JPN
Chiba 2026,Japan,Open Women,25-29,39,13,1:15:20,JPN
Chiba 2026,Japan,Open Women,25-29,40,14,1:15:29,HKG
Chiba 2026,Japan,Open Women,25-29,41,15,1:15:39,JPN
Chiba 2026,Japan,Open Women,30-34,42,13,1:15:55,JPN
Chiba 2026,Japan,Open Women,30-34,43,14,1:16:03,JPN
Chiba 2026,Japan,Open Women,30-34,44,15,1:16:05,USA
Chiba 2026,Japan,Open Women,40-44,45,5,1:16:08,JPN
Chiba 2026,Japan,Open Women,30-34,46,16,1:16:11,JPN
Chiba 2026,Japan,Open Women,25-29,47,16,1:16:12,JPN
Chiba 2026,Japan,Open Women,35-39,48,5,1:16:14,SIN
Chiba 2026,Japan,Open Women,40-44,49,6,1:16:18,JPN
Chiba 2026,Japan,Open Women,16-24,50,5,1:16:24,JPN
Chiba 2026,Japan,Open Women,35-39,51,6,1:16:31,JPN
Chiba 2026,Japan,Open Women,30-34,52,17,1:16:33,JPN
Chiba 2026,Japan,Open Women,25-29,53,17,1:16:43,JPN
Chiba 2026,Japan,Open Women,25-29,54,18,1:16:51,JPN
Chiba 2026,Japan,Open Women,45-49,55,2,1:17:08,JPN
Chiba 2026,Japan,Open Women,30-34,56,18,1:17:17,JPN
Chiba 2026,Japan,Open Women,25-29,57,19,1:17:22,JPN
Chiba 2026,Japan,Open Women,25-29,58,20,1:17:25,JPN
Chiba 2026,Japan,Open Women,25-29,59,21,1:17:30,JPN
Chiba 2026,Japan,Open Women,35-39,60,7,1:17:30,KOR
Chiba 2026,Japan,Open Women,25-29,61,22,1:17:42,JPN
Chiba 2026,Japan,Open Women,40-44,62,7,1:17:44,JPN
Chiba 2026,Japan,Open Women,45-49,63,3,1:17:45,JPN
Chiba 2026,Japan,Open Women,30-34,64,19,1:17:53,JPN
Chiba 2026,Japan,Open Women,25-29,65,23,1:17:56,JPN
Chiba 2026,Japan,Open Women,50-54,66,2,1:18:01,JPN
Chiba 2026,Japan,Open Women,25-29,67,24,1:18:08,JPN
Chiba 2026,Japan,Open Women,25-29,68,25,1:18:09,JPN
Chiba 2026,Japan,Open Women,25-29,69,26,1:18:10,JPN
Chiba 2026,Japan,Open Women,30-34,70,20,1:18:13,JPN
Chiba 2026,Japan,Open Women,25-29,71,27,1:18:14,JPN
Chiba 2026,Japan,Open Women,25-29,72,28,1:18:14,JPN
Chiba 2026,Japan,Open Women,25-29,73,29,1:18:22,JPN
Chiba 2026,Japan,Open Women,40-44,74,8,1:18:30,JPN
Chiba 2026,Japan,Open Women,50-54,75,3,1:18:42,JPN
Chiba 2026,Japan,Open Women,35-39,76,8,1:18:48,CHN
Chiba 2026,Japan,Open Women,40-44,77,9,1:18:49,JPN
Chiba 2026,Japan,Open Women,35-39,78,9,1:18:50,JPN
Chiba 2026,Japan,Open Women,40-44,79,10,1:18:56,JPN
Chiba 2026,Japan,Open Women,16-24,80,6,1:19:07,JPN
Chiba 2026,Japan,Open Women,40-44,81,11,1:19:08,JPN
Chiba 2026,Japan,Open Women,50-54,82,4,1:19:09,JPN
Chiba 2026,Japan,Open Women,50-54,83,5,1:19:12,JPN
Chiba 2026,Japan,Open Women,25-29,84,30,1:19:16,JPN
Chiba 2026,Japan,Open Women,40-44,85,12,1:19:18,JPN
Chiba 2026,Japan,Open Women,25-29,86,31,1:19:19,JPN
Chiba 2026,Japan,Open Women,45-49,87,4,1:19:28,JPN
Chiba 2026,Japan,Open Women,25-29,88,32,1:19:38,JPN
Chiba 2026,Japan,Open Women,16-24,89,7,1:19:39,JPN
Chiba 2026,Japan,Open Women,40-44,90,13,1:19:44,JPN
Chiba 2026,Japan,Open Women,30-34,91,21,1:19:50,JPN
Chiba 2026,Japan,Open Women,45-49,92,5,1:19:50,JPN
Chiba 2026,Japan,Open Women,45-49,93,6,1:19:56,JPN
Chiba 2026,Japan,Open Women,25-29,94,33,1:20:22,JPN
Chiba 2026,Japan,Open Women,25-29,95,34,1:20:26,JPN
Chiba 2026,Japan,Open Women,35-39,96,10,1:20:30,JPN
Chiba 2026,Japan,Open Women,60-64,97,1,1:20:36,JPN
Chiba 2026,Japan,Open Women,35-39,98,11,1:20:40,USA
Chiba 2026,Japan,Open Women,35-39,99,12,1:20:54,JPN
Chiba 2026,Japan,Open Women,30-34,100,22,1:20:55,JPN
Chiba 2026,Japan,Pro Women,35-39,1,1,1:02:18,ITA
Chiba 2026,Japan,Pro Women,40-44,2,1,1:03:47,JPN
Chiba 2026,Japan,Pro Women,30-34,3,1,1:03:55,GER
Chiba 2026,Japan,Pro Women,25-29,4,1,1:04:47,CAN
Chiba 2026,Japan,Pro Women,30-34,5,2,1:05:19,AUT
Chiba 2026,Japan,Pro Women,30-34,6,3,1:05:36,JPN
Chiba 2026,Japan,Pro Women,25-29,7,2,1:05:48,AUS
Chiba 2026,Japan,Pro Women,30-34,8,4,1:06:19,HKG
Chiba 2026,Japan,Pro Women,30-34,9,5,1:09:42,JPN
Chiba 2026,Japan,Pro Women,40-44,10,2,1:11:34,LUX
Chiba 2026,Japan,Pro Women,35-39,11,2,1:11:54,KOR
Chiba 2026,Japan,Pro Women,30-34,12,6,1:11:59,JPN
Chiba 2026,Japan,Pro Women,40-44,13,3,1:12:06,NZL
Chiba 2026,Japan,Pro Women,25-29,14,3,1:15:01,NZL
Chiba 2026,Japan,Pro Women,16-24,15,1,1:15:29,AUS
Chiba 2026,Japan,Pro Women,35-39,16,3,1:15:49,KOR
Chiba 2026,Japan,Pro Women,40-44,17,4,1:17:37,USA
Chiba 2026,Japan,Pro Women,30-34,18,7,1:18:08,USA
Chiba 2026,Japan,Pro Women,25-29,19,4,1:18:34,TPE
Chiba 2026,Japan,Pro Women,25-29,20,5,1:18:38,KOR
Chiba 2026,Japan,Pro Women,45-49,21,1,1:19:32,JPN
Chiba 2026,Japan,Pro Women,50-54,22,1,1:19:55,JPN
Chiba 2026,Japan,Pro Women,25-29,23,6,1:20:20,KOR
Chiba 2026,Japan,Pro Women,25-29,24,7,1:20:37,USA
Chiba 2026,Japan,Pro Women,40-44,25,5,1:20:51,KOR
Chiba 2026,Japan,Pro Women,35-39,26,4,1:21:16,JPN
Chiba 2026,Japan,Pro Women,25-29,27,8,1:21:30,HKG
Chiba 2026,Japan,Pro Women,50-54,28,2,1:21:34,JPN
Chiba 2026,Japan,Pro Women,35-39,29,5,1:21:41,JPN
Chiba 2026,Japan,Pro Women,45-49,30,2,1:22:15,JPN
Chiba 2026,Japan,Pro Women,25-29,31,9,1:22:48,JPN
Chiba 2026,Japan,Pro Women,25-29,32,10,1:24:09,JPN
Chiba 2026,Japan,Pro Women,45-49,33,3,1:24:14,JPN
Chiba 2026,Japan,Pro Women,40-44,34,6,1:25:08,JPN
Chiba 2026,Japan,Pro Women,30-34,35,8,1:25:15,JPN
Chiba 2026,Japan,Pro Women,25-29,36,11,1:25:28,JPN
Chiba 2026,Japan,Pro Women,35-39,37,6,1:27:09,JPN
Chiba 2026,Japan,Pro Women,35-39,38,7,1:27:50,KOR
Chiba 2026,Japan,Pro Women,30-34,39,9,1:28:24,JPN
Chiba 2026,Japan,Pro Women,25-29,40,12,1:28:58,USA
Chiba 2026,Japan,Pro Women,25-29,41,13,1:29:09,JPN
Chiba 2026,Japan,Pro Women,35-39,42,8,1:31:00,LAT
Chiba 2026,Japan,Pro Women,25-29,43,14,1:31:15,HKG
Chiba 2026,Japan,Pro Women,45-49,44,4,1:31:35,JPN
Chiba 2026,Japan,Pro Women,25-29,45,15,1:31:41,JPN
Chiba 2026,Japan,Pro Women,25-29,46,16,1:32:06,JPN
Chiba 2026,Japan,Pro Women,45-49,47,5,1:32:49,JPN
Chiba 2026,Japan,Pro Women,25-29,48,17,1:33:09,JPN
Chiba 2026,Japan,Pro Women,55-59,49,1,1:33:29,JPN
Chiba 2026,Japan,Pro Women,30-34,50,10,1:34:51,JPN
Chiba 2026,Japan,Pro Women,25-29,51,18,1:36:45,JPN
Chiba 2026,Japan,Pro Women,25-29,52,19,1:37:16,JPN
Chiba 2026,Japan,Pro Women,40-44,53,7,1:37:25,JPN
Chiba 2026,Japan,Pro Women,50-54,54,3,1:37:50,JPN
Chiba 2026,Japan,Pro Women,25-29,55,20,1:38:24,MAC
Chiba 2026,Japan,Pro Women,16-24,56,2,1:38:37,USA
Chiba 2026,Japan,Pro Women,45-49,57,6,1:39:51,JPN
Chiba 2026,Japan,Pro Women,25-29,58,21,1:40:01,JPN
Chiba 2026,Japan,Pro Women,35-39,59,9,1:40:27,JPN
Chiba 2026,Japan,Pro Women,25-29,60,22,1:41:46,JPN
Chiba 2026,Japan,Pro Women,45-49,61,7,1:41:54,JPN
Chiba 2026,Japan,Pro Women,55-59,62,2,1:41:57,JPN
Chiba 2026,Japan,Pro Women,55-59,63,3,1:42:14,JPN
Chiba 2026,Japan,Pro Women,35-39,64,10,1:42:36,JPN
Chiba 2026,Japan,Pro Women,35-39,65,11,1:43:12,JPN
Chiba 2026,Japan,Pro Women,35-39,66,12,1:43:19,JPN
Chiba 2026,Japan,Pro Women,30-34,67,11,1:43:57,THA
Chiba 2026,Japan,Pro Women,30-34,68,12,1:44:33,JPN
Chiba 2026,Japan,Pro Women,30-34,69,13,1:44:52,JPN
Chiba 2026,Japan,Pro Women,45-49,70,8,1:45:17,JPN
Chiba 2026,Japan,Pro Women,50-54,71,4,1:45:21,JPN
Chiba 2026,Japan,Pro Women,45-49,72,9,1:46:28,HKG
Chiba 2026,Japan,Pro Women,50-54,73,5,1:46:28,THA
Chiba 2026,Japan,Pro Women,25-29,74,23,1:46:51,MAS
Chiba 2026,Japan,Pro Women,35-39,75,13,1:47:19,JPN
Chiba 2026,Japan,Pro Women,30-34,76,14,1:51:10,CHN
Chiba 2026,Japan,Pro Women,35-39,77,14,1:51:21,JPN
Chiba 2026,Japan,Pro Women,45-49,78,10,1:51:48,JPN
Chiba 2026,Japan,Pro Women,40-44,79,8,1:52:29,JPN
Chiba 2026,Japan,Pro Women,45-49,80,11,1:53:25,JPN
Chiba 2026,Japan,Pro Women,55-59,81,4,1:53:39,JPN
Chiba 2026,Japan,Pro Women,30-34,82,15,1:54:25,JPN
Chiba 2026,Japan,Pro Women,25-29,83,24,1:54:35,TPE
Chiba 2026,Japan,Pro Women,25-29,84,25,1:56:10,JPN
Chiba 2026,Japan,Pro Women,25-29,85,26,1:57:42,JPN
Chiba 2026,Japan,Pro Women,35-39,86,15,1:59:23,JPN
Chiba 2026,Japan,Pro Women,40-44,87,9,2:01:20,TPE
Chiba 2026,Japan,Pro Women,40-44,88,10,2:03:21,JPN
Chiba 2026,Japan,Pro Women,45-49,89,12,2:10:45,JPN
Chiba 2026,Japan,Pro Women,30-34,90,16,2:12:57,GEO
Chiba 2026,Japan,Pro Women,25-29,91,27,2:20:09,JPN
Chiba 2026,Japan,Pro Women,55-59,92,5,2:42:26,JPN
Chiba 2026,Japan,Pro Women,16-24,93,3,2:42:39,JPN
Chiba 2026,Japan,Pro Women,45-49,94,13,2:57:51,USA
Perth 2026,Australia,Open Men,16-24,1,1,0:55:34,AUS
Perth 2026,Australia,Open Men,25-29,2,1,0:55:39,AUS
Perth 2026,Australia,Open Men,30-34,3,1,0:55:47,AUS
Perth 2026,Australia,Open Men,35-39,4,1,0:57:53,AUS
Perth 2026,Australia,Open Men,16-24,5,2,0:58:36,AUS
Perth 2026,Australia,Open Men,16-24,6,3,0:59:13,AUS
Perth 2026,Australia,Open Men,16-24,7,4,0:59:17,AUS
Perth 2026,Australia,Open Men,25-29,8,2,0:59:21,AUS
Perth 2026,Australia,Open Men,30-34,9,2,0:59:30,AUS
Perth 2026,Australia,Open Men,25-29,10,3,0:59:34,AUS
Perth 2026,Australia,Open Men,25-29,11,4,0:59:48,FRA
Perth 2026,Australia,Open Men,25-29,12,5,0:59:55,IRL
Perth 2026,Australia,Open Men,35-39,13,2,1:00:03,NZL
Perth 2026,Australia,Open Men,30-34,14,3,1:00:35,IRL
Perth 2026,Australia,Open Men,16-24,15,5,1:00:41,AUS
Perth 2026,Australia,Open Men,30-34,16,4,1:01:00,AUS
Perth 2026,Australia,Open Men,25-29,17,6,1:01:09,AUS
Perth 2026,Australia,Open Men,25-29,18,7,1:01:19,AUS
Perth 2026,Australia,Open Men,35-39,19,3,1:01:23,FRA
Perth 2026,Australia,Open Men,30-34,20,5,1:01:24,AUS
Perth 2026,Australia,Open Men,40-44,21,1,1:01:32,AUS
Perth 2026,Australia,Open Men,30-34,22,6,1:01:59,IRL
Perth 2026,Australia,Open Men,16-24,23,6,1:02:03,POL
Perth 2026,Australia,Open Men,25-29,24,8,1:02:10,GRE
Perth 2026,Australia,Open Men,40-44,25,2,1:02:22,AUS
Perth 2026,Australia,Open Men,16-24,26,7,1:02:41,NZL
Perth 2026,Australia,Open Men,35-39,27,4,1:02:44,NZL
Perth 2026,Australia,Open Men,16-24,28,8,1:02:47,AUS
Perth 2026,Australia,Open Men,30-34,29,7,1:03:12,GBR
Perth 2026,Australia,Open Men,25-29,30,9,1:03:13,AUS
Perth 2026,Australia,Open Men,30-34,31,8,1:03:16,AUS
Perth 2026,Australia,Open Men,25-29,32,10,1:03:25,AUS
Perth 2026,Australia,Open Men,35-39,33,5,1:03:25,AUS
Perth 2026,Australia,Open Men,45-49,34,1,1:03:26,AUS
Perth 2026,Australia,Open Men,35-39,35,6,1:03:43,GBR
Perth 2026,Australia,Open Men,25-29,36,11,1:03:44,AUS
Perth 2026,Australia,Open Men,40-44,37,3,1:03:48,AUS
Perth 2026,Australia,Open Men,25-29,38,12,1:03:48,RSA
Perth 2026,Australia,Open Men,25-29,39,13,1:03:51,AUS
Perth 2026,Australia,Open Men,50-54,40,1,1:04:08,NZL
Perth 2026,Australia,Open Men,25-29,41,14,1:04:18,AUS
Perth 2026,Australia,Open Men,45-49,42,2,1:04:20,AUS
Perth 2026,Australia,Open Men,30-34,43,9,1:04:29,AUS
Perth 2026,Australia,Open Men,30-34,44,10,1:04:32,BRA
Perth 2026,Australia,Open Men,40-44,45,4,1:04:34,AUS
Perth 2026,Australia,Open Men,25-29,46,15,1:04:36,GBR
Perth 2026,Australia,Open Men,40-44,47,5,1:04:45,AUS
Perth 2026,Australia,Open Men,45-49,48,3,1:04:54,AUS
Perth 2026,Australia,Open Men,35-39,49,7,1:04:58,NZL
Perth 2026,Australia,Open Men,35-39,50,8,1:05:02,AUS
Perth 2026,Australia,Open Men,16-24,51,9,1:05:11,AUS
Perth 2026,Australia,Open Men,40-44,52,6,1:05:14,AUS
Perth 2026,Australia,Open Men,25-29,53,16,1:05:21,AUS
Perth 2026,Australia,Open Men,25-29,54,17,1:05:22,FRA
Perth 2026,Australia,Open Men,16-24,55,10,1:05:23,AUS
Perth 2026,Australia,Open Men,30-34,56,11,1:05:25,AUS
Perth 2026,Australia,Open Men,25-29,57,18,1:05:38,AUS
Perth 2026,Australia,Open Men,30-34,58,12,1:05:48,AUS
Perth 2026,Australia,Open Men,30-34,59,13,1:05:51,AUS
Perth 2026,Australia,Open Men,25-29,60,19,1:05:57,AUS
Perth 2026,Australia,Open Men,35-39,61,9,1:06:03,AUS
Perth 2026,Australia,Open Men,30-34,62,14,1:06:10,AUS
Perth 2026,Australia,Open Men,25-29,63,20,1:06:14,AUS
Perth 2026,Australia,Open Men,25-29,64,21,1:06:20,AUS
Perth 2026,Australia,Open Men,35-39,65,10,1:06:22,AUS
Perth 2026,Australia,Open Men,35-39,66,11,1:06:24,GBR
Perth 2026,Australia,Open Men,25-29,67,22,1:06:30,NZL
Perth 2026,Australia,Open Men,45-49,68,4,1:06:31,AUS
Perth 2026,Australia,Open Men,35-39,69,12,1:06:34,AUS
Perth 2026,Australia,Open Men,16-24,70,11,1:06:45,AUS
Perth 2026,Australia,Open Men,25-29,71,23,1:06:59,RSA
Perth 2026,Australia,Open Men,25-29,72,24,1:07:00,AUS
Perth 2026,Australia,Open Men,40-44,73,7,1:07:01,NZL
Perth 2026,Australia,Open Men,25-29,74,25,1:07:03,NZL
Perth 2026,Australia,Open Men,25-29,75,26,1:07:16,AUS
Perth 2026,Australia,Open Men,25-29,76,27,1:07:23,AUS
Perth 2026,Australia,Open Men,25-29,77,28,1:07:27,AUS
Perth 2026,Australia,Open Men,35-39,78,13,1:07:27,AUS
Perth 2026,Australia,Open Men,30-34,79,15,1:07:28,IRL
Perth 2026,Australia,Open Men,35-39,80,14,1:07:34,IRL
Perth 2026,Australia,Open Men,30-34,81,16,1:07:38,KOR
Perth 2026,Australia,Open Men,16-24,82,12,1:07:39,AUS
Perth 2026,Australia,Open Men,35-39,83,15,1:07:46,AUS
Perth 2026,Australia,Open Men,50-54,84,2,1:07:48,AUS
Perth 2026,Australia,Open Men,40-44,85,8,1:08:03,AUS
Perth 2026,Australia,Open Men,35-39,86,16,1:08:03,AUS
Perth 2026,Australia,Open Men,16-24,87,13,1:08:14,FRA
Perth 2026,Australia,Open Men,30-34,88,17,1:08:18,AUS
Perth 2026,Australia,Open Men,30-34,89,18,1:08:25,AUS
Perth 2026,Australia,Open Men,35-39,90,17,1:08:26,AUS
Perth 2026,Australia,Open Men,25-29,91,29,1:08:28,AUS
Perth 2026,Australia,Open Men,25-29,92,30,1:08:37,IRL
Perth 2026,Australia,Open Men,25-29,93,31,1:08:38,AUS
Perth 2026,Australia,Open Men,25-29,94,32,1:08:38,AUS
Perth 2026,Australia,Open Men,30-34,95,19,1:08:44,AUS
Perth 2026,Australia,Open Men,30-34,96,20,1:08:53,AUS
Perth 2026,Australia,Open Men,25-29,97,33,1:08:54,AUS
Perth 2026,Australia,Open Men,35-39,98,18,1:08:55,GBR
Perth 2026,Australia,Open Men,30-34,99,21,1:08:58,AUS
Perth 2026,Australia,Open Men,45-49,100,5,1:08:59,AUS
Perth 2026,Australia,Open Women,16-24,1,1,1:01:47,NZL
Perth 2026,Australia,Open Women,30-34,2,1,1:03:29,AUS
Perth 2026,Australia,Open Women,16-24,3,2,1:03:34,AUS
Perth 2026,Australia,Open Women,40-44,4,1,1:04:02,AUS
Perth 2026,Australia,Open Women,25-29,5,1,1:04:54,AUS
Perth 2026,Australia,Open Women,35-39,6,1,1:05:09,NZL
Perth 2026,Australia,Open Women,40-44,7,2,1:05:15,AUS
Perth 2026,Australia,Open Women,35-39,8,2,1:05:33,AUS
Perth 2026,Australia,Open Women,25-29,9,2,1:05:34,IRL
Perth 2026,Australia,Open Women,16-24,10,3,1:05:40,AUS
Perth 2026,Australia,Open Women,25-29,11,3,1:05:51,AUS
Perth 2026,Australia,Open Women,35-39,12,3,1:06:12,AUS
Perth 2026,Australia,Open Women,16-24,13,4,1:06:47,NZL
Perth 2026,Australia,Open Women,35-39,14,4,1:06:54,AUS
Perth 2026,Australia,Open Women,16-24,15,5,1:06:55,AUS
Perth 2026,Australia,Open Women,40-44,16,3,1:07:13,AUS
Perth 2026,Australia,Open Women,45-49,17,1,1:07:21,AUS
Perth 2026,Australia,Open Women,25-29,18,4,1:07:35,AUS
Perth 2026,Australia,Open Women,25-29,19,5,1:07:50,IRL
Perth 2026,Australia,Open Women,35-39,20,5,1:08:01,AUS
Perth 2026,Australia,Open Women,16-24,21,6,1:08:08,IRL
Perth 2026,Australia,Open Women,40-44,22,4,1:08:15,AUS
Perth 2026,Australia,Open Women,30-34,23,2,1:08:29,AUS
Perth 2026,Australia,Open Women,25-29,24,6,1:08:37,NZL
Perth 2026,Australia,Open Women,35-39,25,6,1:08:45,AUS
Perth 2026,Australia,Open Women,35-39,26,7,1:09:18,AUS
Perth 2026,Australia,Open Women,30-34,27,3,1:09:26,FIN
Perth 2026,Australia,Open Women,16-24,28,7,1:09:29,AUS
Perth 2026,Australia,Open Women,25-29,29,7,1:09:32,AUS
Perth 2026,Australia,Open Women,25-29,30,8,1:09:36,AUS
Perth 2026,Australia,Open Women,35-39,31,8,1:09:52,GBR
Perth 2026,Australia,Open Women,40-44,32,5,1:09:53,NZL
Perth 2026,Australia,Open Women,16-24,33,8,1:09:56,AUS
Perth 2026,Australia,Open Women,30-34,34,4,1:10:05,AUS
Perth 2026,Australia,Open Women,25-29,35,10,1:10:40,AUS
Perth 2026,Australia,Open Women,25-29,36,9,1:10:40,AUS
Perth 2026,Australia,Open Women,25-29,37,11,1:11:02,AUS
Perth 2026,Australia,Open Women,45-49,38,2,1:11:17,AUS
Perth 2026,Australia,Open Women,35-39,39,9,1:11:20,AUS
Perth 2026,Australia,Open Women,35-39,40,10,1:11:29,AUS
Perth 2026,Australia,Open Women,35-39,41,11,1:11:44,AUS
Perth 2026,Australia,Open Women,25-29,42,12,1:11:57,AUS
Perth 2026,Australia,Open Women,35-39,43,12,1:11:59,AUS
Perth 2026,Australia,Open Women,16-24,44,9,1:12:00,AUS
Perth 2026,Australia,Open Women,30-34,45,5,1:12:04,AUS
Perth 2026,Australia,Open Women,30-34,46,6,1:12:08,AUS
Perth 2026,Australia,Open Women,16-24,47,10,1:12:18,AUS
Perth 2026,Australia,Open Women,16-24,48,11,1:12:25,AUS
Perth 2026,Australia,Open Women,25-29,49,13,1:12:34,FRA
Perth 2026,Australia,Open Women,30-34,50,7,1:12:34,SIN
Perth 2026,Australia,Open Women,35-39,51,13,1:12:39,GBR
Perth 2026,Australia,Open Women,16-24,52,12,1:13:16,AUS
Perth 2026,Australia,Open Women,16-24,53,13,1:13:21,AUS
Perth 2026,Australia,Open Women,35-39,54,14,1:13:32,AUS
Perth 2026,Australia,Open Women,35-39,55,15,1:13:36,AUS
Perth 2026,Australia,Open Women,16-24,56,14,1:13:37,AUS
Perth 2026,Australia,Open Women,30-34,57,8,1:13:39,AUS
Perth 2026,Australia,Open Women,25-29,58,14,1:13:48,NZL
Perth 2026,Australia,Open Women,30-34,59,9,1:13:52,AUS
Perth 2026,Australia,Open Women,25-29,60,15,1:13:53,AUS
Perth 2026,Australia,Open Women,40-44,61,6,1:13:53,AUS
Perth 2026,Australia,Open Women,30-34,62,10,1:14:00,GBR
Perth 2026,Australia,Open Women,50-54,63,1,1:14:05,NZL
Perth 2026,Australia,Open Women,30-34,64,11,1:14:07,AUS
Perth 2026,Australia,Open Women,25-29,65,16,1:14:20,NZL
Perth 2026,Australia,Open Women,35-39,66,16,1:14:24,AUS
Perth 2026,Australia,Open Women,16-24,67,15,1:14:29,AUS
Perth 2026,Australia,Open Women,25-29,68,17,1:14:32,AUS
Perth 2026,Australia,Open Women,40-44,69,7,1:14:33,AUS
Perth 2026,Australia,Open Women,45-49,70,3,1:14:34,AUS
Perth 2026,Australia,Open Women,25-29,71,18,1:14:44,AUS
Perth 2026,Australia,Open Women,40-44,72,8,1:14:46,AUS
Perth 2026,Australia,Open Women,16-24,73,16,1:14:49,AUS
Perth 2026,Australia,Open Women,35-39,74,17,1:14:49,AUS
Perth 2026,Australia,Open Women,50-54,75,2,1:14:50,AUS
Perth 2026,Australia,Open Women,25-29,76,19,1:14:56,AUS
Perth 2026,Australia,Open Women,30-34,77,12,1:14:56,USA
Perth 2026,Australia,Open Women,25-29,78,20,1:15:00,GBR
Perth 2026,Australia,Open Women,40-44,79,9,1:15:02,AUS
Perth 2026,Australia,Open Women,35-39,80,18,1:15:04,AUS
Perth 2026,Australia,Open Women,40-44,81,11,1:15:04,GBR
Perth 2026,Australia,Open Women,40-44,82,10,1:15:04,AUS
Perth 2026,Australia,Open Women,25-29,83,21,1:15:08,AUS
Perth 2026,Australia,Open Women,30-34,84,13,1:15:15,FRA
Perth 2026,Australia,Open Women,40-44,85,12,1:15:16,AUS
Perth 2026,Australia,Open Women,25-29,86,22,1:15:17,NZL
Perth 2026,Australia,Open Women,30-34,87,14,1:15:20,GBR
Perth 2026,Australia,Open Women,30-34,88,15,1:15:20,GBR
Perth 2026,Australia,Open Women,30-34,89,16,1:15:21,AUS
Perth 2026,Australia,Open Women,40-44,90,13,1:15:29,AUS
Perth 2026,Australia,Open Women,35-39,91,19,1:15:31,NZL
Perth 2026,Australia,Open Women,16-24,92,17,1:15:35,GBR
Perth 2026,Australia,Open Women,16-24,93,18,1:15:42,AUS
Perth 2026,Australia,Open Women,25-29,94,23,1:15:49,IRL
Perth 2026,Australia,Open Women,35-39,95,20,1:15:50,IRL
Perth 2026,Australia,Open Women,16-24,96,19,1:15:54,GBR
Perth 2026,Australia,Open Women,30-34,97,17,1:15:55,GBR
Perth 2026,Australia,Open Women,30-34,98,18,1:15:57,USA
Perth 2026,Australia,Open Women,40-44,99,14,1:16:00,AUS
Perth 2026,Australia,Open Women,25-29,100,24,1:16:01,GBR
Perth 2026,Australia,Pro Men,30-34,1,1,0:55:14,NZL
Perth 2026,Australia,Pro Men,30-34,2,2,0:56:24,FRA
Perth 2026,Australia,Pro Men,35-39,3,1,0:56:33,AUS
Perth 2026,Australia,Pro Men,35-39,4,2,0:56:47,AUS
Perth 2026,Australia,Pro Men,35-39,5,3,0:56:59,AUS
Perth 2026,Australia,Pro Men,25-29,6,1,0:57:20,ENG
Perth 2026,Australia,Pro Men,30-34,7,3,0:57:43,AUS
Perth 2026,Australia,Pro Men,16-24,8,1,0:58:12,ITA
Perth 2026,Australia,Pro Men,25-29,9,2,0:58:20,AUS
Perth 2026,Australia,Pro Men,25-29,10,3,0:58:32,AUS
Perth 2026,Australia,Pro Men,25-29,11,4,0:58:38,AUS
Perth 2026,Australia,Pro Men,35-39,12,4,0:58:39,AUS
Perth 2026,Australia,Pro Men,16-24,13,2,0:58:49,AUS
Perth 2026,Australia,Pro Men,25-29,14,5,0:59:47,AUS
Perth 2026,Australia,Pro Men,16-24,15,3,0:59:50,AUS
Perth 2026,Australia,Pro Men,30-34,16,4,0:59:52,NZL
Perth 2026,Australia,Pro Men,30-34,17,5,0:59:57,FRA
Perth 2026,Australia,Pro Men,16-24,18,4,1:00:03,AUS
Perth 2026,Australia,Pro Men,35-39,19,5,1:00:14,AUS
Perth 2026,Australia,Pro Men,25-29,20,6,1:00:16,AUS
Perth 2026,Australia,Pro Men,35-39,21,6,1:00:44,GBR
Perth 2026,Australia,Pro Men,16-24,22,5,1:01:00,AUS
Perth 2026,Australia,Pro Men,35-39,23,7,1:01:03,GBR
Perth 2026,Australia,Pro Men,30-34,24,6,1:01:05,AUS
Perth 2026,Australia,Pro Men,30-34,25,7,1:01:19,SAM
Perth 2026,Australia,Pro Men,30-34,26,8,1:01:35,AUS
Perth 2026,Australia,Pro Men,25-29,27,7,1:01:40,JPN
Perth 2026,Australia,Pro Men,25-29,28,8,1:01:42,AUS
Perth 2026,Australia,Pro Men,16-24,29,6,1:01:44,MRI
Perth 2026,Australia,Pro Men,30-34,30,9,1:01:47,AUS
Perth 2026,Australia,Pro Men,16-24,31,7,1:01:52,GBR
Perth 2026,Australia,Pro Men,30-34,32,10,1:01:55,AUS
Perth 2026,Australia,Pro Men,16-24,33,8,1:02:23,AUS
Perth 2026,Australia,Pro Men,25-29,34,9,1:02:25,AUS
Perth 2026,Australia,Pro Men,25-29,35,10,1:02:55,AUS
Perth 2026,Australia,Pro Men,30-34,36,11,1:03:05,AUS
Perth 2026,Australia,Pro Men,45-49,37,1,1:03:10,NZL
Perth 2026,Australia,Pro Men,25-29,38,11,1:03:44,AUS
Perth 2026,Australia,Pro Men,30-34,39,12,1:03:47,AUS
Perth 2026,Australia,Pro Men,16-24,40,9,1:03:51,AUS
Perth 2026,Australia,Pro Men,30-34,41,13,1:04:04,AUS
Perth 2026,Australia,Pro Men,40-44,42,1,1:04:16,AUS
Perth 2026,Australia,Pro Men,30-34,43,14,1:04:16,AUS
Perth 2026,Australia,Pro Men,30-34,44,15,1:04:31,NZL
Perth 2026,Australia,Pro Men,16-24,45,10,1:04:48,AUS
Perth 2026,Australia,Pro Men,25-29,46,12,1:04:58,AUS
Perth 2026,Australia,Pro Men,25-29,47,13,1:05:00,AUS
Perth 2026,Australia,Pro Men,16-24,48,11,1:05:05,AUS
Perth 2026,Australia,Pro Men,25-29,49,14,1:05:23,JPN
Perth 2026,Australia,Pro Men,35-39,50,8,1:05:23,AUS
Perth 2026,Australia,Pro Men,35-39,51,9,1:05:27,NZL
Perth 2026,Australia,Pro Men,30-34,52,16,1:05:31,AUS
Perth 2026,Australia,Pro Men,25-29,53,15,1:05:32,IRL
Perth 2026,Australia,Pro Men,30-34,54,17,1:05:32,AUS
Perth 2026,Australia,Pro Men,16-24,55,12,1:05:37,AUS
Perth 2026,Australia,Pro Men,25-29,56,16,1:05:39,AUS
Perth 2026,Australia,Pro Men,35-39,57,10,1:05:51,GBR
Perth 2026,Australia,Pro Men,16-24,58,13,1:05:55,AUS
Perth 2026,Australia,Pro Men,35-39,59,11,1:05:57,NZL
Perth 2026,Australia,Pro Men,30-34,60,18,1:05:57,GBR
Perth 2026,Australia,Pro Men,25-29,61,17,1:06:09,AUS
Perth 2026,Australia,Pro Men,25-29,62,18,1:06:14,AUS
Perth 2026,Australia,Pro Men,16-24,63,14,1:06:15,AUS
Perth 2026,Australia,Pro Men,16-24,64,15,1:06:21,GBR
Perth 2026,Australia,Pro Men,25-29,65,19,1:06:24,AUS
Perth 2026,Australia,Pro Men,25-29,66,20,1:06:24,AUS
Perth 2026,Australia,Pro Men,16-24,67,16,1:06:27,AUS
Perth 2026,Australia,Pro Men,25-29,68,21,1:06:31,FRA
Perth 2026,Australia,Pro Men,25-29,69,22,1:06:40,IRL
Perth 2026,Australia,Pro Men,35-39,70,12,1:06:42,AUS
Perth 2026,Australia,Pro Men,45-49,71,2,1:06:43,AUS
Perth 2026,Australia,Pro Men,25-29,72,23,1:06:55,GBR
Perth 2026,Australia,Pro Men,40-44,73,2,1:07:03,AUS
Perth 2026,Australia,Pro Men,25-29,74,24,1:07:06,GBR
Perth 2026,Australia,Pro Men,40-44,75,3,1:07:09,AUS
Perth 2026,Australia,Pro Men,35-39,76,13,1:07:48,AUS
Perth 2026,Australia,Pro Men,16-24,77,17,1:07:49,FRA
Perth 2026,Australia,Pro Men,45-49,78,3,1:07:56,AUS
Perth 2026,Australia,Pro Men,40-44,79,4,1:08:00,AUS
Perth 2026,Australia,Pro Men,35-39,80,14,1:08:05,AUS
Perth 2026,Australia,Pro Men,40-44,81,5,1:08:19,AUS
Perth 2026,Australia,Pro Men,45-49,82,4,1:08:24,AUS
Perth 2026,Australia,Pro Men,30-34,83,19,1:08:39,AUS
Perth 2026,Australia,Pro Men,25-29,84,25,1:08:55,NZL
Perth 2026,Australia,Pro Men,30-34,85,20,1:09:05,AUS
Perth 2026,Australia,Pro Men,30-34,86,21,1:09:19,AUS
Perth 2026,Australia,Pro Men,30-34,87,22,1:09:24,AUS
Perth 2026,Australia,Pro Men,35-39,88,15,1:09:26,AUS
Perth 2026,Australia,Pro Men,30-34,89,23,1:09:27,AUS
Perth 2026,Australia,Pro Men,25-29,90,26,1:09:29,GRE
Perth 2026,Australia,Pro Men,30-34,91,24,1:09:37,FRA
Perth 2026,Australia,Pro Men,35-39,92,16,1:09:41,AUS
Perth 2026,Australia,Pro Men,16-24,93,18,1:09:46,AUS
Perth 2026,Australia,Pro Men,30-34,94,25,1:09:51,AUS
Perth 2026,Australia,Pro Men,30-34,95,26,1:09:53,GBR
Perth 2026,Australia,Pro Men,25-29,96,27,1:10:16,AUS
Perth 2026,Australia,Pro Men,25-29,97,28,1:10:32,AUS
Perth 2026,Australia,Pro Men,45-49,98,5,1:10:32,AUS
Perth 2026,Australia,Pro Men,30-34,99,27,1:10:37,NZL
Perth 2026,Australia,Pro Men,35-39,100,17,1:10:45,AUS
Perth 2026,Australia,Pro Women,30-34,1,1,0:59:59,NZL
Perth 2026,Australia,Pro Women,25-29,2,1,1:00:49,AUS
Perth 2026,Australia,Pro Women,30-34,3,2,1:01:57,AUS
Perth 2026,Australia,Pro Women,30-34,4,3,1:02:19,AUS
Perth 2026,Australia,Pro Women,25-29,5,2,1:03:21,AUS
Perth 2026,Australia,Pro Women,25-29,6,3,1:04:12,AUS
Perth 2026,Australia,Pro Women,25-29,7,4,1:05:22,AUS
Perth 2026,Australia,Pro Women,30-34,8,4,1:05:52,AUS
Perth 2026,Australia,Pro Women,35-39,9,1,1:06:18,AUS
Perth 2026,Australia,Pro Women,40-44,10,1,1:07:00,NZL
Perth 2026,Australia,Pro Women,16-24,11,1,1:07:59,AUS
Perth 2026,Australia,Pro Women,25-29,12,5,1:08:05,NZL
Perth 2026,Australia,Pro Women,35-39,13,2,1:08:17,AUS
Perth 2026,Australia,Pro Women,16-24,14,2,1:08:47,AUS
Perth 2026,Australia,Pro Women,25-29,15,6,1:08:47,WLS
Perth 2026,Australia,Pro Women,25-29,16,7,1:08:56,AUS
Perth 2026,Australia,Pro Women,40-44,17,2,1:09:05,AUS
Perth 2026,Australia,Pro Women,40-44,18,3,1:09:09,RSA
Perth 2026,Australia,Pro Women,30-34,19,5,1:09:46,AUS
Perth 2026,Australia,Pro Women,25-29,20,8,1:10:03,AUS
Perth 2026,Australia,Pro Women,30-34,21,6,1:10:09,AUS
Perth 2026,Australia,Pro Women,40-44,22,4,1:10:50,AUS
Perth 2026,Australia,Pro Women,25-29,23,9,1:11:12,AUS
Perth 2026,Australia,Pro Women,45-49,24,1,1:11:15,AUS
Perth 2026,Australia,Pro Women,25-29,25,10,1:11:31,AUS
Perth 2026,Australia,Pro Women,30-34,26,7,1:12:18,GBR
Perth 2026,Australia,Pro Women,16-24,27,3,1:12:42,AUS
Perth 2026,Australia,Pro Women,16-24,28,4,1:12:51,AUS
Perth 2026,Australia,Pro Women,25-29,29,11,1:12:58,AUS
Perth 2026,Australia,Pro Women,45-49,30,2,1:13:07,AUS
Perth 2026,Australia,Pro Women,16-24,31,5,1:13:08,NZL
Perth 2026,Australia,Pro Women,16-24,32,6,1:13:22,AUS
Perth 2026,Australia,Pro Women,16-24,33,7,1:14:09,AUS
Perth 2026,Australia,Pro Women,45-49,34,3,1:14:10,AUS
Perth 2026,Australia,Pro Women,16-24,35,8,1:14:15,AUS
Perth 2026,Australia,Pro Women,40-44,36,5,1:14:33,AUS
Perth 2026,Australia,Pro Women,45-49,37,4,1:15:14,AUS
Perth 2026,Australia,Pro Women,25-29,38,12,1:15:15,IRL
Perth 2026,Australia,Pro Women,30-34,39,8,1:15:31,AUS
Perth 2026,Australia,Pro Women,45-49,40,5,1:15:46,AUS
Perth 2026,Australia,Pro Women,40-44,41,6,1:16:12,AUS
Perth 2026,Australia,Pro Women,35-39,42,3,1:16:30,AUS
Perth 2026,Australia,Pro Women,25-29,43,13,1:17:19,AUS
Perth 2026,Australia,Pro Women,40-44,44,7,1:17:33,AUS
Perth 2026,Australia,Pro Women,30-34,45,9,1:17:54,AUS
Perth 2026,Australia,Pro Women,25-29,46,14,1:18:01,NZL
Perth 2026,Australia,Pro Women,16-24,47,9,1:18:29,AUS
Perth 2026,Australia,Pro Women,40-44,48,8,1:18:49,AUS
Perth 2026,Australia,Pro Women,35-39,49,4,1:18:57,AUS
Perth 2026,Australia,Pro Women,45-49,50,6,1:19:44,AUS
Perth 2026,Australia,Pro Women,50-54,51,1,1:20:11,AUS
Perth 2026,Australia,Pro Women,50-54,52,2,1:20:20,AUS
Perth 2026,Australia,Pro Women,35-39,53,5,1:20:39,IRL
Perth 2026,Australia,Pro Women,40-44,54,9,1:21:02,AUS
Perth 2026,Australia,Pro Women,35-39,55,6,1:21:35,AUS
Perth 2026,Australia,Pro Women,25-29,56,15,1:21:57,AUS
Perth 2026,Australia,Pro Women,55-59,57,1,1:22:29,AUS
Perth 2026,Australia,Pro Women,30-34,58,10,1:23:00,AUS
Perth 2026,Australia,Pro Women,45-49,59,7,1:23:11,AUS
Perth 2026,Australia,Pro Women,35-39,60,7,1:23:33,AUS
Perth 2026,Australia,Pro Women,30-34,61,11,1:23:39,AUS
Perth 2026,Australia,Pro Women,35-39,62,8,1:23:46,AUS
Perth 2026,Australia,Pro Women,30-34,63,12,1:23:46,AUS
Perth 2026,Australia,Pro Women,16-24,64,10,1:24:05,AUS
Perth 2026,Australia,Pro Women,40-44,65,10,1:24:19,AUS
Perth 2026,Australia,Pro Women,35-39,66,9,1:24:33,CHN
Perth 2026,Australia,Pro Women,45-49,67,8,1:24:45,AUS
Perth 2026,Australia,Pro Women,16-24,68,11,1:24:52,AUS
Perth 2026,Australia,Pro Women,35-39,69,10,1:25:25,AUS
Perth 2026,Australia,Pro Women,25-29,70,16,1:25:26,AUS
Perth 2026,Australia,Pro Women,40-44,71,11,1:26:51,AUS
Perth 2026,Australia,Pro Women,25-29,72,17,1:27:14,AUS
Perth 2026,Australia,Pro Women,30-34,73,13,1:27:15,NZL
Perth 2026,Australia,Pro Women,30-34,74,14,1:27:38,AUS
Perth 2026,Australia,Pro Women,40-44,75,12,1:28:36,AUS
Perth 2026,Australia,Pro Women,35-39,76,11,1:29:14,AUS
Perth 2026,Australia,Pro Women,25-29,77,18,1:29:25,AUS
Perth 2026,Australia,Pro Women,30-34,78,15,1:29:27,GBR
Perth 2026,Australia,Pro Women,30-34,79,16,1:29:39,AUS
Perth 2026,Australia,Pro Women,55-59,80,2,1:29:51,NZL
Perth 2026,Australia,Pro Women,25-29,81,19,1:30:58,AUS
Perth 2026,Australia,Pro Women,40-44,82,13,1:31:08,AUS
Perth 2026,Australia,Pro Women,30-34,83,17,1:31:26,AUS
Perth 2026,Australia,Pro Women,25-29,84,20,1:31:28,GBR
Perth 2026,Australia,Pro Women,40-44,85,14,1:31:38,AUS
Perth 2026,Australia,Pro Women,16-24,86,12,1:32:43,GBR
Perth 2026,Australia,Pro Women,40-44,87,15,1:33:11,NZL
Perth 2026,Australia,Pro Women,40-44,88,16,1:34:13,AUS
Perth 2026,Australia,Pro Women,16-24,89,13,1:35:23,AUS
Perth 2026,Australia,Pro Women,25-29,90,21,1:35:46,AUS
Perth 2026,Australia,Pro Women,25-29,91,22,1:37:19,AUS
Perth 2026,Australia,Pro Women,35-39,92,12,1:38:04,LAT
Perth 2026,Australia,Pro Women,25-29,93,23,1:38:06,COL
Perth 2026,Australia,Pro Women,25-29,94,24,1:38:59,AUS
Perth 2026,Australia,Pro Women,50-54,95,3,1:41:20,AUS
Perth 2026,Australia,Pro Women,30-34,96,18,1:41:33,NZL
Perth 2026,Australia,Pro Women,40-44,97,17,1:41:56,AUS
Perth 2026,Australia,Pro Women,30-34,98,19,1:42:42,AUS
Perth 2026,Australia,Pro Women,50-54,99,4,1:44:02,AUS
Perth 2026,Australia,Pro Women,40-44,100,18,1:46:02,NZL
Shenzhen 2026,China,Open Men,35-39,1,1,0:59:54,CHN
Shenzhen 2026,China,Open Men,30-34,2,1,1:00:27,NZL
Shenzhen 2026,China,Open Men,35-39,3,2,1:01:08,HKG
Shenzhen 2026,China,Open Men,30-34,4,2,1:02:23,CHN
Shenzhen 2026,China,Open Men,30-34,5,3,1:02:24,CHN
Shenzhen 2026,China,Open Men,35-39,6,3,1:03:48,HKG
Shenzhen 2026,China,Open Men,30-34,7,4,1:03:53,CHN
Shenzhen 2026,China,Open Men,40-44,8,1,1:03:54,CHN
Shenzhen 2026,China,Open Men,30-34,9,5,1:03:54,HKG
Shenzhen 2026,China,Open Men,25-29,10,1,1:03:54,CHN
Shenzhen 2026,China,Open Men,25-29,11,2,1:04:08,HKG
Shenzhen 2026,China,Open Men,40-44,12,2,1:04:12,CHN
Shenzhen 2026,China,Open Men,35-39,13,4,1:04:17,CHN
Shenzhen 2026,China,Open Men,35-39,14,5,1:04:26,CHN
Shenzhen 2026,China,Open Men,30-34,15,6,1:04:37,CHN
Shenzhen 2026,China,Open Men,35-39,16,6,1:04:54,CHN
Shenzhen 2026,China,Open Men,35-39,17,7,1:05:01,CHN
Shenzhen 2026,China,Open Men,40-44,18,3,1:05:12,HKG
Shenzhen 2026,China,Open Men,40-44,19,4,1:05:12,CHN
Shenzhen 2026,China,Open Men,30-34,20,7,1:05:14,CHN
Shenzhen 2026,China,Open Men,30-34,21,8,1:05:17,CHN
Shenzhen 2026,China,Open Men,25-29,22,3,1:05:30,HKG
Shenzhen 2026,China,Open Men,30-34,23,9,1:05:35,GBR
Shenzhen 2026,China,Open Men,35-39,24,8,1:05:36,GBR
Shenzhen 2026,China,Open Men,35-39,25,9,1:05:40,CHN
Shenzhen 2026,China,Open Men,35-39,26,10,1:05:44,CHN
Shenzhen 2026,China,Open Men,25-29,27,4,1:05:50,CHN
Shenzhen 2026,China,Open Men,30-34,28,10,1:05:55,CHN
Shenzhen 2026,China,Open Men,16-24,29,1,1:05:57,HKG
Shenzhen 2026,China,Open Men,35-39,30,11,1:06:02,MAC
Shenzhen 2026,China,Open Men,35-39,31,12,1:06:17,CHN
Shenzhen 2026,China,Open Men,35-39,32,13,1:07:00,CHN
Shenzhen 2026,China,Open Men,30-34,33,11,1:07:01,CHN
Shenzhen 2026,China,Open Men,30-34,34,12,1:07:03,HKG
Shenzhen 2026,China,Open Men,30-34,35,13,1:07:07,CHN
Shenzhen 2026,China,Open Men,25-29,36,5,1:07:19,HKG
Shenzhen 2026,China,Open Men,30-34,37,14,1:07:28,CHN
Shenzhen 2026,China,Open Men,30-34,38,15,1:07:43,CHN
Shenzhen 2026,China,Open Men,40-44,39,5,1:07:43,CHN
Shenzhen 2026,China,Open Men,25-29,40,6,1:07:51,CHN
Shenzhen 2026,China,Open Men,35-39,41,14,1:08:11,CHN
Shenzhen 2026,China,Open Men,35-39,42,15,1:08:29,GBR
Shenzhen 2026,China,Open Men,25-29,43,7,1:08:30,ITA
Shenzhen 2026,China,Open Men,30-34,44,16,1:08:32,CHN
Shenzhen 2026,China,Open Men,16-24,45,2,1:08:34,CHN
Shenzhen 2026,China,Open Men,25-29,46,8,1:08:53,CHN
Shenzhen 2026,China,Open Men,40-44,47,6,1:08:55,GBR
Shenzhen 2026,China,Open Men,25-29,48,9,1:08:58,HKG
Shenzhen 2026,China,Open Men,25-29,49,10,1:09:10,CHN
Shenzhen 2026,China,Open Men,25-29,50,11,1:09:11,CHN
Shenzhen 2026,China,Open Men,16-24,51,3,1:09:18,CHN
Shenzhen 2026,China,Open Men,16-24,52,4,1:09:28,PHI
Shenzhen 2026,China,Open Men,30-34,53,17,1:09:29,HKG
Shenzhen 2026,China,Open Men,30-34,54,18,1:09:31,BRU
Shenzhen 2026,China,Open Men,25-29,55,12,1:09:32,HKG
Shenzhen 2026,China,Open Men,30-34,56,19,1:09:33,CHN
Shenzhen 2026,China,Open Men,30-34,57,20,1:09:46,KOR
Shenzhen 2026,China,Open Men,30-34,58,21,1:09:50,HKG
Shenzhen 2026,China,Open Men,30-34,59,22,1:09:51,HKG
Shenzhen 2026,China,Open Men,25-29,60,13,1:10:01,CHN
Shenzhen 2026,China,Open Men,30-34,61,23,1:10:12,NED
Shenzhen 2026,China,Open Men,30-34,62,24,1:10:15,HKG
Shenzhen 2026,China,Open Men,40-44,63,7,1:10:18,CHN
Shenzhen 2026,China,Open Men,40-44,64,8,1:10:21,CHN
Shenzhen 2026,China,Open Men,16-24,65,5,1:10:37,HKG
Shenzhen 2026,China,Open Men,25-29,66,14,1:10:56,CHN
Shenzhen 2026,China,Open Men,35-39,67,16,1:11:02,CHN
Shenzhen 2026,China,Open Men,30-34,68,25,1:11:04,CHN
Shenzhen 2026,China,Open Men,30-34,69,26,1:11:05,CHN
Shenzhen 2026,China,Open Men,30-34,70,27,1:11:12,HKG
Shenzhen 2026,China,Open Men,16-24,71,6,1:11:23,KOR
Shenzhen 2026,China,Open Men,25-29,72,15,1:11:39,CHN
Shenzhen 2026,China,Open Men,40-44,73,9,1:11:41,SIN
Shenzhen 2026,China,Open Men,25-29,74,16,1:11:43,HKG
Shenzhen 2026,China,Open Men,30-34,75,28,1:11:49,HKG
Shenzhen 2026,China,Open Men,35-39,76,17,1:11:59,CHN
Shenzhen 2026,China,Open Men,25-29,77,17,1:12:19,HKG
Shenzhen 2026,China,Open Men,25-29,78,18,1:12:20,CHN
Shenzhen 2026,China,Open Men,16-24,79,7,1:12:21,CHN
Shenzhen 2026,China,Open Men,40-44,80,10,1:12:23,HKG
Shenzhen 2026,China,Open Men,30-34,81,29,1:12:25,RUS
Shenzhen 2026,China,Open Men,35-39,82,18,1:12:29,UKR
Shenzhen 2026,China,Open Men,30-34,83,30,1:12:32,CHN
Shenzhen 2026,China,Open Men,35-39,84,19,1:12:36,CHN
Shenzhen 2026,China,Open Men,35-39,85,20,1:12:43,USA
Shenzhen 2026,China,Open Men,25-29,86,19,1:12:46,CHN
Shenzhen 2026,China,Open Men,30-34,87,31,1:12:51,CAN
Shenzhen 2026,China,Open Men,35-39,88,21,1:12:53,CHN
Shenzhen 2026,China,Open Men,30-34,89,32,1:12:55,TPE
Shenzhen 2026,China,Open Men,25-29,90,20,1:13:01,HKG
Shenzhen 2026,China,Open Men,25-29,91,21,1:13:13,CHN
Shenzhen 2026,China,Open Men,25-29,92,22,1:13:25,CHN
Shenzhen 2026,China,Open Men,25-29,93,23,1:13:26,DEN
Shenzhen 2026,China,Open Men,16-24,94,8,1:13:28,CHN
Shenzhen 2026,China,Open Men,35-39,95,22,1:13:31,CHN
Shenzhen 2026,China,Open Men,16-24,96,9,1:13:33,CHN
Shenzhen 2026,China,Open Men,25-29,97,24,1:13:38,MAC
Shenzhen 2026,China,Open Men,30-34,98,33,1:13:47,HKG
Shenzhen 2026,China,Open Men,45-49,99,1,1:13:54,CHN
Shenzhen 2026,China,Open Men,40-44,100,11,1:13:55,HKG
Shenzhen 2026,China,Open Women,25-29,1,1,1:01:24,CHN
Shenzhen 2026,China,Open Women,30-34,2,1,1:03:50,CHN
Shenzhen 2026,China,Open Women,35-39,3,1,1:05:11,CHN
Shenzhen 2026,China,Open Women,30-34,4,2,1:07:12,CHN
Shenzhen 2026,China,Open Women,30-34,5,3,1:08:03,CHN
Shenzhen 2026,China,Open Women,25-29,6,2,1:08:59,CHN
Shenzhen 2026,China,Open Women,30-34,7,4,1:09:42,CHN
Shenzhen 2026,China,Open Women,30-34,8,5,1:09:49,CHN
Shenzhen 2026,China,Open Women,40-44,9,1,1:10:07,CHN
Shenzhen 2026,China,Open Women,35-39,10,2,1:10:31,KOR
Shenzhen 2026,China,Open Women,35-39,11,3,1:10:57,CHN
Shenzhen 2026,China,Open Women,25-29,12,3,1:11:09,CHN
Shenzhen 2026,China,Open Women,35-39,13,4,1:12:21,CHN
Shenzhen 2026,China,Open Women,40-44,14,2,1:12:42,CHN
Shenzhen 2026,China,Open Women,35-39,15,5,1:12:45,CHN
Shenzhen 2026,China,Open Women,30-34,16,6,1:13:18,CHN
Shenzhen 2026,China,Open Women,16-24,17,1,1:13:40,CHN
Shenzhen 2026,China,Open Women,35-39,18,6,1:13:46,CHN
Shenzhen 2026,China,Open Women,25-29,19,4,1:14:19,CHN
Shenzhen 2026,China,Open Women,35-39,20,7,1:14:39,CHN
Shenzhen 2026,China,Open Women,40-44,21,3,1:14:45,CHN
Shenzhen 2026,China,Open Women,30-34,22,7,1:14:45,CHN
Shenzhen 2026,China,Open Women,25-29,23,5,1:14:51,CHN
Shenzhen 2026,China,Open Women,40-44,24,4,1:15:14,CHN
Shenzhen 2026,China,Open Women,40-44,25,5,1:15:45,AUS
Shenzhen 2026,China,Open Women,35-39,26,8,1:15:55,CHN
Shenzhen 2026,China,Open Women,35-39,27,9,1:16:09,HKG
Shenzhen 2026,China,Open Women,25-29,28,6,1:16:14,HKG
Shenzhen 2026,China,Open Women,35-39,29,10,1:16:24,CHN
Shenzhen 2026,China,Open Women,30-34,30,8,1:16:36,CHN
Shenzhen 2026,China,Open Women,25-29,31,7,1:16:44,CHN
Shenzhen 2026,China,Open Women,35-39,32,11,1:16:55,CHN
Shenzhen 2026,China,Open Women,30-34,33,9,1:17:00,CHN
Shenzhen 2026,China,Open Women,30-34,34,10,1:17:08,CHN
Shenzhen 2026,China,Open Women,40-44,35,6,1:17:13,CHN
Shenzhen 2026,China,Open Women,16-24,36,2,1:17:27,HKG
Shenzhen 2026,China,Open Women,25-29,37,8,1:17:45,CHN
Shenzhen 2026,China,Open Women,35-39,38,12,1:17:55,CHN
Shenzhen 2026,China,Open Women,25-29,39,9,1:17:57,CHN
Shenzhen 2026,China,Open Women,35-39,40,13,1:17:58,CHN
Shenzhen 2026,China,Open Women,30-34,41,11,1:18:09,CHN
Shenzhen 2026,China,Open Women,45-49,42,1,1:18:11,CHN
Shenzhen 2026,China,Open Women,16-24,43,3,1:18:11,CHN
Shenzhen 2026,China,Open Women,30-34,44,12,1:18:23,HKG
Shenzhen 2026,China,Open Women,25-29,45,10,1:18:24,CHN
Shenzhen 2026,China,Open Women,40-44,46,7,1:18:35,KOR
Shenzhen 2026,China,Open Women,30-34,47,13,1:18:46,CHN
Shenzhen 2026,China,Open Women,35-39,48,14,1:18:46,CHN
Shenzhen 2026,China,Open Women,40-44,49,8,1:19:01,CHN
Shenzhen 2026,China,Open Women,30-34,50,14,1:19:26,TPE
Shenzhen 2026,China,Open Women,35-39,51,15,1:19:34,CHN
Shenzhen 2026,China,Open Women,35-39,52,16,1:19:35,CHN
Shenzhen 2026,China,Open Women,40-44,53,9,1:19:49,CHN
Shenzhen 2026,China,Open Women,25-29,54,11,1:19:49,CHN
Shenzhen 2026,China,Open Women,30-34,55,15,1:19:50,CHN
Shenzhen 2026,China,Open Women,35-39,56,17,1:20:03,CHN
Shenzhen 2026,China,Open Women,30-34,57,16,1:20:03,CHN
Shenzhen 2026,China,Open Women,30-34,58,17,1:20:11,CHN
Shenzhen 2026,China,Open Women,35-39,59,18,1:20:13,CHN
Shenzhen 2026,China,Open Women,30-34,60,18,1:20:22,CHN
Shenzhen 2026,China,Open Women,30-34,61,19,1:20:29,HKG
Shenzhen 2026,China,Open Women,30-34,62,20,1:21:03,CHN
Shenzhen 2026,China,Open Women,35-39,63,19,1:21:06,CHN
Shenzhen 2026,China,Open Women,25-29,64,12,1:21:10,HKG
Shenzhen 2026,China,Open Women,30-34,65,21,1:21:15,CHN
Shenzhen 2026,China,Open Women,35-39,66,20,1:21:21,HKG
Shenzhen 2026,China,Open Women,30-34,67,22,1:21:49,HKG
Shenzhen 2026,China,Open Women,16-24,68,4,1:22:01,CHN
Shenzhen 2026,China,Open Women,35-39,69,21,1:22:02,CHN
Shenzhen 2026,China,Open Women,30-34,70,23,1:22:05,CHN
Shenzhen 2026,China,Open Women,35-39,71,22,1:22:10,CHN
Shenzhen 2026,China,Open Women,35-39,72,23,1:22:11,CHN
Shenzhen 2026,China,Open Women,35-39,73,24,1:22:13,CHN
Shenzhen 2026,China,Open Women,35-39,74,25,1:22:14,CHN
Shenzhen 2026,China,Open Women,16-24,75,5,1:22:17,MAC
Shenzhen 2026,China,Open Women,30-34,76,24,1:22:24,CHN
Shenzhen 2026,China,Open Women,30-34,77,25,1:22:27,CHN
Shenzhen 2026,China,Open Women,40-44,78,10,1:22:28,CHN
Shenzhen 2026,China,Open Women,30-34,79,26,1:22:35,CHN
Shenzhen 2026,China,Open Women,30-34,80,27,1:22:39,CHN
Shenzhen 2026,China,Open Women,25-29,81,13,1:22:41,CHN
Shenzhen 2026,China,Open Women,30-34,82,28,1:23:11,CHN
Shenzhen 2026,China,Open Women,30-34,83,29,1:23:23,HKG
Shenzhen 2026,China,Open Women,30-34,84,30,1:23:27,HKG
Shenzhen 2026,China,Open Women,25-29,85,14,1:23:30,CHN
Shenzhen 2026,China,Open Women,25-29,86,15,1:23:33,CHN
Shenzhen 2026,China,Open Women,25-29,87,16,1:23:40,CHN
Shenzhen 2026,China,Open Women,30-34,88,31,1:23:43,SIN
Shenzhen 2026,China,Open Women,30-34,89,32,1:23:44,HKG
Shenzhen 2026,China,Open Women,30-34,90,33,1:23:47,CHN
Shenzhen 2026,China,Open Women,40-44,91,11,1:23:56,CHN
Shenzhen 2026,China,Open Women,30-34,92,34,1:24:00,CHN
Shenzhen 2026,China,Open Women,35-39,93,26,1:24:11,CHN
Shenzhen 2026,China,Open Women,35-39,94,27,1:24:17,CHN
Shenzhen 2026,China,Open Women,45-49,95,2,1:24:26,MAS
Shenzhen 2026,China,Open Women,40-44,96,12,1:24:27,CHN
Shenzhen 2026,China,Open Women,40-44,97,13,1:24:33,CHN
Shenzhen 2026,China,Open Women,30-34,98,35,1:24:38,CAN
Shenzhen 2026,China,Open Women,30-34,99,36,1:24:56,HKG
Shenzhen 2026,China,Open Women,35-39,100,28,1:24:58,CHN
Shenzhen 2026,China,Pro Men,30-34,1,1,0:53:30,CAN
Shenzhen 2026,China,Pro Men,30-34,2,2,1:00:00,CHN
Shenzhen 2026,China,Pro Men,25-29,3,1,1:00:14,CHN
Shenzhen 2026,China,Pro Men,16-24,4,1,1:01:23,HKG
Shenzhen 2026,China,Pro Men,30-34,5,3,1:03:11,CHN
Shenzhen 2026,China,Pro Men,30-34,6,4,1:03:37,CHN
Shenzhen 2026,China,Pro Men,25-29,7,2,1:04:02,CHN
Shenzhen 2026,China,Pro Men,25-29,8,3,1:04:17,CHN
Shenzhen 2026,China,Pro Men,30-34,9,5,1:05:05,HKG
Shenzhen 2026,China,Pro Men,40-44,10,1,1:05:11,CHN
Shenzhen 2026,China,Pro Men,35-39,11,1,1:06:11,HKG
Shenzhen 2026,China,Pro Men,30-34,12,6,1:06:14,GER
Shenzhen 2026,China,Pro Men,30-34,13,7,1:06:16,HKG
Shenzhen 2026,China,Pro Men,25-29,14,4,1:06:34,KOR
Shenzhen 2026,China,Pro Men,30-34,15,8,1:06:39,HKG
Shenzhen 2026,China,Pro Men,30-34,16,9,1:06:57,CHN
Shenzhen 2026,China,Pro Men,35-39,17,2,1:07:03,TPE
Shenzhen 2026,China,Pro Men,40-44,18,2,1:07:23,HKG
Shenzhen 2026,China,Pro Men,35-39,19,3,1:07:37,HKG
Shenzhen 2026,China,Pro Men,40-44,20,3,1:08:05,HKG
Shenzhen 2026,China,Pro Men,40-44,21,4,1:08:06,POR
Shenzhen 2026,China,Pro Men,16-24,22,2,1:08:11,KOR
Shenzhen 2026,China,Pro Men,30-34,23,10,1:08:19,RUS
Shenzhen 2026,China,Pro Men,25-29,24,5,1:08:52,HKG
Shenzhen 2026,China,Pro Men,25-29,25,6,1:09:35,CHN
Shenzhen 2026,China,Pro Men,30-34,26,11,1:09:43,HKG
Shenzhen 2026,China,Pro Men,16-24,27,3,1:09:51,CHN
Shenzhen 2026,China,Pro Men,35-39,28,4,1:10:00,CHN
Shenzhen 2026,China,Pro Men,30-34,29,12,1:10:09,HKG
Shenzhen 2026,China,Pro Men,25-29,30,7,1:10:40,CHN
Shenzhen 2026,China,Pro Men,25-29,31,8,1:10:45,CHN
Shenzhen 2026,China,Pro Men,35-39,32,5,1:10:55,SRB
Shenzhen 2026,China,Pro Men,30-34,33,13,1:10:58,NZL
Shenzhen 2026,China,Pro Men,35-39,34,6,1:11:17,CHN
Shenzhen 2026,China,Pro Men,16-24,35,4,1:12:39,CHN
Shenzhen 2026,China,Pro Men,35-39,36,7,1:12:47,TPE
Shenzhen 2026,China,Pro Men,30-34,37,14,1:12:48,CHN
Shenzhen 2026,China,Pro Men,30-34,38,15,1:12:59,CHN
Shenzhen 2026,China,Pro Men,25-29,39,9,1:13:05,AUS
Shenzhen 2026,China,Pro Men,30-34,40,16,1:13:06,FRA
Shenzhen 2026,China,Pro Men,35-39,41,8,1:13:14,GBR
Shenzhen 2026,China,Pro Men,40-44,42,5,1:13:58,SIN
Shenzhen 2026,China,Pro Men,45-49,43,1,1:14:07,CHN
Shenzhen 2026,China,Pro Men,35-39,44,9,1:14:11,UKR
Shenzhen 2026,China,Pro Men,35-39,45,10,1:14:14,HKG
Shenzhen 2026,China,Pro Men,35-39,46,11,1:14:19,CHN
Shenzhen 2026,China,Pro Men,25-29,47,10,1:14:30,CHN
Shenzhen 2026,China,Pro Men,30-34,48,17,1:14:36,HKG
Shenzhen 2026,China,Pro Men,25-29,49,11,1:14:45,HKG
Shenzhen 2026,China,Pro Men,45-49,50,2,1:14:49,CHN
Shenzhen 2026,China,Pro Men,25-29,51,12,1:14:55,ITA
Shenzhen 2026,China,Pro Men,50-54,52,1,1:15:10,GBR
Shenzhen 2026,China,Pro Men,30-34,53,18,1:15:12,PHI
Shenzhen 2026,China,Pro Men,16-24,54,5,1:15:13,KOR
Shenzhen 2026,China,Pro Men,35-39,55,12,1:15:39,CHN
Shenzhen 2026,China,Pro Men,25-29,56,13,1:15:51,CHN
Shenzhen 2026,China,Pro Men,45-49,57,3,1:15:53,HKG
Shenzhen 2026,China,Pro Men,35-39,58,14,1:16:00,CHN
Shenzhen 2026,China,Pro Men,35-39,59,13,1:16:00,CHN
Shenzhen 2026,China,Pro Men,35-39,60,15,1:16:01,FRA
Shenzhen 2026,China,Pro Men,40-44,61,6,1:16:08,JPN
Shenzhen 2026,China,Pro Men,30-34,62,19,1:16:17,CHN
Shenzhen 2026,China,Pro Men,30-34,63,20,1:16:27,CHN
Shenzhen 2026,China,Pro Men,35-39,64,16,1:16:31,CHN
Shenzhen 2026,China,Pro Men,50-54,65,2,1:16:46,HKG
Shenzhen 2026,China,Pro Men,40-44,66,7,1:17:07,MAD
Shenzhen 2026,China,Pro Men,40-44,67,8,1:17:09,CHN
Shenzhen 2026,China,Pro Men,40-44,68,9,1:17:10,FRA
Shenzhen 2026,China,Pro Men,45-49,69,4,1:17:14,HKG
Shenzhen 2026,China,Pro Men,35-39,70,17,1:17:16,CHN
Shenzhen 2026,China,Pro Men,35-39,71,18,1:17:27,RUS
Shenzhen 2026,China,Pro Men,30-34,72,21,1:17:30,ITA
Shenzhen 2026,China,Pro Men,30-34,73,22,1:17:34,KOR
Shenzhen 2026,China,Pro Men,30-34,74,23,1:17:36,CHN
Shenzhen 2026,China,Pro Men,45-49,75,5,1:17:37,BRA
Shenzhen 2026,China,Pro Men,30-34,76,24,1:17:49,HKG
Shenzhen 2026,China,Pro Men,30-34,77,25,1:18:19,CHN
Shenzhen 2026,China,Pro Men,16-24,78,6,1:18:25,CHN
Shenzhen 2026,China,Pro Men,35-39,79,19,1:18:26,CHN
Shenzhen 2026,China,Pro Men,35-39,80,20,1:18:30,UKR
Shenzhen 2026,China,Pro Men,35-39,81,21,1:18:33,USA
Shenzhen 2026,China,Pro Men,35-39,82,22,1:18:45,HKG
Shenzhen 2026,China,Pro Men,35-39,83,23,1:18:54,CHN
Shenzhen 2026,China,Pro Men,16-24,84,7,1:19:13,CHN
Shenzhen 2026,China,Pro Men,25-29,85,14,1:19:15,HKG
Shenzhen 2026,China,Pro Men,30-34,86,26,1:19:18,HKG
Shenzhen 2026,China,Pro Men,35-39,87,24,1:19:33,MAC
Shenzhen 2026,China,Pro Men,50-54,88,3,1:19:34,HKG
Shenzhen 2026,China,Pro Men,45-49,89,6,1:19:34,HKG
Shenzhen 2026,China,Pro Men,25-29,90,15,1:19:38,CAN
Shenzhen 2026,China,Pro Men,30-34,91,27,1:19:39,MAC
Shenzhen 2026,China,Pro Men,30-34,92,28,1:19:51,CHN
Shenzhen 2026,China,Pro Men,25-29,93,16,1:19:55,CHN
Shenzhen 2026,China,Pro Men,30-34,94,29,1:20:01,FRA
Shenzhen 2026,China,Pro Men,40-44,95,10,1:20:14,CHN
Shenzhen 2026,China,Pro Men,25-29,96,17,1:20:19,CHN
Shenzhen 2026,China,Pro Men,30-34,97,30,1:20:33,CHN
Shenzhen 2026,China,Pro Men,35-39,98,25,1:20:43,CHN
Shenzhen 2026,China,Pro Men,35-39,99,26,1:21:09,CHN
Shenzhen 2026,China,Pro Men,30-34,100,31,1:21:17,CHN
Shenzhen 2026,China,Pro Women,35-39,1,1,1:03:25,SUI
Shenzhen 2026,China,Pro Women,30-34,2,1,1:04:35,GER
Shenzhen 2026,China,Pro Women,30-34,3,2,1:05:22,HKG
Shenzhen 2026,China,Pro Women,35-39,4,2,1:08:11,IRL
Shenzhen 2026,China,Pro Women,35-39,5,3,1:08:29,CHN
Shenzhen 2026,China,Pro Women,25-29,6,1,1:08:59,CHN
Shenzhen 2026,China,Pro Women,16-24,7,1,1:09:31,AUS
Shenzhen 2026,China,Pro Women,35-39,8,4,1:09:48,CHN
Shenzhen 2026,China,Pro Women,35-39,9,5,1:10:51,CHN
Shenzhen 2026,China,Pro Women,35-39,10,6,1:10:59,CHN
Shenzhen 2026,China,Pro Women,30-34,11,3,1:11:16,NZL
Shenzhen 2026,China,Pro Women,25-29,12,2,1:11:59,CHN
Shenzhen 2026,China,Pro Women,45-49,13,1,1:13:04,SIN
Shenzhen 2026,China,Pro Women,40-44,14,1,1:14:23,NZL
Shenzhen 2026,China,Pro Women,25-29,15,3,1:15:00,HKG
Shenzhen 2026,China,Pro Women,35-39,16,7,1:15:59,KOR
Shenzhen 2026,China,Pro Women,35-39,17,8,1:16:09,CHN
Shenzhen 2026,China,Pro Women,30-34,18,4,1:16:48,CHN
Shenzhen 2026,China,Pro Women,16-24,19,2,1:16:52,KOR
Shenzhen 2026,China,Pro Women,16-24,20,3,1:17:16,CHN
Shenzhen 2026,China,Pro Women,35-39,21,9,1:17:36,CHN
Shenzhen 2026,China,Pro Women,40-44,22,2,1:17:55,GBR
Shenzhen 2026,China,Pro Women,40-44,23,3,1:18:24,CHN
Shenzhen 2026,China,Pro Women,35-39,24,10,1:18:51,CHN
Shenzhen 2026,China,Pro Women,30-34,25,5,1:18:55,SIN
Shenzhen 2026,China,Pro Women,25-29,26,4,1:19:14,CHN
Shenzhen 2026,China,Pro Women,35-39,27,11,1:19:15,CHN
Shenzhen 2026,China,Pro Women,30-34,28,6,1:19:48,CHN
Shenzhen 2026,China,Pro Women,30-34,29,7,1:20:35,CHN
Shenzhen 2026,China,Pro Women,35-39,30,12,1:21:02,HKG
Shenzhen 2026,China,Pro Women,16-24,31,4,1:21:22,HKG
Shenzhen 2026,China,Pro Women,50-54,32,1,1:21:30,CHN
Shenzhen 2026,China,Pro Women,25-29,33,5,1:21:44,CHN
Shenzhen 2026,China,Pro Women,35-39,34,13,1:21:49,HKG
Shenzhen 2026,China,Pro Women,16-24,35,5,1:22:42,CHN
Shenzhen 2026,China,Pro Women,25-29,36,6,1:22:46,CHN
Shenzhen 2026,China,Pro Women,30-34,37,8,1:23:22,CHN
Shenzhen 2026,China,Pro Women,35-39,38,14,1:23:32,HKG
Shenzhen 2026,China,Pro Women,30-34,39,9,1:23:32,IRL
Shenzhen 2026,China,Pro Women,40-44,40,4,1:23:48,CHN
Shenzhen 2026,China,Pro Women,40-44,41,5,1:24:11,CHN
Shenzhen 2026,China,Pro Women,25-29,42,7,1:24:12,CHN
Shenzhen 2026,China,Pro Women,16-24,43,6,1:24:19,SUI
Shenzhen 2026,China,Pro Women,40-44,44,6,1:24:21,CHN
Shenzhen 2026,China,Pro Women,25-29,45,8,1:24:25,CHN
Shenzhen 2026,China,Pro Women,16-24,46,7,1:24:25,CHN
Shenzhen 2026,China,Pro Women,35-39,47,15,1:24:25,HKG
Shenzhen 2026,China,Pro Women,30-34,48,10,1:24:46,CHN
Shenzhen 2026,China,Pro Women,30-34,49,11,1:24:48,HKG
Shenzhen 2026,China,Pro Women,16-24,50,8,1:24:52,HKG
Shenzhen 2026,China,Pro Women,30-34,51,12,1:25:06,CHN
Shenzhen 2026,China,Pro Women,40-44,52,7,1:25:26,HKG
Shenzhen 2026,China,Pro Women,40-44,53,8,1:25:47,PHI
Shenzhen 2026,China,Pro Women,30-34,54,13,1:25:56,CHN
Shenzhen 2026,China,Pro Women,30-34,55,14,1:26:20,CHN
Shenzhen 2026,China,Pro Women,35-39,56,16,1:26:24,CHN
Shenzhen 2026,China,Pro Women,30-34,57,15,1:26:30,HKG
Shenzhen 2026,China,Pro Women,25-29,58,9,1:26:44,CHN
Shenzhen 2026,China,Pro Women,30-34,59,16,1:26:49,CHN
Shenzhen 2026,China,Pro Women,35-39,60,17,1:26:54,CHN
Shenzhen 2026,China,Pro Women,25-29,61,10,1:27:21,CHN
Shenzhen 2026,China,Pro Women,35-39,62,18,1:27:31,MAC
Shenzhen 2026,China,Pro Women,40-44,63,9,1:27:33,SIN
Shenzhen 2026,China,Pro Women,35-39,64,19,1:27:54,CHN
Shenzhen 2026,China,Pro Women,30-34,65,17,1:28:10,CHN
Shenzhen 2026,China,Pro Women,30-34,66,18,1:28:23,CHN
Shenzhen 2026,China,Pro Women,35-39,67,20,1:28:30,CHN
Shenzhen 2026,China,Pro Women,16-24,68,9,1:28:47,CHN
Shenzhen 2026,China,Pro Women,25-29,69,11,1:29:10,CHN
Shenzhen 2026,China,Pro Women,30-34,70,19,1:29:14,CHN
Shenzhen 2026,China,Pro Women,45-49,71,2,1:29:46,HKG
Shenzhen 2026,China,Pro Women,30-34,72,20,1:30:25,CHN
Shenzhen 2026,China,Pro Women,25-29,73,12,1:31:22,CHN
Shenzhen 2026,China,Pro Women,25-29,74,13,1:31:32,HKG
Shenzhen 2026,China,Pro Women,25-29,75,14,1:32:25,CHN
Shenzhen 2026,China,Pro Women,25-29,76,15,1:32:39,CHN
Shenzhen 2026,China,Pro Women,30-34,77,21,1:32:43,CHN
Shenzhen 2026,China,Pro Women,35-39,78,21,1:32:50,CHN
Shenzhen 2026,China,Pro Women,30-34,79,22,1:33:08,CHN
Shenzhen 2026,China,Pro Women,16-24,80,10,1:33:16,CHN
Shenzhen 2026,China,Pro Women,30-34,81,23,1:33:29,CHN
Shenzhen 2026,China,Pro Women,25-29,82,16,1:33:35,CHN
Shenzhen 2026,China,Pro Women,45-49,83,3,1:33:44,CHN
Shenzhen 2026,China,Pro Women,40-44,84,10,1:33:48,CHN
Shenzhen 2026,China,Pro Women,16-24,85,11,1:33:51,HKG
Shenzhen 2026,China,Pro Women,30-34,86,24,1:33:54,CHN
Shenzhen 2026,China,Pro Women,45-49,87,4,1:33:58,HKG
Shenzhen 2026,China,Pro Women,35-39,88,22,1:34:30,CHN
Shenzhen 2026,China,Pro Women,40-44,89,11,1:35:02,CHN
Shenzhen 2026,China,Pro Women,30-34,90,25,1:35:23,CHN
Shenzhen 2026,China,Pro Women,30-34,91,26,1:35:38,CHN
Shenzhen 2026,China,Pro Women,40-44,92,12,1:35:46,CHN
Shenzhen 2026,China,Pro Women,16-24,93,12,1:36:07,CHN
Shenzhen 2026,China,Pro Women,45-49,94,5,1:36:38,HKG
Shenzhen 2026,China,Pro Women,16-24,95,13,1:37:04,CHN
Shenzhen 2026,China,Pro Women,45-49,96,6,1:37:28,CHN
Shenzhen 2026,China,Pro Women,30-34,97,27,1:37:43,CHN
Shenzhen 2026,China,Pro Women,25-29,98,17,1:38:16,CHN
Shenzhen 2026,China,Pro Women,25-29,99,18,1:38:31,CHN
Shenzhen 2026,China,Pro Women,35-39,100,23,1:38:59,CHN
Jakarta 2026,Indonesia,Open Men,30-34,1,1,0:59:10,KOR
Jakarta 2026,Indonesia,Open Men,25-29,2,1,0:59:22,FRA
Jakarta 2026,Indonesia,Open Men,16-24,3,1,0:59:51,BRU
Jakarta 2026,Indonesia,Open Men,30-34,4,2,1:00:05,GBR
Jakarta 2026,Indonesia,Open Men,25-29,5,2,1:00:24,HUN
Jakarta 2026,Indonesia,Open Men,30-34,6,3,1:01:04,AUS
Jakarta 2026,Indonesia,Open Men,35-39,7,1,1:01:07,FRA
Jakarta 2026,Indonesia,Open Men,35-39,8,2,1:01:41,JPN
Jakarta 2026,Indonesia,Open Men,25-29,9,3,1:01:51,AUS
Jakarta 2026,Indonesia,Open Men,16-24,10,2,1:02:02,SIN
Jakarta 2026,Indonesia,Open Men,25-29,11,4,1:02:10,FRA
Jakarta 2026,Indonesia,Open Men,30-34,12,4,1:02:17,JPN
Jakarta 2026,Indonesia,Open Men,35-39,13,3,1:02:29,AUS
Jakarta 2026,Indonesia,Open Men,35-39,14,4,1:04:01,SIN
Jakarta 2026,Indonesia,Open Men,40-44,15,1,1:04:14,ITA
Jakarta 2026,Indonesia,Open Men,16-24,16,3,1:04:30,INA
Jakarta 2026,Indonesia,Open Men,35-39,17,5,1:05:21,INA
Jakarta 2026,Indonesia,Open Men,16-24,18,4,1:05:26,JPN
Jakarta 2026,Indonesia,Open Men,16-24,19,5,1:05:40,INA
Jakarta 2026,Indonesia,Open Men,30-34,20,5,1:06:16,RUS
Jakarta 2026,Indonesia,Open Men,16-24,21,6,1:06:18,SIN
Jakarta 2026,Indonesia,Open Men,30-34,22,6,1:06:47,MAS
Jakarta 2026,Indonesia,Open Men,30-34,23,7,1:06:50,USA
Jakarta 2026,Indonesia,Open Men,16-24,24,7,1:06:55,FRA
Jakarta 2026,Indonesia,Open Men,30-34,25,8,1:07:11,FRA
Jakarta 2026,Indonesia,Open Men,16-24,26,8,1:07:22,INA
Jakarta 2026,Indonesia,Open Men,40-44,27,2,1:07:34,KUW
Jakarta 2026,Indonesia,Open Men,30-34,28,9,1:07:38,PHI
Jakarta 2026,Indonesia,Open Men,35-39,29,6,1:07:55,GBR
Jakarta 2026,Indonesia,Open Men,16-24,30,9,1:08:10,INA
Jakarta 2026,Indonesia,Open Men,35-39,31,7,1:08:12,JPN
Jakarta 2026,Indonesia,Open Men,16-24,32,10,1:08:27,AUS
Jakarta 2026,Indonesia,Open Men,30-34,33,10,1:08:33,INA
Jakarta 2026,Indonesia,Open Men,16-24,34,11,1:08:44,INA
Jakarta 2026,Indonesia,Open Men,40-44,35,3,1:08:45,HKG
Jakarta 2026,Indonesia,Open Men,25-29,36,5,1:08:51,SIN
Jakarta 2026,Indonesia,Open Men,35-39,37,8,1:08:51,SRI
Jakarta 2026,Indonesia,Open Men,30-34,38,11,1:09:04,INA
Jakarta 2026,Indonesia,Open Men,35-39,39,9,1:09:18,FIJ
Jakarta 2026,Indonesia,Open Men,50-54,40,1,1:09:27,AUS
Jakarta 2026,Indonesia,Open Men,30-34,41,12,1:09:51,MAS
Jakarta 2026,Indonesia,Open Men,25-29,42,6,1:09:53,MAS
Jakarta 2026,Indonesia,Open Men,30-34,43,13,1:09:53,BRU
Jakarta 2026,Indonesia,Open Men,30-34,44,14,1:09:56,CAN
Jakarta 2026,Indonesia,Open Men,25-29,45,7,1:10:03,JPN
Jakarta 2026,Indonesia,Open Men,25-29,46,8,1:10:19,MAS
Jakarta 2026,Indonesia,Open Men,16-24,47,12,1:10:23,PHI
Jakarta 2026,Indonesia,Open Men,30-34,48,15,1:10:29,BRU
Jakarta 2026,Indonesia,Open Men,30-34,49,16,1:10:31,GBR
Jakarta 2026,Indonesia,Open Men,60-64,50,1,1:10:36,AUS
Jakarta 2026,Indonesia,Open Men,30-34,51,17,1:10:43,RSA
Jakarta 2026,Indonesia,Open Men,25-29,52,9,1:10:46,GBR
Jakarta 2026,Indonesia,Open Men,30-34,53,18,1:10:48,NED
Jakarta 2026,Indonesia,Open Men,25-29,54,10,1:11:03,BRU
Jakarta 2026,Indonesia,Open Men,30-34,55,19,1:11:14,MAS
Jakarta 2026,Indonesia,Open Men,16-24,56,13,1:11:21,INA
Jakarta 2026,Indonesia,Open Men,35-39,57,10,1:11:32,MAS
Jakarta 2026,Indonesia,Open Men,35-39,58,11,1:11:42,COL
Jakarta 2026,Indonesia,Open Men,30-34,59,20,1:11:44,INA
Jakarta 2026,Indonesia,Open Men,45-49,60,1,1:11:55,SIN
Jakarta 2026,Indonesia,Open Men,45-49,61,2,1:11:57,TPE
Jakarta 2026,Indonesia,Open Men,35-39,62,12,1:12:10,BEL
Jakarta 2026,Indonesia,Open Men,30-34,63,21,1:12:14,INA
Jakarta 2026,Indonesia,Open Men,30-34,64,22,1:12:15,THA
Jakarta 2026,Indonesia,Open Men,35-39,65,13,1:12:26,INA
Jakarta 2026,Indonesia,Open Men,16-24,66,14,1:12:34,INA
Jakarta 2026,Indonesia,Open Men,16-24,67,15,1:12:37,GER
Jakarta 2026,Indonesia,Open Men,35-39,68,14,1:12:37,NED
Jakarta 2026,Indonesia,Open Men,25-29,69,11,1:12:46,MAS
Jakarta 2026,Indonesia,Open Men,35-39,70,15,1:12:49,GBR
Jakarta 2026,Indonesia,Open Men,25-29,71,12,1:12:54,INA
Jakarta 2026,Indonesia,Open Men,30-34,72,23,1:12:57,GER
Jakarta 2026,Indonesia,Open Men,40-44,73,4,1:12:59,FRA
Jakarta 2026,Indonesia,Open Men,40-44,74,5,1:13:07,GBR
Jakarta 2026,Indonesia,Open Men,45-49,75,3,1:13:15,SIN
Jakarta 2026,Indonesia,Open Men,25-29,76,13,1:13:23,INA
Jakarta 2026,Indonesia,Open Men,35-39,77,16,1:13:30,INA
Jakarta 2026,Indonesia,Open Men,30-34,78,24,1:13:33,MAS
Jakarta 2026,Indonesia,Open Men,40-44,79,6,1:13:37,MAS
Jakarta 2026,Indonesia,Open Men,40-44,80,7,1:13:49,INA
Jakarta 2026,Indonesia,Open Men,16-24,81,16,1:13:51,INA
Jakarta 2026,Indonesia,Open Men,40-44,82,8,1:13:56,TPE
Jakarta 2026,Indonesia,Open Men,40-44,83,9,1:14:05,HKG
Jakarta 2026,Indonesia,Open Men,35-39,84,17,1:14:09,TPE
Jakarta 2026,Indonesia,Open Men,16-24,85,17,1:14:25,JPN
Jakarta 2026,Indonesia,Open Men,35-39,86,18,1:14:26,NED
Jakarta 2026,Indonesia,Open Men,40-44,87,10,1:14:28,ITA
Jakarta 2026,Indonesia,Open Men,40-44,88,11,1:14:35,CHN
Jakarta 2026,Indonesia,Open Men,25-29,89,14,1:14:37,MAS
Jakarta 2026,Indonesia,Open Men,40-44,90,12,1:14:49,MAS
Jakarta 2026,Indonesia,Open Men,35-39,91,19,1:14:50,MAS
Jakarta 2026,Indonesia,Open Men,30-34,92,25,1:14:51,INA
Jakarta 2026,Indonesia,Open Men,25-29,93,15,1:14:52,MAS
Jakarta 2026,Indonesia,Open Men,45-49,94,4,1:14:52,GER
Jakarta 2026,Indonesia,Open Men,35-39,95,20,1:14:52,FRA
Jakarta 2026,Indonesia,Open Men,30-34,96,26,1:14:53,SIN
Jakarta 2026,Indonesia,Open Men,35-39,97,21,1:14:55,SIN
Jakarta 2026,Indonesia,Open Men,30-34,98,27,1:14:55,INA
Jakarta 2026,Indonesia,Open Men,30-34,99,28,1:14:55,ITA
Jakarta 2026,Indonesia,Open Men,16-24,100,18,1:14:55,INA
Jakarta 2026,Indonesia,Open Women,40-44,1,1,1:02:06,JPN
Jakarta 2026,Indonesia,Open Women,25-29,2,1,1:09:17,MAS
Jakarta 2026,Indonesia,Open Women,30-34,3,1,1:12:08,PHI
Jakarta 2026,Indonesia,Open Women,25-29,4,2,1:12:14,INA
Jakarta 2026,Indonesia,Open Women,30-34,5,2,1:12:22,USA
Jakarta 2026,Indonesia,Open Women,30-34,6,3,1:12:57,THA
Jakarta 2026,Indonesia,Open Women,16-24,7,1,1:13:17,MAS
Jakarta 2026,Indonesia,Open Women,25-29,8,3,1:13:32,POL
Jakarta 2026,Indonesia,Open Women,30-34,9,4,1:13:40,NZL
Jakarta 2026,Indonesia,Open Women,16-24,10,2,1:13:49,NZL
Jakarta 2026,Indonesia,Open Women,16-24,11,3,1:14:24,ARM
Jakarta 2026,Indonesia,Open Women,30-34,12,5,1:15:56,SIN
Jakarta 2026,Indonesia,Open Women,25-29,13,4,1:16:01,RUS
Jakarta 2026,Indonesia,Open Women,30-34,14,6,1:16:33,GBR
Jakarta 2026,Indonesia,Open Women,35-39,15,1,1:16:44,PHI
Jakarta 2026,Indonesia,Open Women,25-29,16,5,1:17:10,GBR
Jakarta 2026,Indonesia,Open Women,35-39,17,2,1:17:20,RUS
Jakarta 2026,Indonesia,Open Women,25-29,18,6,1:17:28,SUI
Jakarta 2026,Indonesia,Open Women,16-24,19,4,1:17:31,BRA
Jakarta 2026,Indonesia,Open Women,25-29,20,7,1:17:32,PHI
Jakarta 2026,Indonesia,Open Women,35-39,21,3,1:18:43,MAS
Jakarta 2026,Indonesia,Open Women,30-34,22,7,1:18:53,INA
Jakarta 2026,Indonesia,Open Women,45-49,23,1,1:18:54,PHI
Jakarta 2026,Indonesia,Open Women,35-39,24,4,1:19:07,ZIM
Jakarta 2026,Indonesia,Open Women,40-44,25,2,1:19:12,INA
Jakarta 2026,Indonesia,Open Women,25-29,26,8,1:19:25,INA
Jakarta 2026,Indonesia,Open Women,35-39,27,5,1:19:32,GBR
Jakarta 2026,Indonesia,Open Women,25-29,28,9,1:19:38,MAS
Jakarta 2026,Indonesia,Open Women,35-39,29,6,1:19:56,INA
Jakarta 2026,Indonesia,Open Women,30-34,30,8,1:19:56,INA
Jakarta 2026,Indonesia,Open Women,30-34,31,9,1:21:38,KAZ
Jakarta 2026,Indonesia,Open Women,25-29,32,10,1:21:57,JPN
Jakarta 2026,Indonesia,Open Women,35-39,33,7,1:21:57,GBR
Jakarta 2026,Indonesia,Open Women,30-34,34,10,1:22:14,BLR
Jakarta 2026,Indonesia,Open Women,25-29,35,11,1:22:17,USA
Jakarta 2026,Indonesia,Open Women,25-29,36,12,1:22:35,INA
Jakarta 2026,Indonesia,Open Women,35-39,37,8,1:22:37,INA
Jakarta 2026,Indonesia,Open Women,35-39,38,9,1:22:45,GBR
Jakarta 2026,Indonesia,Open Women,25-29,39,13,1:23:01,MAS
Jakarta 2026,Indonesia,Open Women,30-34,40,11,1:23:22,GBR
Jakarta 2026,Indonesia,Open Women,25-29,41,14,1:23:35,JPN
Jakarta 2026,Indonesia,Open Women,35-39,42,10,1:23:48,MAS
Jakarta 2026,Indonesia,Open Women,40-44,43,3,1:24:01,INA
Jakarta 2026,Indonesia,Open Women,25-29,44,15,1:24:24,INA
Jakarta 2026,Indonesia,Open Women,35-39,45,11,1:24:24,GER
Jakarta 2026,Indonesia,Open Women,16-24,46,5,1:24:39,SIN
Jakarta 2026,Indonesia,Open Women,35-39,47,12,1:24:40,ITA
Jakarta 2026,Indonesia,Open Women,30-34,48,12,1:24:41,SIN
Jakarta 2026,Indonesia,Open Women,50-54,49,1,1:24:42,INA
Jakarta 2026,Indonesia,Open Women,45-49,50,2,1:24:46,KOR
Jakarta 2026,Indonesia,Open Women,16-24,51,6,1:24:49,INA
Jakarta 2026,Indonesia,Open Women,25-29,52,16,1:25:04,AUS
Jakarta 2026,Indonesia,Open Women,25-29,53,17,1:25:24,INA
Jakarta 2026,Indonesia,Open Women,30-34,54,13,1:25:50,CHN
Jakarta 2026,Indonesia,Open Women,35-39,55,13,1:25:52,SIN
Jakarta 2026,Indonesia,Open Women,25-29,56,18,1:26:01,CHN
Jakarta 2026,Indonesia,Open Women,50-54,57,2,1:26:01,AUS
Jakarta 2026,Indonesia,Open Women,25-29,58,19,1:26:01,NED
Jakarta 2026,Indonesia,Open Women,25-29,59,20,1:26:04,MAS
Jakarta 2026,Indonesia,Open Women,35-39,60,14,1:26:14,INA
Jakarta 2026,Indonesia,Open Women,50-54,61,3,1:26:35,THA
Jakarta 2026,Indonesia,Open Women,35-39,62,15,1:26:36,MAS
Jakarta 2026,Indonesia,Open Women,40-44,63,4,1:26:36,AUS
Jakarta 2026,Indonesia,Open Women,30-34,64,14,1:26:37,HKG
Jakarta 2026,Indonesia,Open Women,16-24,65,7,1:26:51,MAS
Jakarta 2026,Indonesia,Open Women,35-39,66,16,1:27:02,GBR
Jakarta 2026,Indonesia,Open Women,35-39,67,17,1:27:16,INA
Jakarta 2026,Indonesia,Open Women,35-39,68,18,1:27:27,INA
Jakarta 2026,Indonesia,Open Women,25-29,69,21,1:27:38,INA
Jakarta 2026,Indonesia,Open Women,16-24,70,8,1:27:57,INA
Jakarta 2026,Indonesia,Open Women,30-34,71,15,1:28:00,BRU
Jakarta 2026,Indonesia,Open Women,25-29,72,22,1:28:10,INA
Jakarta 2026,Indonesia,Open Women,25-29,73,23,1:28:23,INA
Jakarta 2026,Indonesia,Open Women,45-49,74,3,1:28:30,AUS
Jakarta 2026,Indonesia,Open Women,40-44,75,5,1:28:33,SIN
Jakarta 2026,Indonesia,Open Women,45-49,76,4,1:28:34,MAS
Jakarta 2026,Indonesia,Open Women,30-34,77,16,1:28:35,INA
Jakarta 2026,Indonesia,Open Women,30-34,78,17,1:28:38,INA
Jakarta 2026,Indonesia,Open Women,30-34,79,18,1:28:41,INA
Jakarta 2026,Indonesia,Open Women,35-39,80,19,1:28:43,PHI
Jakarta 2026,Indonesia,Open Women,25-29,81,24,1:28:52,INA
Jakarta 2026,Indonesia,Open Women,40-44,82,6,1:28:56,INA
Jakarta 2026,Indonesia,Open Women,40-44,83,7,1:29:06,SIN
Jakarta 2026,Indonesia,Open Women,35-39,84,20,1:29:06,RSA
Jakarta 2026,Indonesia,Open Women,35-39,85,21,1:29:22,PHI
Jakarta 2026,Indonesia,Open Women,35-39,86,22,1:30:00,INA
Jakarta 2026,Indonesia,Open Women,35-39,87,23,1:30:03,GUM
Jakarta 2026,Indonesia,Open Women,30-34,88,19,1:30:17,GBR
Jakarta 2026,Indonesia,Open Women,30-34,89,20,1:30:18,MAS
Jakarta 2026,Indonesia,Open Women,30-34,90,21,1:30:33,INA
Jakarta 2026,Indonesia,Open Women,30-34,91,22,1:30:43,INA
Jakarta 2026,Indonesia,Open Women,45-49,92,5,1:30:44,JPN
Jakarta 2026,Indonesia,Open Women,30-34,93,23,1:30:50,GBR
Jakarta 2026,Indonesia,Open Women,35-39,94,24,1:30:52,SIN
Jakarta 2026,Indonesia,Open Women,35-39,95,25,1:30:56,INA
Jakarta 2026,Indonesia,Open Women,35-39,96,26,1:30:57,INA
Jakarta 2026,Indonesia,Open Women,40-44,97,8,1:31:00,INA
Jakarta 2026,Indonesia,Open Women,30-34,98,24,1:31:06,CAN
Jakarta 2026,Indonesia,Open Women,30-34,99,25,1:31:11,INA
Jakarta 2026,Indonesia,Open Women,40-44,100,9,1:31:26,SIN
Jakarta 2026,Indonesia,Pro Men,30-34,1,1,0:56:15,USA
Jakarta 2026,Indonesia,Pro Men,25-29,2,1,0:58:07,SWE
Jakarta 2026,Indonesia,Pro Men,35-39,3,1,0:58:35,AUS
Jakarta 2026,Indonesia,Pro Men,30-34,4,2,0:59:08,ENG
Jakarta 2026,Indonesia,Pro Men,25-29,5,2,0:59:25,ENG
Jakarta 2026,Indonesia,Pro Men,25-29,6,3,0:59:45,AUS
Jakarta 2026,Indonesia,Pro Men,16-24,7,1,1:00:17,AUS
Jakarta 2026,Indonesia,Pro Men,25-29,8,4,1:00:50,FRA
Jakarta 2026,Indonesia,Pro Men,35-39,9,2,1:02:41,AUS
Jakarta 2026,Indonesia,Pro Men,30-34,10,3,1:03:13,GER
Jakarta 2026,Indonesia,Pro Men,30-34,11,4,1:03:29,ENG
Jakarta 2026,Indonesia,Pro Men,25-29,12,5,1:03:41,AUS
Jakarta 2026,Indonesia,Pro Men,40-44,13,1,1:03:52,KOR
Jakarta 2026,Indonesia,Pro Men,16-24,14,2,1:04:08,AUS
Jakarta 2026,Indonesia,Pro Men,25-29,15,6,1:04:52,AUS
Jakarta 2026,Indonesia,Pro Men,16-24,16,3,1:05:18,GBR
Jakarta 2026,Indonesia,Pro Men,35-39,17,3,1:05:24,AUS
Jakarta 2026,Indonesia,Pro Men,35-39,18,4,1:06:21,MAS
Jakarta 2026,Indonesia,Pro Men,40-44,19,2,1:06:51,POR
Jakarta 2026,Indonesia,Pro Men,45-49,20,1,1:07:04,CAN
Jakarta 2026,Indonesia,Pro Men,30-34,21,5,1:08:01,ARG
Jakarta 2026,Indonesia,Pro Men,25-29,22,7,1:08:03,NZL
Jakarta 2026,Indonesia,Pro Men,30-34,23,6,1:08:17,SIN
Jakarta 2026,Indonesia,Pro Men,35-39,24,5,1:08:31,USA
Jakarta 2026,Indonesia,Pro Men,40-44,25,3,1:09:15,KOR
Jakarta 2026,Indonesia,Pro Men,35-39,26,6,1:09:38,TUR
Jakarta 2026,Indonesia,Pro Men,30-34,27,7,1:09:39,FRA
Jakarta 2026,Indonesia,Pro Men,25-29,28,8,1:09:41,INA
Jakarta 2026,Indonesia,Pro Men,30-34,29,8,1:10:05,UKR
Jakarta 2026,Indonesia,Pro Men,35-39,30,7,1:10:19,GBR
Jakarta 2026,Indonesia,Pro Men,25-29,31,9,1:10:21,INA
Jakarta 2026,Indonesia,Pro Men,30-34,32,9,1:10:23,SYR
Jakarta 2026,Indonesia,Pro Men,30-34,33,10,1:10:37,TPE
Jakarta 2026,Indonesia,Pro Men,35-39,34,8,1:10:40,PHI
Jakarta 2026,Indonesia,Pro Men,35-39,35,9,1:11:35,SIN
Jakarta 2026,Indonesia,Pro Men,25-29,36,10,1:11:39,NED
Jakarta 2026,Indonesia,Pro Men,40-44,37,4,1:11:41,RUS
Jakarta 2026,Indonesia,Pro Men,30-34,38,11,1:11:50,TPE
Jakarta 2026,Indonesia,Pro Men,45-49,39,2,1:12:01,KOR
Jakarta 2026,Indonesia,Pro Men,45-49,40,3,1:12:02,NZL
Jakarta 2026,Indonesia,Pro Men,30-34,41,12,1:12:25,GBR
Jakarta 2026,Indonesia,Pro Men,40-44,42,5,1:12:31,PHI
Jakarta 2026,Indonesia,Pro Men,25-29,43,11,1:12:32,UAE
Jakarta 2026,Indonesia,Pro Men,30-34,44,13,1:12:41,JPN
Jakarta 2026,Indonesia,Pro Men,25-29,45,12,1:12:50,FRA
Jakarta 2026,Indonesia,Pro Men,25-29,46,13,1:13:03,IRL
Jakarta 2026,Indonesia,Pro Men,35-39,47,10,1:13:30,KOR
Jakarta 2026,Indonesia,Pro Men,40-44,48,6,1:14:38,JPN
Jakarta 2026,Indonesia,Pro Men,30-34,49,14,1:14:48,INA
Jakarta 2026,Indonesia,Pro Men,35-39,50,11,1:15:11,GBR
Jakarta 2026,Indonesia,Pro Men,35-39,51,12,1:15:48,SUI
Jakarta 2026,Indonesia,Pro Men,40-44,52,7,1:15:54,AUS
Jakarta 2026,Indonesia,Pro Men,25-29,53,14,1:15:58,INA
Jakarta 2026,Indonesia,Pro Men,40-44,54,8,1:16:05,THA
Jakarta 2026,Indonesia,Pro Men,40-44,55,9,1:16:08,AUS
Jakarta 2026,Indonesia,Pro Men,40-44,56,10,1:16:22,TUR
Jakarta 2026,Indonesia,Pro Men,55-59,57,1,1:16:30,USA
Jakarta 2026,Indonesia,Pro Men,35-39,58,13,1:17:32,RUS
Jakarta 2026,Indonesia,Pro Men,30-34,59,15,1:17:38,TPE
Jakarta 2026,Indonesia,Pro Men,40-44,60,11,1:17:39,KUW
Jakarta 2026,Indonesia,Pro Men,16-24,61,4,1:17:40,JPN
Jakarta 2026,Indonesia,Pro Men,35-39,62,14,1:17:44,SIN
Jakarta 2026,Indonesia,Pro Men,30-34,63,16,1:18:12,BEL
Jakarta 2026,Indonesia,Pro Men,30-34,64,17,1:18:17,THA
Jakarta 2026,Indonesia,Pro Men,30-34,65,18,1:18:21,GBR
Jakarta 2026,Indonesia,Pro Men,30-34,66,19,1:18:41,THA
Jakarta 2026,Indonesia,Pro Men,35-39,67,15,1:19:24,GER
Jakarta 2026,Indonesia,Pro Men,50-54,68,1,1:19:26,GER
Jakarta 2026,Indonesia,Pro Men,35-39,69,16,1:19:54,KOR
Jakarta 2026,Indonesia,Pro Men,35-39,70,17,1:20:02,FRA
Jakarta 2026,Indonesia,Pro Men,30-34,71,20,1:20:03,JPN
Jakarta 2026,Indonesia,Pro Men,16-24,72,5,1:20:07,IND
Jakarta 2026,Indonesia,Pro Men,16-24,73,6,1:20:08,SIN
Jakarta 2026,Indonesia,Pro Men,16-24,74,7,1:20:51,MAS
Jakarta 2026,Indonesia,Pro Men,25-29,75,15,1:20:53,IRL
Jakarta 2026,Indonesia,Pro Men,45-49,76,4,1:21:05,POL
Jakarta 2026,Indonesia,Pro Men,25-29,77,16,1:21:34,GBR
Jakarta 2026,Indonesia,Pro Men,25-29,78,17,1:21:47,USA
Jakarta 2026,Indonesia,Pro Men,35-39,79,18,1:22:36,THA
Jakarta 2026,Indonesia,Pro Men,25-29,80,18,1:22:55,CHN
Jakarta 2026,Indonesia,Pro Men,30-34,81,21,1:23:01,SYR
Jakarta 2026,Indonesia,Pro Men,40-44,82,12,1:23:12,SIN
Jakarta 2026,Indonesia,Pro Men,35-39,83,19,1:23:23,INA
Jakarta 2026,Indonesia,Pro Men,25-29,84,19,1:23:49,THA
Jakarta 2026,Indonesia,Pro Men,25-29,85,20,1:23:50,TPE
Jakarta 2026,Indonesia,Pro Men,40-44,86,13,1:23:56,INA
Jakarta 2026,Indonesia,Pro Men,25-29,87,21,1:24:06,GER
Jakarta 2026,Indonesia,Pro Men,25-29,88,22,1:24:50,JPN
Jakarta 2026,Indonesia,Pro Men,35-39,89,20,1:26:25,MAS
Jakarta 2026,Indonesia,Pro Men,25-29,90,23,1:26:28,SIN
Jakarta 2026,Indonesia,Pro Men,30-34,91,22,1:26:35,INA
Jakarta 2026,Indonesia,Pro Men,35-39,92,21,1:27:18,THA
Jakarta 2026,Indonesia,Pro Men,25-29,93,24,1:27:34,SIN
Jakarta 2026,Indonesia,Pro Men,25-29,94,25,1:28:40,SIN
Jakarta 2026,Indonesia,Pro Men,50-54,95,2,1:29:31,NZL
Jakarta 2026,Indonesia,Pro Men,30-34,96,23,1:29:51,SIN
Jakarta 2026,Indonesia,Pro Men,16-24,97,8,1:30:09,KOR
Jakarta 2026,Indonesia,Pro Men,16-24,98,9,1:30:13,UKR
Jakarta 2026,Indonesia,Pro Men,40-44,99,14,1:31:05,SIN
Jakarta 2026,Indonesia,Pro Men,50-54,100,3,1:31:13,USA
Jakarta 2026,Indonesia,Pro Women,25-29,1,1,0:59:17,AUS
Jakarta 2026,Indonesia,Pro Women,25-29,2,2,1:02:27,ESP
Jakarta 2026,Indonesia,Pro Women,35-39,3,1,1:06:00,SCO
Jakarta 2026,Indonesia,Pro Women,30-34,4,1,1:09:05,ENG
Jakarta 2026,Indonesia,Pro Women,35-39,5,2,1:11:00,KOR
Jakarta 2026,Indonesia,Pro Women,25-29,6,3,1:13:09,GBR
Jakarta 2026,Indonesia,Pro Women,30-34,7,2,1:13:15,SIN
Jakarta 2026,Indonesia,Pro Women,25-29,8,4,1:13:23,GBR
Jakarta 2026,Indonesia,Pro Women,30-34,9,3,1:13:44,PHI
Jakarta 2026,Indonesia,Pro Women,35-39,10,3,1:14:57,USA
Jakarta 2026,Indonesia,Pro Women,40-44,11,1,1:15:09,INA
Jakarta 2026,Indonesia,Pro Women,40-44,12,2,1:15:12,GER
Jakarta 2026,Indonesia,Pro Women,30-34,13,4,1:16:01,GBR
Jakarta 2026,Indonesia,Pro Women,35-39,14,4,1:16:14,RSA
Jakarta 2026,Indonesia,Pro Women,16-24,15,1,1:18:45,THA
Jakarta 2026,Indonesia,Pro Women,30-34,16,5,1:21:05,MAS
Jakarta 2026,Indonesia,Pro Women,30-34,17,6,1:21:30,INA
Jakarta 2026,Indonesia,Pro Women,50-54,18,1,1:21:41,MAS
Jakarta 2026,Indonesia,Pro Women,35-39,19,5,1:22:13,INA
Jakarta 2026,Indonesia,Pro Women,40-44,20,3,1:23:42,AUS
Jakarta 2026,Indonesia,Pro Women,30-34,21,7,1:23:45,MAS
Jakarta 2026,Indonesia,Pro Women,25-29,22,5,1:23:50,AUS
Jakarta 2026,Indonesia,Pro Women,25-29,23,6,1:23:51,SIN
Jakarta 2026,Indonesia,Pro Women,45-49,24,1,1:24:40,INA
Jakarta 2026,Indonesia,Pro Women,16-24,25,2,1:24:43,SIN
Jakarta 2026,Indonesia,Pro Women,45-49,26,2,1:25:26,SIN
Jakarta 2026,Indonesia,Pro Women,40-44,27,4,1:25:29,PHI
Jakarta 2026,Indonesia,Pro Women,25-29,28,7,1:25:31,CAN
Jakarta 2026,Indonesia,Pro Women,40-44,29,5,1:27:49,INA
Jakarta 2026,Indonesia,Pro Women,30-34,30,8,1:27:58,SIN
Jakarta 2026,Indonesia,Pro Women,16-24,31,3,1:28:00,SIN
Jakarta 2026,Indonesia,Pro Women,25-29,32,8,1:30:23,SIN
Jakarta 2026,Indonesia,Pro Women,45-49,33,3,1:32:23,SIN
Jakarta 2026,Indonesia,Pro Women,35-39,34,6,1:32:27,INA
Jakarta 2026,Indonesia,Pro Women,30-34,35,9,1:32:48,THA
Jakarta 2026,Indonesia,Pro Women,30-34,36,10,1:33:13,MAS
Jakarta 2026,Indonesia,Pro Women,25-29,37,9,1:33:19,INA
Jakarta 2026,Indonesia,Pro Women,16-24,38,4,1:34:05,USA
Jakarta 2026,Indonesia,Pro Women,25-29,39,10,1:34:29,IND
Jakarta 2026,Indonesia,Pro Women,25-29,40,11,1:34:37,GBR
Jakarta 2026,Indonesia,Pro Women,30-34,41,11,1:35:35,RUS
Jakarta 2026,Indonesia,Pro Women,25-29,42,12,1:36:00,CHN
Jakarta 2026,Indonesia,Pro Women,40-44,43,6,1:36:13,THA
Jakarta 2026,Indonesia,Pro Women,16-24,44,5,1:36:32,SIN
Jakarta 2026,Indonesia,Pro Women,50-54,45,2,1:36:48,NZL
Jakarta 2026,Indonesia,Pro Women,16-24,46,6,1:37:11,SIN
Jakarta 2026,Indonesia,Pro Women,35-39,47,7,1:37:11,INA
Jakarta 2026,Indonesia,Pro Women,40-44,48,7,1:37:13,MAS
Jakarta 2026,Indonesia,Pro Women,40-44,49,8,1:37:22,AUS
Jakarta 2026,Indonesia,Pro Women,25-29,50,13,1:39:34,IND
Jakarta 2026,Indonesia,Pro Women,35-39,51,8,1:40:05,INA
Jakarta 2026,Indonesia,Pro Women,30-34,52,12,1:40:22,INA
Jakarta 2026,Indonesia,Pro Women,25-29,53,14,1:40:36,INA
Jakarta 2026,Indonesia,Pro Women,40-44,54,9,1:40:44,SIN
Jakarta 2026,Indonesia,Pro Women,30-34,55,13,1:41:54,THA
Jakarta 2026,Indonesia,Pro Women,30-34,56,14,1:42:48,MAS
Jakarta 2026,Indonesia,Pro Women,35-39,57,9,1:42:48,INA
Jakarta 2026,Indonesia,Pro Women,35-39,58,10,1:43:26,INA
Jakarta 2026,Indonesia,Pro Women,25-29,59,15,1:43:26,INA
Jakarta 2026,Indonesia,Pro Women,30-34,60,15,1:43:55,INA
Jakarta 2026,Indonesia,Pro Women,50-54,61,3,1:44:13,THA
Jakarta 2026,Indonesia,Pro Women,45-49,62,4,1:44:23,SCO
Jakarta 2026,Indonesia,Pro Women,40-44,63,10,1:44:43,INA
Jakarta 2026,Indonesia,Pro Women,25-29,64,16,1:44:51,MAS
Jakarta 2026,Indonesia,Pro Women,35-39,65,11,1:45:49,PHI
Jakarta 2026,Indonesia,Pro Women,16-24,66,7,1:45:50,CAM
Jakarta 2026,Indonesia,Pro Women,30-34,67,16,1:48:23,MAS
Jakarta 2026,Indonesia,Pro Women,40-44,68,11,1:49:07,INA
Jakarta 2026,Indonesia,Pro Women,40-44,69,12,1:50:40,INA
Jakarta 2026,Indonesia,Pro Women,40-44,70,13,1:52:19,MAS
Jakarta 2026,Indonesia,Pro Women,30-34,71,17,1:53:14,INA
Jakarta 2026,Indonesia,Pro Women,16-24,72,8,1:53:27,SIN
Jakarta 2026,Indonesia,Pro Women,45-49,73,5,1:53:36,THA
Jakarta 2026,Indonesia,Pro Women,16-24,74,9,1:56:09,INA
Jakarta 2026,Indonesia,Pro Women,30-34,75,18,1:56:34,INA
Jakarta 2026,Indonesia,Pro Women,30-34,76,19,1:56:35,AUS
Jakarta 2026,Indonesia,Pro Women,30-34,77,20,1:56:51,INA
Jakarta 2026,Indonesia,Pro Women,45-49,78,6,1:56:56,PHI
Jakarta 2026,Indonesia,Pro Women,35-39,79,12,1:59:00,BRU
Jakarta 2026,Indonesia,Pro Women,40-44,80,14,2:00:04,PHI
Jakarta 2026,Indonesia,Pro Women,35-39,81,13,2:00:49,PHI
Jakarta 2026,Indonesia,Pro Women,25-29,82,17,2:01:48,IRL
Jakarta 2026,Indonesia,Pro Women,35-39,83,14,2:06:28,SIN
Jakarta 2026,Indonesia,Pro Women,30-34,84,21,2:07:17,THA
Jakarta 2026,Indonesia,Pro Women,55-59,85,1,2:07:47,AUS
Jakarta 2026,Indonesia,Pro Women,30-34,86,22,2:13:08,INA
Jakarta 2026,Indonesia,Pro Women,25-29,87,18,2:13:13,SIN
Jakarta 2026,Indonesia,Pro Women,25-29,88,19,2:27:36,SIN
Jakarta 2026,Indonesia,Pro Women,30-34,89,23,2:31:08,INA
Jakarta 2026,Indonesia,Pro Women,45-49,90,7,2:39:11,THA
Jakarta 2026,Indonesia,Pro Women,35-39,91,15,2:47:31,MAS
Jakarta 2026,Indonesia,Pro Women,30-34,92,24,2:50:46,INA
Jakarta 2026,Indonesia,Pro Women,35-39,93,16,2:55:24,MAS
Jakarta 2026,Indonesia,Pro Women,35-39,94,17,3:14:23,USA
Jakarta 2026,Indonesia,Pro Women,35-39,95,18,3:33:51,INA
Sydney 2026,Australia,Open Men,16-24,1,1,0:55:49,AUS
Sydney 2026,Australia,Open Men,16-24,2,2,0:56:14,NZL
Sydney 2026,Australia,Open Men,25-29,3,1,0:56:38,NZL
Sydney 2026,Australia,Open Men,16-24,4,3,0:56:50,AUS
Sydney 2026,Australia,Open Men,25-29,5,2,0:57:00,AUS
Sydney 2026,Australia,Open Men,16-24,6,4,0:57:23,AUS
Sydney 2026,Australia,Open Men,30-34,7,1,0:57:57,AUS
Sydney 2026,Australia,Open Men,16-24,8,5,0:58:11,AUS
Sydney 2026,Australia,Open Men,25-29,9,3,0:58:22,AUS
Sydney 2026,Australia,Open Men,30-34,10,2,0:58:29,NZL
Sydney 2026,Australia,Open Men,30-34,11,3,0:58:30,AUS
Sydney 2026,Australia,Open Men,25-29,12,4,0:58:36,NZL
Sydney 2026,Australia,Open Men,40-44,13,1,0:58:45,GBR
Sydney 2026,Australia,Open Men,25-29,14,5,0:58:47,NZL
Sydney 2026,Australia,Open Men,30-34,15,4,0:58:56,FRA
Sydney 2026,Australia,Open Men,16-24,16,6,0:59:04,AUS
Sydney 2026,Australia,Open Men,30-34,17,5,0:59:19,GBR
Sydney 2026,Australia,Open Men,30-34,18,6,0:59:25,AUS
Sydney 2026,Australia,Open Men,25-29,19,6,0:59:36,AUS
Sydney 2026,Australia,Open Men,25-29,20,7,0:59:47,HKG
Sydney 2026,Australia,Open Men,16-24,21,7,0:59:55,AUS
Sydney 2026,Australia,Open Men,45-49,22,1,1:00:01,IRL
Sydney 2026,Australia,Open Men,40-44,23,2,1:00:12,AUS
Sydney 2026,Australia,Open Men,16-24,24,8,1:00:14,AUS
Sydney 2026,Australia,Open Men,30-34,25,7,1:00:25,AUS
Sydney 2026,Australia,Open Men,40-44,26,3,1:00:26,AUS
Sydney 2026,Australia,Open Men,30-34,27,9,1:00:46,AUS
Sydney 2026,Australia,Open Men,30-34,28,8,1:00:46,AUS
Sydney 2026,Australia,Open Men,16-24,29,9,1:00:47,CHN
Sydney 2026,Australia,Open Men,16-24,30,10,1:00:52,AUS
Sydney 2026,Australia,Open Men,16-24,31,11,1:01:09,AUS
Sydney 2026,Australia,Open Men,25-29,32,8,1:01:13,AUS
Sydney 2026,Australia,Open Men,30-34,33,10,1:01:18,NZL
Sydney 2026,Australia,Open Men,16-24,34,12,1:01:23,NZL
Sydney 2026,Australia,Open Men,16-24,35,13,1:01:28,NZL
Sydney 2026,Australia,Open Men,30-34,36,11,1:01:28,AUS
Sydney 2026,Australia,Open Men,40-44,37,4,1:01:34,NZL
Sydney 2026,Australia,Open Men,25-29,38,9,1:01:37,JPN
Sydney 2026,Australia,Open Men,25-29,39,10,1:01:41,AUS
Sydney 2026,Australia,Open Men,16-24,40,14,1:01:41,AUS
Sydney 2026,Australia,Open Men,30-34,41,12,1:01:52,AUS
Sydney 2026,Australia,Open Men,25-29,42,11,1:01:52,GBR
Sydney 2026,Australia,Open Men,30-34,43,13,1:01:56,AUS
Sydney 2026,Australia,Open Men,25-29,44,12,1:01:56,TGA
Sydney 2026,Australia,Open Men,35-39,45,1,1:01:57,AUS
Sydney 2026,Australia,Open Men,30-34,46,14,1:02:06,AUS
Sydney 2026,Australia,Open Men,35-39,47,3,1:02:09,AUS
Sydney 2026,Australia,Open Men,35-39,48,2,1:02:09,AUS
Sydney 2026,Australia,Open Men,25-29,49,13,1:02:14,AUS
Sydney 2026,Australia,Open Men,16-24,50,15,1:02:14,AUS
Sydney 2026,Australia,Open Men,16-24,51,16,1:02:15,COK
Sydney 2026,Australia,Open Men,16-24,52,17,1:02:32,AUS
Sydney 2026,Australia,Open Men,16-24,53,18,1:02:33,NZL
Sydney 2026,Australia,Open Men,30-34,54,15,1:02:35,IRL
Sydney 2026,Australia,Open Men,30-34,55,16,1:02:38,AUS
Sydney 2026,Australia,Open Men,25-29,56,14,1:02:40,GBR
Sydney 2026,Australia,Open Men,16-24,57,19,1:02:48,AUS
Sydney 2026,Australia,Open Men,40-44,58,5,1:02:49,AUS
Sydney 2026,Australia,Open Men,16-24,59,20,1:02:53,AUS
Sydney 2026,Australia,Open Men,30-34,60,17,1:03:06,AUS
Sydney 2026,Australia,Open Men,30-34,61,18,1:03:07,AUS
Sydney 2026,Australia,Open Men,16-24,62,21,1:03:07,AUS
Sydney 2026,Australia,Open Men,35-39,63,4,1:03:19,AUS
Sydney 2026,Australia,Open Men,16-24,64,22,1:03:20,AUS
Sydney 2026,Australia,Open Men,16-24,65,23,1:03:21,AUS
Sydney 2026,Australia,Open Men,25-29,66,15,1:03:23,RSA
Sydney 2026,Australia,Open Men,35-39,67,5,1:03:26,AUS
Sydney 2026,Australia,Open Men,30-34,68,19,1:03:28,IRL
Sydney 2026,Australia,Open Men,45-49,69,2,1:03:29,AUS
Sydney 2026,Australia,Open Men,40-44,70,6,1:03:30,AUS
Sydney 2026,Australia,Open Men,25-29,71,16,1:03:38,AUS
Sydney 2026,Australia,Open Men,45-49,72,3,1:03:39,AUS
Sydney 2026,Australia,Open Men,30-34,73,20,1:03:40,AUS
Sydney 2026,Australia,Open Men,16-24,74,24,1:03:48,AUS
Sydney 2026,Australia,Open Men,25-29,75,17,1:03:48,NZL
Sydney 2026,Australia,Open Men,25-29,76,18,1:03:50,AUS
Sydney 2026,Australia,Open Men,25-29,77,19,1:03:52,IRL
Sydney 2026,Australia,Open Men,25-29,78,20,1:03:53,GBR
Sydney 2026,Australia,Open Men,16-24,79,25,1:04:00,AUS
Sydney 2026,Australia,Open Men,40-44,80,7,1:04:04,AUS
Sydney 2026,Australia,Open Men,25-29,81,21,1:04:06,AUS
Sydney 2026,Australia,Open Men,40-44,82,8,1:04:06,AUS
Sydney 2026,Australia,Open Men,25-29,83,22,1:04:07,AUS
Sydney 2026,Australia,Open Men,40-44,84,9,1:04:09,AUS
Sydney 2026,Australia,Open Men,30-34,85,21,1:04:09,NZL
Sydney 2026,Australia,Open Men,30-34,86,22,1:04:11,AUS
Sydney 2026,Australia,Open Men,35-39,87,6,1:04:14,NZL
Sydney 2026,Australia,Open Men,40-44,88,10,1:04:15,AUS
Sydney 2026,Australia,Open Men,35-39,89,7,1:04:18,AUS
Sydney 2026,Australia,Open Men,25-29,90,23,1:04:20,IRL
Sydney 2026,Australia,Open Men,35-39,91,8,1:04:21,AUS
Sydney 2026,Australia,Open Men,16-24,92,26,1:04:21,FRA
Sydney 2026,Australia,Open Men,25-29,93,24,1:04:26,AUS
Sydney 2026,Australia,Open Men,16-24,94,27,1:04:29,AUS
Sydney 2026,Australia,Open Men,16-24,95,28,1:04:30,AUS
Sydney 2026,Australia,Open Men,35-39,96,9,1:04:30,NZL
Sydney 2026,Australia,Open Men,25-29,97,25,1:04:30,IRL
Sydney 2026,Australia,Open Men,16-24,98,29,1:04:30,AUS
Sydney 2026,Australia,Open Men,30-34,99,23,1:04:31,AUS
Sydney 2026,Australia,Open Men,25-29,100,26,1:04:31,NZL
Sydney 2026,Australia,Open Women,35-39,1,1,1:00:35,AUS
Sydney 2026,Australia,Open Women,16-24,2,1,1:01:23,NZL
Sydney 2026,Australia,Open Women,35-39,3,2,1:03:02,AUS
Sydney 2026,Australia,Open Women,30-34,4,1,1:03:17,AUS
Sydney 2026,Australia,Open Women,25-29,5,1,1:03:35,IRL
Sydney 2026,Australia,Open Women,30-34,6,2,1:03:58,ESP
Sydney 2026,Australia,Open Women,16-24,7,2,1:04:16,AUS
Sydney 2026,Australia,Open Women,16-24,8,3,1:04:38,NZL
Sydney 2026,Australia,Open Women,25-29,9,2,1:04:57,AUS
Sydney 2026,Australia,Open Women,40-44,10,1,1:05:14,AUS
Sydney 2026,Australia,Open Women,25-29,11,3,1:05:22,AUS
Sydney 2026,Australia,Open Women,25-29,12,4,1:06:03,AUS
Sydney 2026,Australia,Open Women,25-29,13,5,1:06:09,NZL
Sydney 2026,Australia,Open Women,45-49,14,1,1:06:09,AUS
Sydney 2026,Australia,Open Women,16-24,15,4,1:06:17,AUS
Sydney 2026,Australia,Open Women,16-24,16,5,1:06:22,AUS
Sydney 2026,Australia,Open Women,25-29,17,6,1:06:24,NZL
Sydney 2026,Australia,Open Women,25-29,18,7,1:06:26,AUS
Sydney 2026,Australia,Open Women,30-34,19,3,1:06:36,AUS
Sydney 2026,Australia,Open Women,25-29,20,8,1:06:37,AUS
Sydney 2026,Australia,Open Women,40-44,21,2,1:06:38,AUS
Sydney 2026,Australia,Open Women,16-24,22,6,1:06:38,AUS
Sydney 2026,Australia,Open Women,35-39,23,3,1:06:40,AUS
Sydney 2026,Australia,Open Women,16-24,24,7,1:07:06,NZL
Sydney 2026,Australia,Open Women,30-34,25,4,1:07:06,AUS
Sydney 2026,Australia,Open Women,30-34,26,5,1:07:08,AUS
Sydney 2026,Australia,Open Women,16-24,27,8,1:07:12,AUS
Sydney 2026,Australia,Open Women,30-34,28,6,1:07:22,AUS
Sydney 2026,Australia,Open Women,35-39,29,4,1:07:24,AUS
Sydney 2026,Australia,Open Women,16-24,30,9,1:07:31,AUS
Sydney 2026,Australia,Open Women,16-24,31,10,1:07:34,NZL
Sydney 2026,Australia,Open Women,25-29,32,9,1:07:43,AUS
Sydney 2026,Australia,Open Women,45-49,33,2,1:07:47,AUS
Sydney 2026,Australia,Open Women,16-24,34,11,1:08:03,AUS
Sydney 2026,Australia,Open Women,45-49,35,3,1:08:03,AUS
Sydney 2026,Australia,Open Women,16-24,36,12,1:08:12,AUS
Sydney 2026,Australia,Open Women,25-29,37,10,1:08:13,AUS
Sydney 2026,Australia,Open Women,35-39,38,5,1:08:34,NZL
Sydney 2026,Australia,Open Women,35-39,39,6,1:08:35,NCL
Sydney 2026,Australia,Open Women,30-34,40,7,1:08:35,SAM
Sydney 2026,Australia,Open Women,50-54,41,1,1:08:40,NZL
Sydney 2026,Australia,Open Women,40-44,42,3,1:08:44,AUS
Sydney 2026,Australia,Open Women,35-39,43,7,1:08:47,AUS
Sydney 2026,Australia,Open Women,45-49,44,4,1:08:51,NZL
Sydney 2026,Australia,Open Women,35-39,45,8,1:08:55,HUN
Sydney 2026,Australia,Open Women,25-29,46,11,1:08:56,GER
Sydney 2026,Australia,Open Women,30-34,47,8,1:09:06,AUS
Sydney 2026,Australia,Open Women,35-39,48,9,1:09:06,AUS
Sydney 2026,Australia,Open Women,30-34,49,9,1:09:07,NZL
Sydney 2026,Australia,Open Women,16-24,50,13,1:09:11,AUS
Sydney 2026,Australia,Open Women,30-34,51,10,1:09:14,AUS
Sydney 2026,Australia,Open Women,25-29,52,12,1:09:20,GBR
Sydney 2026,Australia,Open Women,25-29,53,13,1:09:22,AUS
Sydney 2026,Australia,Open Women,35-39,54,10,1:09:23,AUS
Sydney 2026,Australia,Open Women,25-29,55,14,1:09:31,NZL
Sydney 2026,Australia,Open Women,30-34,56,11,1:09:53,AUS
Sydney 2026,Australia,Open Women,16-24,57,14,1:09:59,AUS
Sydney 2026,Australia,Open Women,30-34,58,12,1:09:59,AUS
Sydney 2026,Australia,Open Women,40-44,59,4,1:10:02,NZL
Sydney 2026,Australia,Open Women,25-29,60,15,1:10:03,NZL
Sydney 2026,Australia,Open Women,35-39,61,11,1:10:11,AUS
Sydney 2026,Australia,Open Women,25-29,62,16,1:10:13,AUS
Sydney 2026,Australia,Open Women,25-29,63,17,1:10:19,GBR
Sydney 2026,Australia,Open Women,35-39,64,12,1:10:20,AUS
Sydney 2026,Australia,Open Women,16-24,65,15,1:10:21,AUS
Sydney 2026,Australia,Open Women,40-44,66,5,1:10:22,GBR
Sydney 2026,Australia,Open Women,40-44,67,6,1:10:32,AUS
Sydney 2026,Australia,Open Women,35-39,68,13,1:10:33,AUS
Sydney 2026,Australia,Open Women,40-44,69,7,1:10:35,JPN
Sydney 2026,Australia,Open Women,55-59,70,1,1:10:37,NZL
Sydney 2026,Australia,Open Women,30-34,71,13,1:10:38,AUS
Sydney 2026,Australia,Open Women,25-29,72,18,1:10:39,GBR
Sydney 2026,Australia,Open Women,50-54,73,2,1:10:45,AUS
Sydney 2026,Australia,Open Women,25-29,74,19,1:10:48,AUS
Sydney 2026,Australia,Open Women,30-34,75,14,1:10:50,AUS
Sydney 2026,Australia,Open Women,40-44,76,9,1:10:50,AUS
Sydney 2026,Australia,Open Women,40-44,77,8,1:10:50,AUS
Sydney 2026,Australia,Open Women,35-39,78,14,1:10:52,AUS
Sydney 2026,Australia,Open Women,25-29,79,20,1:10:54,AUS
Sydney 2026,Australia,Open Women,16-24,80,16,1:10:56,AUS
Sydney 2026,Australia,Open Women,40-44,81,10,1:10:57,AUS
Sydney 2026,Australia,Open Women,40-44,82,11,1:10:58,NZL
Sydney 2026,Australia,Open Women,16-24,83,17,1:11:03,AUS
Sydney 2026,Australia,Open Women,25-29,84,21,1:11:05,AUS
Sydney 2026,Australia,Open Women,16-24,85,18,1:11:08,AUS
Sydney 2026,Australia,Open Women,30-34,86,15,1:11:11,AUS
Sydney 2026,Australia,Open Women,16-24,87,19,1:11:15,AUS
Sydney 2026,Australia,Open Women,30-34,88,16,1:11:19,AUS
Sydney 2026,Australia,Open Women,25-29,89,22,1:11:20,AUS
Sydney 2026,Australia,Open Women,40-44,90,12,1:11:22,AUS
Sydney 2026,Australia,Open Women,25-29,91,23,1:11:25,IRL
Sydney 2026,Australia,Open Women,35-39,92,15,1:11:26,AUS
Sydney 2026,Australia,Open Women,25-29,93,24,1:11:28,AUS
Sydney 2026,Australia,Open Women,25-29,94,25,1:11:29,IRL
Sydney 2026,Australia,Open Women,25-29,95,26,1:11:37,AUS
Sydney 2026,Australia,Open Women,16-24,96,20,1:11:37,AUS
Sydney 2026,Australia,Open Women,16-24,97,21,1:11:39,AUS
Sydney 2026,Australia,Open Women,35-39,98,16,1:11:39,AUS
Sydney 2026,Australia,Open Women,25-29,99,27,1:11:40,AUS
Sydney 2026,Australia,Open Women,30-34,100,17,1:11:43,AUS
Sydney 2026,Australia,Pro Men,30-34,1,1,0:55:19,NZL
Sydney 2026,Australia,Pro Men,16-24,2,1,0:55:27,ENG
Sydney 2026,Australia,Pro Men,35-39,3,1,0:56:40,AUS
Sydney 2026,Australia,Pro Men,35-39,4,2,0:56:47,AUS
Sydney 2026,Australia,Pro Men,35-39,5,3,0:56:54,NZL
Sydney 2026,Australia,Pro Men,25-29,6,1,0:57:30,AUS
Sydney 2026,Australia,Pro Men,30-34,7,2,0:58:06,AUS
Sydney 2026,Australia,Pro Men,16-24,8,2,0:58:11,AUS
Sydney 2026,Australia,Pro Men,25-29,9,2,0:58:43,NZL
Sydney 2026,Australia,Pro Men,35-39,10,4,0:58:45,AUS
Sydney 2026,Australia,Pro Men,35-39,11,5,0:58:47,AUS
Sydney 2026,Australia,Pro Men,35-39,12,6,0:58:53,IRL
Sydney 2026,Australia,Pro Men,30-34,13,3,0:58:54,NZL
Sydney 2026,Australia,Pro Men,25-29,14,3,0:59:07,AUS
Sydney 2026,Australia,Pro Men,30-34,15,4,0:59:32,AUS
Sydney 2026,Australia,Pro Men,16-24,16,3,0:59:35,AUS
Sydney 2026,Australia,Pro Men,30-34,17,5,0:59:36,AUS
Sydney 2026,Australia,Pro Men,30-34,18,6,0:59:40,AUS
Sydney 2026,Australia,Pro Men,16-24,19,4,0:59:43,AUS
Sydney 2026,Australia,Pro Men,25-29,20,4,0:59:59,RSA
Sydney 2026,Australia,Pro Men,30-34,21,7,1:00:09,IRL
Sydney 2026,Australia,Pro Men,35-39,22,7,1:00:14,GBR
Sydney 2026,Australia,Pro Men,25-29,23,5,1:00:19,AUS
Sydney 2026,Australia,Pro Men,16-24,24,5,1:00:27,AUS
Sydney 2026,Australia,Pro Men,35-39,25,8,1:00:42,AUS
Sydney 2026,Australia,Pro Men,25-29,26,6,1:00:45,AUS
Sydney 2026,Australia,Pro Men,25-29,27,7,1:00:48,AUS
Sydney 2026,Australia,Pro Men,16-24,28,6,1:00:48,MRI
Sydney 2026,Australia,Pro Men,30-34,29,8,1:00:55,AUS
Sydney 2026,Australia,Pro Men,25-29,30,8,1:00:58,AUS
Sydney 2026,Australia,Pro Men,30-34,31,9,1:01:10,AUS
Sydney 2026,Australia,Pro Men,35-39,32,9,1:01:11,NZL
Sydney 2026,Australia,Pro Men,30-34,33,10,1:01:17,GBR
Sydney 2026,Australia,Pro Men,30-34,34,11,1:01:25,AUS
Sydney 2026,Australia,Pro Men,30-34,35,12,1:01:28,AUS
Sydney 2026,Australia,Pro Men,16-24,36,7,1:01:33,AUS
Sydney 2026,Australia,Pro Men,16-24,37,8,1:01:41,AUS
Sydney 2026,Australia,Pro Men,30-34,38,13,1:01:52,NZL
Sydney 2026,Australia,Pro Men,16-24,39,9,1:01:52,AUS
Sydney 2026,Australia,Pro Men,25-29,40,9,1:02:02,GBR
Sydney 2026,Australia,Pro Men,40-44,41,1,1:02:03,AUS
Sydney 2026,Australia,Pro Men,25-29,42,10,1:02:06,AUS
Sydney 2026,Australia,Pro Men,30-34,43,14,1:02:07,AUS
Sydney 2026,Australia,Pro Men,35-39,44,10,1:02:36,NZL
Sydney 2026,Australia,Pro Men,35-39,45,11,1:02:48,AUS
Sydney 2026,Australia,Pro Men,25-29,46,11,1:02:52,AUS
Sydney 2026,Australia,Pro Men,30-34,47,15,1:03:09,IRL
Sydney 2026,Australia,Pro Men,30-34,48,16,1:03:13,AUS
Sydney 2026,Australia,Pro Men,25-29,49,12,1:03:13,AUS
Sydney 2026,Australia,Pro Men,35-39,50,12,1:03:15,AUS
Sydney 2026,Australia,Pro Men,30-34,51,17,1:03:18,USA
Sydney 2026,Australia,Pro Men,40-44,52,2,1:03:18,MLT
Sydney 2026,Australia,Pro Men,35-39,53,13,1:03:40,AUS
Sydney 2026,Australia,Pro Men,40-44,54,3,1:03:43,AUS
Sydney 2026,Australia,Pro Men,16-24,55,10,1:03:44,GBR
Sydney 2026,Australia,Pro Men,25-29,56,13,1:03:44,KOR
Sydney 2026,Australia,Pro Men,25-29,57,14,1:03:51,AUS
Sydney 2026,Australia,Pro Men,35-39,58,14,1:03:53,AUS
Sydney 2026,Australia,Pro Men,35-39,59,15,1:03:54,AUS
Sydney 2026,Australia,Pro Men,25-29,60,15,1:03:55,AUS
Sydney 2026,Australia,Pro Men,40-44,61,4,1:04:01,AUS
Sydney 2026,Australia,Pro Men,30-34,62,18,1:04:02,AUS
Sydney 2026,Australia,Pro Men,16-24,63,11,1:04:08,AUS
Sydney 2026,Australia,Pro Men,30-34,64,19,1:04:12,AUS
Sydney 2026,Australia,Pro Men,25-29,65,16,1:04:16,AUS
Sydney 2026,Australia,Pro Men,16-24,66,12,1:04:30,AUS
Sydney 2026,Australia,Pro Men,45-49,67,1,1:04:31,AUS
Sydney 2026,Australia,Pro Men,16-24,68,13,1:04:36,AUS
Sydney 2026,Australia,Pro Men,16-24,69,14,1:04:40,CHI
Sydney 2026,Australia,Pro Men,35-39,70,16,1:04:42,AUS
Sydney 2026,Australia,Pro Men,25-29,71,17,1:04:42,GBR
Sydney 2026,Australia,Pro Men,30-34,72,20,1:04:47,AUS
Sydney 2026,Australia,Pro Men,35-39,73,17,1:04:48,NZL
Sydney 2026,Australia,Pro Men,50-54,74,1,1:04:48,NZL
Sydney 2026,Australia,Pro Men,40-44,75,5,1:04:53,AUS
Sydney 2026,Australia,Pro Men,16-24,76,15,1:04:53,AUS
Sydney 2026,Australia,Pro Men,25-29,77,18,1:04:57,IRL
Sydney 2026,Australia,Pro Men,16-24,78,16,1:04:58,GBR
Sydney 2026,Australia,Pro Men,16-24,79,17,1:05:03,AUS
Sydney 2026,Australia,Pro Men,30-34,80,21,1:05:08,IRL
Sydney 2026,Australia,Pro Men,25-29,81,19,1:05:11,AUS
Sydney 2026,Australia,Pro Men,40-44,82,6,1:05:12,COL
Sydney 2026,Australia,Pro Men,35-39,83,18,1:05:13,FRA
Sydney 2026,Australia,Pro Men,30-34,84,22,1:05:22,AUS
Sydney 2026,Australia,Pro Men,30-34,85,23,1:05:28,AUS
Sydney 2026,Australia,Pro Men,30-34,86,24,1:05:35,NZL
Sydney 2026,Australia,Pro Men,30-34,87,25,1:05:39,GBR
Sydney 2026,Australia,Pro Men,35-39,88,19,1:05:39,IRL
Sydney 2026,Australia,Pro Men,40-44,89,7,1:05:40,AUS
Sydney 2026,Australia,Pro Men,25-29,90,20,1:05:41,IRL
Sydney 2026,Australia,Pro Men,25-29,91,21,1:05:45,AUS
Sydney 2026,Australia,Pro Men,30-34,92,26,1:05:45,JPN
Sydney 2026,Australia,Pro Men,25-29,93,22,1:05:48,AUS
Sydney 2026,Australia,Pro Men,16-24,94,18,1:05:56,AUS
Sydney 2026,Australia,Pro Men,30-34,95,27,1:05:58,GBR
Sydney 2026,Australia,Pro Men,16-24,96,19,1:05:59,AUS
Sydney 2026,Australia,Pro Men,40-44,97,8,1:06:03,NZL
Sydney 2026,Australia,Pro Men,16-24,98,20,1:06:07,NZL
Sydney 2026,Australia,Pro Men,25-29,99,23,1:06:09,AUS
Sydney 2026,Australia,Pro Men,30-34,100,28,1:06:14,AUS
Sydney 2026,Australia,Pro Women,16-24,1,1,0:56:14,AUS
Sydney 2026,Australia,Pro Women,25-29,2,1,0:58:23,AUS
Sydney 2026,Australia,Pro Women,30-34,3,1,0:59:16,NZL
Sydney 2026,Australia,Pro Women,30-34,4,2,0:59:23,AUS
Sydney 2026,Australia,Pro Women,25-29,5,2,1:00:40,AUS
Sydney 2026,Australia,Pro Women,40-44,6,1,1:00:53,NZL
Sydney 2026,Australia,Pro Women,25-29,7,3,1:01:51,AUS
Sydney 2026,Australia,Pro Women,30-34,8,3,1:02:48,NZL
Sydney 2026,Australia,Pro Women,16-24,9,2,1:02:58,AUS
Sydney 2026,Australia,Pro Women,16-24,10,3,1:02:59,AUS
Sydney 2026,Australia,Pro Women,30-34,11,4,1:03:23,AUS
Sydney 2026,Australia,Pro Women,25-29,12,4,1:03:57,AUS
Sydney 2026,Australia,Pro Women,16-24,13,4,1:04:15,AUS
Sydney 2026,Australia,Pro Women,16-24,14,5,1:04:43,AUS
Sydney 2026,Australia,Pro Women,35-39,15,1,1:05:18,AUS
Sydney 2026,Australia,Pro Women,30-34,16,5,1:05:24,AUS
Sydney 2026,Australia,Pro Women,16-24,17,6,1:05:40,NZL
Sydney 2026,Australia,Pro Women,25-29,18,5,1:05:41,AUS
Sydney 2026,Australia,Pro Women,25-29,19,6,1:06:33,NZL
Sydney 2026,Australia,Pro Women,30-34,20,6,1:06:44,AUS
Sydney 2026,Australia,Pro Women,25-29,21,7,1:07:46,AUS
Sydney 2026,Australia,Pro Women,40-44,22,2,1:07:56,AUS
Sydney 2026,Australia,Pro Women,35-39,23,2,1:08:18,AUS
Sydney 2026,Australia,Pro Women,25-29,24,8,1:08:26,AUS
Sydney 2026,Australia,Pro Women,16-24,25,7,1:08:54,NZL
Sydney 2026,Australia,Pro Women,40-44,26,3,1:08:59,AUS
Sydney 2026,Australia,Pro Women,25-29,27,9,1:09:13,NZL
Sydney 2026,Australia,Pro Women,40-44,28,4,1:09:25,AUS
Sydney 2026,Australia,Pro Women,35-39,29,3,1:09:26,AUS
Sydney 2026,Australia,Pro Women,35-39,30,4,1:09:26,AUS
Sydney 2026,Australia,Pro Women,35-39,31,5,1:09:33,USA
Sydney 2026,Australia,Pro Women,25-29,32,10,1:09:34,AUS
Sydney 2026,Australia,Pro Women,30-34,33,7,1:09:39,AUS
Sydney 2026,Australia,Pro Women,35-39,34,6,1:09:56,AUS
Sydney 2026,Australia,Pro Women,35-39,35,7,1:09:59,AUS
Sydney 2026,Australia,Pro Women,25-29,36,11,1:10:05,NZL
Sydney 2026,Australia,Pro Women,30-34,37,8,1:10:15,AUS
Sydney 2026,Australia,Pro Women,30-34,38,9,1:10:45,AUS
Sydney 2026,Australia,Pro Women,40-44,39,5,1:10:52,AUS
Sydney 2026,Australia,Pro Women,16-24,40,8,1:11:04,AUS
Sydney 2026,Australia,Pro Women,25-29,41,12,1:11:42,AUS
Sydney 2026,Australia,Pro Women,35-39,42,8,1:11:46,FRA
Sydney 2026,Australia,Pro Women,30-34,43,10,1:11:48,AUS
Sydney 2026,Australia,Pro Women,16-24,44,9,1:11:54,AUS
Sydney 2026,Australia,Pro Women,25-29,45,13,1:11:57,AUS
Sydney 2026,Australia,Pro Women,45-49,46,1,1:12:05,AUS
Sydney 2026,Australia,Pro Women,40-44,47,6,1:12:12,NZL
Sydney 2026,Australia,Pro Women,30-34,48,11,1:12:20,AUS
Sydney 2026,Australia,Pro Women,16-24,49,10,1:12:25,AUS
Sydney 2026,Australia,Pro Women,45-49,50,2,1:12:33,GBR
Sydney 2026,Australia,Pro Women,25-29,51,14,1:12:44,AUS
Sydney 2026,Australia,Pro Women,25-29,52,15,1:12:46,NZL
Sydney 2026,Australia,Pro Women,25-29,53,16,1:13:02,GBR
Sydney 2026,Australia,Pro Women,16-24,54,11,1:13:07,AUS
Sydney 2026,Australia,Pro Women,30-34,55,12,1:13:18,AUS
Sydney 2026,Australia,Pro Women,40-44,56,7,1:13:18,AUS
Sydney 2026,Australia,Pro Women,40-44,57,8,1:13:28,AUS
Sydney 2026,Australia,Pro Women,55-59,58,1,1:13:34,USA
Sydney 2026,Australia,Pro Women,40-44,59,9,1:13:45,AUS
Sydney 2026,Australia,Pro Women,25-29,60,18,1:13:49,AUS
Sydney 2026,Australia,Pro Women,25-29,61,17,1:13:49,AUS
Sydney 2026,Australia,Pro Women,30-34,62,13,1:13:56,AUS
Sydney 2026,Australia,Pro Women,16-24,63,12,1:13:58,GBR
Sydney 2026,Australia,Pro Women,16-24,64,13,1:14:04,AUS
Sydney 2026,Australia,Pro Women,16-24,65,14,1:14:14,AUS
Sydney 2026,Australia,Pro Women,30-34,66,14,1:14:24,AUS
Sydney 2026,Australia,Pro Women,35-39,67,9,1:14:25,AUS
Sydney 2026,Australia,Pro Women,50-54,68,1,1:14:35,AUS
Sydney 2026,Australia,Pro Women,16-24,69,15,1:14:52,RSA
Sydney 2026,Australia,Pro Women,35-39,70,10,1:14:54,AUS
Sydney 2026,Australia,Pro Women,25-29,71,19,1:14:55,IRL
Sydney 2026,Australia,Pro Women,16-24,72,16,1:15:10,AUS
Sydney 2026,Australia,Pro Women,30-34,73,15,1:15:12,AUS
Sydney 2026,Australia,Pro Women,40-44,74,10,1:15:18,NZL
Sydney 2026,Australia,Pro Women,40-44,75,11,1:15:19,AUS
Sydney 2026,Australia,Pro Women,25-29,76,20,1:15:31,ITA
Sydney 2026,Australia,Pro Women,16-24,77,17,1:15:32,AUS
Sydney 2026,Australia,Pro Women,40-44,78,12,1:15:38,NZL
Sydney 2026,Australia,Pro Women,30-34,79,16,1:15:49,AUS
Sydney 2026,Australia,Pro Women,30-34,80,17,1:15:52,AUS
Sydney 2026,Australia,Pro Women,40-44,81,13,1:15:56,AUS
Sydney 2026,Australia,Pro Women,25-29,82,21,1:16:11,AUS
Sydney 2026,Australia,Pro Women,45-49,83,3,1:16:18,AUS
Sydney 2026,Australia,Pro Women,30-34,84,18,1:16:24,CAN
Sydney 2026,Australia,Pro Women,25-29,85,22,1:16:24,USA
Sydney 2026,Australia,Pro Women,35-39,86,11,1:16:36,NZL
Sydney 2026,Australia,Pro Women,35-39,87,12,1:16:49,GBR
Sydney 2026,Australia,Pro Women,16-24,88,18,1:16:57,AUS
Sydney 2026,Australia,Pro Women,30-34,89,19,1:16:57,NZL
Sydney 2026,Australia,Pro Women,16-24,90,19,1:16:58,AUS
Sydney 2026,Australia,Pro Women,45-49,91,4,1:17:00,NZL
Sydney 2026,Australia,Pro Women,25-29,92,23,1:17:10,AUS
Sydney 2026,Australia,Pro Women,16-24,93,20,1:17:17,AUS
Sydney 2026,Australia,Pro Women,25-29,94,24,1:17:20,GBR
Sydney 2026,Australia,Pro Women,40-44,95,14,1:17:26,AUS
Sydney 2026,Australia,Pro Women,35-39,96,13,1:17:30,AUS
Sydney 2026,Australia,Pro Women,35-39,97,14,1:17:34,AUS
Sydney 2026,Australia,Pro Women,30-34,98,20,1:17:34,AUS
Sydney 2026,Australia,Pro Women,35-39,99,15,1:17:37,AUS
Sydney 2026,Australia,Pro Women,30-34,100,21,1:17:39,AUS
Incheon 2026,South Korea,Open Men,16-24,1,1,0:57:22,KOR
Incheon 2026,South Korea,Open Men,25-29,2,1,0:58:35,KOR
Incheon 2026,South Korea,Open Men,25-29,3,2,0:58:50,KOR
Incheon 2026,South Korea,Open Men,16-24,4,2,0:59:09,KOR
Incheon 2026,South Korea,Open Men,16-24,5,3,0:59:23,KOR
Incheon 2026,South Korea,Open Men,25-29,6,3,0:59:24,KOR
Incheon 2026,South Korea,Open Men,30-34,7,1,0:59:35,KOR
Incheon 2026,South Korea,Open Men,30-34,8,2,0:59:38,KOR
Incheon 2026,South Korea,Open Men,35-39,9,1,0:59:48,SIN
Incheon 2026,South Korea,Open Men,25-29,10,4,0:59:49,KOR
Incheon 2026,South Korea,Open Men,25-29,11,5,0:59:57,FRA
Incheon 2026,South Korea,Open Men,16-24,12,4,1:00:03,KOR
Incheon 2026,South Korea,Open Men,25-29,13,6,1:00:05,USA
Incheon 2026,South Korea,Open Men,30-34,14,3,1:00:06,KOR
Incheon 2026,South Korea,Open Men,35-39,15,2,1:00:08,KOR
Incheon 2026,South Korea,Open Men,25-29,16,7,1:00:27,KOR
Incheon 2026,South Korea,Open Men,16-24,17,5,1:00:29,KOR
Incheon 2026,South Korea,Open Men,30-34,18,4,1:00:29,KOR
Incheon 2026,South Korea,Open Men,35-39,19,3,1:00:37,KOR
Incheon 2026,South Korea,Open Men,30-34,20,5,1:00:44,KOR
Incheon 2026,South Korea,Open Men,35-39,21,4,1:00:48,KOR
Incheon 2026,South Korea,Open Men,16-24,22,6,1:01:16,AUS
Incheon 2026,South Korea,Open Men,30-34,23,6,1:01:17,KOR
Incheon 2026,South Korea,Open Men,35-39,24,5,1:01:23,SIN
Incheon 2026,South Korea,Open Men,40-44,25,1,1:01:25,KOR
Incheon 2026,South Korea,Open Men,35-39,26,6,1:01:26,KOR
Incheon 2026,South Korea,Open Men,25-29,27,8,1:01:27,KOR
Incheon 2026,South Korea,Open Men,30-34,28,7,1:01:31,KOR
Incheon 2026,South Korea,Open Men,30-34,29,8,1:02:06,JPN
Incheon 2026,South Korea,Open Men,25-29,30,9,1:02:07,KOR
Incheon 2026,South Korea,Open Men,25-29,31,10,1:02:11,KOR
Incheon 2026,South Korea,Open Men,25-29,32,11,1:02:11,JPN
Incheon 2026,South Korea,Open Men,25-29,33,12,1:02:13,IRL
Incheon 2026,South Korea,Open Men,25-29,34,13,1:02:18,KOR
Incheon 2026,South Korea,Open Men,40-44,35,2,1:02:19,KOR
Incheon 2026,South Korea,Open Men,35-39,36,7,1:02:23,KOR
Incheon 2026,South Korea,Open Men,25-29,37,14,1:02:41,KOR
Incheon 2026,South Korea,Open Men,30-34,38,9,1:02:41,KOR
Incheon 2026,South Korea,Open Men,16-24,39,7,1:02:42,KOR
Incheon 2026,South Korea,Open Men,50-54,40,1,1:02:46,KOR
Incheon 2026,South Korea,Open Men,16-24,41,8,1:02:47,KOR
Incheon 2026,South Korea,Open Men,30-34,42,10,1:02:51,KOR
Incheon 2026,South Korea,Open Men,30-34,43,11,1:02:51,KOR
Incheon 2026,South Korea,Open Men,40-44,44,3,1:02:59,SUI
Incheon 2026,South Korea,Open Men,16-24,45,9,1:03:00,KOR
Incheon 2026,South Korea,Open Men,40-44,46,4,1:03:12,KOR
Incheon 2026,South Korea,Open Men,30-34,47,13,1:03:17,KOR
Incheon 2026,South Korea,Open Men,30-34,48,12,1:03:17,KOR
Incheon 2026,South Korea,Open Men,40-44,49,5,1:03:19,AUS
Incheon 2026,South Korea,Open Men,25-29,50,15,1:03:23,KOR
Incheon 2026,South Korea,Open Men,25-29,51,16,1:03:29,IRL
Incheon 2026,South Korea,Open Men,30-34,52,14,1:03:29,JPN
Incheon 2026,South Korea,Open Men,35-39,53,8,1:03:43,KOR
Incheon 2026,South Korea,Open Men,30-34,54,15,1:03:48,ESP
Incheon 2026,South Korea,Open Men,35-39,55,9,1:03:49,SIN
Incheon 2026,South Korea,Open Men,30-34,56,16,1:03:54,KOR
Incheon 2026,South Korea,Open Men,25-29,57,17,1:04:10,USA
Incheon 2026,South Korea,Open Men,35-39,58,10,1:04:12,KOR
Incheon 2026,South Korea,Open Men,25-29,59,18,1:04:12,KOR
Incheon 2026,South Korea,Open Men,25-29,60,19,1:04:16,KOR
Incheon 2026,South Korea,Open Men,25-29,61,20,1:04:17,KOR
Incheon 2026,South Korea,Open Men,25-29,62,21,1:04:24,KOR
Incheon 2026,South Korea,Open Men,25-29,63,22,1:04:26,JPN
Incheon 2026,South Korea,Open Men,45-49,64,1,1:04:48,KOR
Incheon 2026,South Korea,Open Men,30-34,65,17,1:04:49,USA
Incheon 2026,South Korea,Open Men,25-29,66,23,1:04:49,JPN
Incheon 2026,South Korea,Open Men,25-29,67,24,1:04:52,AUS
Incheon 2026,South Korea,Open Men,30-34,68,18,1:04:52,KOR
Incheon 2026,South Korea,Open Men,30-34,69,19,1:04:55,KOR
Incheon 2026,South Korea,Open Men,30-34,70,20,1:04:57,KOR
Incheon 2026,South Korea,Open Men,30-34,71,21,1:04:58,HKG
Incheon 2026,South Korea,Open Men,30-34,72,22,1:05:10,KOR
Incheon 2026,South Korea,Open Men,35-39,73,11,1:05:13,KOR
Incheon 2026,South Korea,Open Men,25-29,74,25,1:05:28,KOR
Incheon 2026,South Korea,Open Men,16-24,75,10,1:05:31,KOR
Incheon 2026,South Korea,Open Men,16-24,76,11,1:05:32,PHI
Incheon 2026,South Korea,Open Men,16-24,77,12,1:05:34,KOR
Incheon 2026,South Korea,Open Men,25-29,78,26,1:05:35,KOR
Incheon 2026,South Korea,Open Men,40-44,79,6,1:05:37,JPN
Incheon 2026,South Korea,Open Men,30-34,80,23,1:05:41,KOR
Incheon 2026,South Korea,Open Men,25-29,81,27,1:05:44,KOR
Incheon 2026,South Korea,Open Men,16-24,82,13,1:05:52,JPN
Incheon 2026,South Korea,Open Men,25-29,83,28,1:05:53,KOR
Incheon 2026,South Korea,Open Men,30-34,84,24,1:05:53,KOR
Incheon 2026,South Korea,Open Men,16-24,85,14,1:06:00,KOR
Incheon 2026,South Korea,Open Men,35-39,86,12,1:06:01,KOR
Incheon 2026,South Korea,Open Men,40-44,87,7,1:06:03,KOR
Incheon 2026,South Korea,Open Men,30-34,88,25,1:06:13,KOR
Incheon 2026,South Korea,Open Men,30-34,89,26,1:06:13,KOR
Incheon 2026,South Korea,Open Men,25-29,90,29,1:06:14,INA
Incheon 2026,South Korea,Open Men,25-29,91,30,1:06:14,JPN
Incheon 2026,South Korea,Open Men,30-34,92,27,1:06:15,KOR
Incheon 2026,South Korea,Open Men,35-39,93,13,1:06:18,KOR
Incheon 2026,South Korea,Open Men,40-44,94,8,1:06:19,KOR
Incheon 2026,South Korea,Open Men,25-29,95,31,1:06:25,KOR
Incheon 2026,South Korea,Open Men,35-39,96,14,1:06:25,KOR
Incheon 2026,South Korea,Open Men,30-34,97,28,1:06:26,KOR
Incheon 2026,South Korea,Open Men,35-39,98,15,1:06:28,MGL
Incheon 2026,South Korea,Open Men,16-24,99,15,1:06:30,KOR
Incheon 2026,South Korea,Open Men,25-29,100,32,1:06:32,KOR
Incheon 2026,South Korea,Open Women,25-29,1,1,0:08:02,KOR
Incheon 2026,South Korea,Open Women,25-29,2,2,0:19:03,KOR
Incheon 2026,South Korea,Open Women,50-54,3,1,0:21:38,HKG
Incheon 2026,South Korea,Open Women,16-24,4,1,0:34:20,KOR
Incheon 2026,South Korea,Open Women,25-29,5,3,1:05:41,KOR
Incheon 2026,South Korea,Open Women,35-39,6,1,1:06:31,JPN
Incheon 2026,South Korea,Open Women,25-29,7,4,1:07:38,KOR
Incheon 2026,South Korea,Open Women,30-34,8,1,1:07:50,AUS
Incheon 2026,South Korea,Open Women,25-29,9,5,1:08:48,KOR
Incheon 2026,South Korea,Open Women,16-24,10,2,1:09:48,JPN
Incheon 2026,South Korea,Open Women,30-34,11,2,1:09:50,PHI
Incheon 2026,South Korea,Open Women,25-29,12,6,1:10:00,GBR
Incheon 2026,South Korea,Open Women,30-34,13,3,1:10:01,KOR
Incheon 2026,South Korea,Open Women,25-29,14,7,1:10:17,TPE
Incheon 2026,South Korea,Open Women,35-39,15,2,1:10:32,SIN
Incheon 2026,South Korea,Open Women,25-29,16,8,1:11:01,KOR
Incheon 2026,South Korea,Open Women,16-24,17,3,1:11:40,KOR
Incheon 2026,South Korea,Open Women,30-34,18,4,1:11:44,KOR
Incheon 2026,South Korea,Open Women,40-44,19,1,1:11:57,JPN
Incheon 2026,South Korea,Open Women,35-39,20,3,1:12:38,SIN
Incheon 2026,South Korea,Open Women,16-24,21,4,1:12:59,KOR
Incheon 2026,South Korea,Open Women,30-34,22,5,1:13:00,KOR
Incheon 2026,South Korea,Open Women,30-34,23,6,1:13:11,KOR
Incheon 2026,South Korea,Open Women,30-34,24,7,1:13:51,KOR
Incheon 2026,South Korea,Open Women,30-34,25,8,1:14:16,JPN
Incheon 2026,South Korea,Open Women,25-29,26,9,1:14:30,KOR
Incheon 2026,South Korea,Open Women,30-34,27,9,1:14:38,JPN
Incheon 2026,South Korea,Open Women,25-29,28,10,1:15:00,KOR
Incheon 2026,South Korea,Open Women,30-34,29,10,1:15:04,KOR
Incheon 2026,South Korea,Open Women,25-29,30,11,1:15:05,JPN
Incheon 2026,South Korea,Open Women,40-44,31,2,1:15:24,KOR
Incheon 2026,South Korea,Open Women,30-34,32,11,1:15:25,MAS
Incheon 2026,South Korea,Open Women,30-34,33,12,1:15:25,JPN
Incheon 2026,South Korea,Open Women,16-24,34,5,1:15:39,KOR
Incheon 2026,South Korea,Open Women,35-39,35,4,1:15:51,CAN
Incheon 2026,South Korea,Open Women,25-29,36,12,1:16:05,JPN
Incheon 2026,South Korea,Open Women,30-34,37,13,1:16:23,SWE
Incheon 2026,South Korea,Open Women,40-44,38,3,1:16:30,KOR
Incheon 2026,South Korea,Open Women,30-34,39,14,1:16:32,USA
Incheon 2026,South Korea,Open Women,25-29,40,13,1:16:52,KOR
Incheon 2026,South Korea,Open Women,25-29,41,14,1:16:58,JPN
Incheon 2026,South Korea,Open Women,40-44,42,4,1:17:03,KOR
Incheon 2026,South Korea,Open Women,35-39,43,5,1:17:15,JPN
Incheon 2026,South Korea,Open Women,30-34,44,15,1:17:18,JPN
Incheon 2026,South Korea,Open Women,25-29,45,15,1:17:36,KOR
Incheon 2026,South Korea,Open Women,30-34,46,16,1:17:42,KOR
Incheon 2026,South Korea,Open Women,30-34,47,17,1:18:01,KOR
Incheon 2026,South Korea,Open Women,45-49,48,1,1:18:08,KOR
Incheon 2026,South Korea,Open Women,25-29,49,16,1:18:12,KOR
Incheon 2026,South Korea,Open Women,25-29,50,17,1:18:21,USA
Incheon 2026,South Korea,Open Women,30-34,51,18,1:18:26,JPN
Incheon 2026,South Korea,Open Women,50-54,52,2,1:18:26,KOR
Incheon 2026,South Korea,Open Women,40-44,53,5,1:18:28,KOR
Incheon 2026,South Korea,Open Women,25-29,54,18,1:18:41,KOR
Incheon 2026,South Korea,Open Women,30-34,55,19,1:18:44,KOR
Incheon 2026,South Korea,Open Women,16-24,56,6,1:18:45,KOR
Incheon 2026,South Korea,Open Women,35-39,57,6,1:18:50,HUN
Incheon 2026,South Korea,Open Women,40-44,58,6,1:18:52,AUS
Incheon 2026,South Korea,Open Women,50-54,59,3,1:18:54,JPN
Incheon 2026,South Korea,Open Women,35-39,60,7,1:18:55,KOR
Incheon 2026,South Korea,Open Women,25-29,61,19,1:18:56,USA
Incheon 2026,South Korea,Open Women,30-34,62,20,1:18:59,KOR
Incheon 2026,South Korea,Open Women,25-29,63,20,1:19:02,JPN
Incheon 2026,South Korea,Open Women,16-24,64,7,1:19:03,KOR
Incheon 2026,South Korea,Open Women,35-39,65,8,1:19:04,INA
Incheon 2026,South Korea,Open Women,40-44,66,7,1:19:06,KOR
Incheon 2026,South Korea,Open Women,25-29,67,21,1:19:15,USA
Incheon 2026,South Korea,Open Women,30-34,68,21,1:19:31,KOR
Incheon 2026,South Korea,Open Women,35-39,69,9,1:19:36,KOR
Incheon 2026,South Korea,Open Women,45-49,70,2,1:19:43,KOR
Incheon 2026,South Korea,Open Women,40-44,71,8,1:19:49,SIN
Incheon 2026,South Korea,Open Women,40-44,72,9,1:19:53,KOR
Incheon 2026,South Korea,Open Women,16-24,73,8,1:20:00,CZE
Incheon 2026,South Korea,Open Women,25-29,74,22,1:20:03,KOR
Incheon 2026,South Korea,Open Women,30-34,75,22,1:20:08,CHN
Incheon 2026,South Korea,Open Women,40-44,76,10,1:20:08,KOR
Incheon 2026,South Korea,Open Women,16-24,77,9,1:20:13,JPN
Incheon 2026,South Korea,Open Women,35-39,78,10,1:20:21,ITA
Incheon 2026,South Korea,Open Women,30-34,79,23,1:20:29,KOR
Incheon 2026,South Korea,Open Women,30-34,80,24,1:21:03,KOR
Incheon 2026,South Korea,Open Women,40-44,81,11,1:21:12,HKG
Incheon 2026,South Korea,Open Women,25-29,82,23,1:21:13,HKG
Incheon 2026,South Korea,Open Women,16-24,83,10,1:21:15,KOR
Incheon 2026,South Korea,Open Women,30-34,84,25,1:21:15,KOR
Incheon 2026,South Korea,Open Women,35-39,85,11,1:21:36,TPE
Incheon 2026,South Korea,Open Women,40-44,86,12,1:21:42,MAS
Incheon 2026,South Korea,Open Women,30-34,87,26,1:21:49,KOR
Incheon 2026,South Korea,Open Women,30-34,88,27,1:21:57,SIN
Incheon 2026,South Korea,Open Women,40-44,89,13,1:21:57,KOR
Incheon 2026,South Korea,Open Women,45-49,90,3,1:21:58,PHI
Incheon 2026,South Korea,Open Women,25-29,91,24,1:21:58,KOR
Incheon 2026,South Korea,Open Women,25-29,92,25,1:22:02,AUS
Incheon 2026,South Korea,Open Women,50-54,93,4,1:22:09,KOR
Incheon 2026,South Korea,Open Women,30-34,94,28,1:22:12,KOR
Incheon 2026,South Korea,Open Women,35-39,95,12,1:22:12,KOR
Incheon 2026,South Korea,Open Women,35-39,96,13,1:22:15,KOR
Incheon 2026,South Korea,Open Women,35-39,97,14,1:22:17,KOR
Incheon 2026,South Korea,Open Women,40-44,98,14,1:22:17,KOR
Incheon 2026,South Korea,Open Women,30-34,99,29,1:22:21,SIN
Incheon 2026,South Korea,Open Women,30-34,100,30,1:22:22,SIN
Incheon 2026,South Korea,Pro Men,30-34,1,1,0:58:22,FRA
Incheon 2026,South Korea,Pro Men,25-29,2,1,0:58:26,SWE
Incheon 2026,South Korea,Pro Men,25-29,3,2,1:02:01,JPN
Incheon 2026,South Korea,Pro Men,30-34,4,2,1:02:03,KOR
Incheon 2026,South Korea,Pro Men,30-34,5,3,1:02:35,IRL
Incheon 2026,South Korea,Pro Men,30-34,6,4,1:03:58,KOR
Incheon 2026,South Korea,Pro Men,30-34,7,5,1:04:02,KOR
Incheon 2026,South Korea,Pro Men,30-34,8,6,1:04:31,KOR
Incheon 2026,South Korea,Pro Men,25-29,9,3,1:05:06,KOR
Incheon 2026,South Korea,Pro Men,35-39,10,1,1:05:37,KOR
Incheon 2026,South Korea,Pro Men,25-29,11,4,1:06:36,KOR
Incheon 2026,South Korea,Pro Men,16-24,12,1,1:06:40,KOR
Incheon 2026,South Korea,Pro Men,16-24,13,2,1:07:04,KOR
Incheon 2026,South Korea,Pro Men,35-39,14,2,1:07:54,KOR
Incheon 2026,South Korea,Pro Men,40-44,15,1,1:07:55,KOR
Incheon 2026,South Korea,Pro Men,30-34,16,7,1:07:57,KOR
Incheon 2026,South Korea,Pro Men,40-44,17,2,1:08:17,JPN
Incheon 2026,South Korea,Pro Men,25-29,18,5,1:08:40,KOR
Incheon 2026,South Korea,Pro Men,40-44,19,3,1:08:43,KOR
Incheon 2026,South Korea,Pro Men,25-29,20,6,1:09:00,GBR
Incheon 2026,South Korea,Pro Men,30-34,21,8,1:09:16,KOR
Incheon 2026,South Korea,Pro Men,25-29,22,7,1:09:19,KOR
Incheon 2026,South Korea,Pro Men,35-39,23,3,1:09:35,KOR
Incheon 2026,South Korea,Pro Men,25-29,24,8,1:09:44,KOR
Incheon 2026,South Korea,Pro Men,25-29,25,9,1:09:59,KOR
Incheon 2026,South Korea,Pro Men,30-34,26,9,1:10:02,KOR
Incheon 2026,South Korea,Pro Men,25-29,27,10,1:10:05,KOR
Incheon 2026,South Korea,Pro Men,35-39,28,4,1:10:57,KOR
Incheon 2026,South Korea,Pro Men,16-24,29,3,1:11:01,JPN
Incheon 2026,South Korea,Pro Men,25-29,30,11,1:11:10,KOR
Incheon 2026,South Korea,Pro Men,30-34,31,10,1:11:14,KOR
Incheon 2026,South Korea,Pro Men,30-34,32,11,1:11:19,JPN
Incheon 2026,South Korea,Pro Men,30-34,33,12,1:11:23,KOR
Incheon 2026,South Korea,Pro Men,25-29,34,12,1:11:33,JPN
Incheon 2026,South Korea,Pro Men,40-44,35,4,1:11:34,FRA
Incheon 2026,South Korea,Pro Men,25-29,36,13,1:11:46,KOR
Incheon 2026,South Korea,Pro Men,35-39,37,5,1:11:54,KOR
Incheon 2026,South Korea,Pro Men,30-34,38,13,1:12:13,KOR
Incheon 2026,South Korea,Pro Men,30-34,39,14,1:12:19,KOR
Incheon 2026,South Korea,Pro Men,16-24,40,4,1:12:46,KOR
Incheon 2026,South Korea,Pro Men,25-29,41,14,1:12:52,KOR
Incheon 2026,South Korea,Pro Men,25-29,42,15,1:13:01,JPN
Incheon 2026,South Korea,Pro Men,35-39,43,6,1:13:01,KOR
Incheon 2026,South Korea,Pro Men,30-34,44,15,1:13:11,KOR
Incheon 2026,South Korea,Pro Men,25-29,45,16,1:13:18,JPN
Incheon 2026,South Korea,Pro Men,16-24,46,5,1:13:27,JPN
Incheon 2026,South Korea,Pro Men,35-39,47,7,1:13:35,KOR
Incheon 2026,South Korea,Pro Men,40-44,48,5,1:13:36,KOR
Incheon 2026,South Korea,Pro Men,35-39,49,8,1:13:40,KOR
Incheon 2026,South Korea,Pro Men,16-24,50,6,1:13:49,KOR
Incheon 2026,South Korea,Pro Men,35-39,51,9,1:13:53,KOR
Incheon 2026,South Korea,Pro Men,30-34,52,16,1:13:59,KOR
Incheon 2026,South Korea,Pro Men,25-29,53,17,1:14:02,KOR
Incheon 2026,South Korea,Pro Men,30-34,54,17,1:14:09,KOR
Incheon 2026,South Korea,Pro Men,25-29,55,18,1:14:20,KOR
Incheon 2026,South Korea,Pro Men,16-24,56,7,1:14:27,KOR
Incheon 2026,South Korea,Pro Men,30-34,57,18,1:14:33,KOR
Incheon 2026,South Korea,Pro Men,25-29,58,19,1:14:38,KOR
Incheon 2026,South Korea,Pro Men,16-24,59,8,1:14:38,KOR
Incheon 2026,South Korea,Pro Men,16-24,60,9,1:14:40,KOR
Incheon 2026,South Korea,Pro Men,35-39,61,10,1:15:00,KOR
Incheon 2026,South Korea,Pro Men,16-24,62,10,1:15:04,KOR
Incheon 2026,South Korea,Pro Men,35-39,63,11,1:15:05,KOR
Incheon 2026,South Korea,Pro Men,25-29,64,20,1:15:12,KOR
Incheon 2026,South Korea,Pro Men,30-34,65,19,1:15:16,JPN
Incheon 2026,South Korea,Pro Men,25-29,66,21,1:15:19,KOR
Incheon 2026,South Korea,Pro Men,30-34,67,20,1:15:33,KOR
Incheon 2026,South Korea,Pro Men,25-29,68,22,1:15:49,KOR
Incheon 2026,South Korea,Pro Men,40-44,69,6,1:17:05,KOR
Incheon 2026,South Korea,Pro Men,25-29,70,23,1:17:05,KOR
Incheon 2026,South Korea,Pro Men,25-29,71,24,1:17:05,KOR
Incheon 2026,South Korea,Pro Men,30-34,72,21,1:17:23,KOR
Incheon 2026,South Korea,Pro Men,45-49,73,1,1:17:24,KOR
Incheon 2026,South Korea,Pro Men,30-34,74,22,1:17:39,JPN
Incheon 2026,South Korea,Pro Men,30-34,75,23,1:17:41,USA
Incheon 2026,South Korea,Pro Men,30-34,76,24,1:17:53,KOR
Incheon 2026,South Korea,Pro Men,35-39,77,12,1:18:05,KOR
Incheon 2026,South Korea,Pro Men,30-34,78,25,1:18:06,KOR
Incheon 2026,South Korea,Pro Men,25-29,79,25,1:18:29,JPN
Incheon 2026,South Korea,Pro Men,30-34,80,26,1:18:31,KOR
Incheon 2026,South Korea,Pro Men,16-24,81,11,1:18:48,KOR
Incheon 2026,South Korea,Pro Men,30-34,82,27,1:18:54,KOR
Incheon 2026,South Korea,Pro Men,30-34,83,28,1:18:56,KOR
Incheon 2026,South Korea,Pro Men,35-39,84,13,1:19:04,KOR
Incheon 2026,South Korea,Pro Men,30-34,85,29,1:19:06,KOR
Incheon 2026,South Korea,Pro Men,16-24,86,12,1:19:07,KOR
Incheon 2026,South Korea,Pro Men,25-29,87,26,1:19:08,KOR
Incheon 2026,South Korea,Pro Men,25-29,88,27,1:19:17,KOR
Incheon 2026,South Korea,Pro Men,25-29,89,28,1:19:22,KOR
Incheon 2026,South Korea,Pro Men,25-29,90,29,1:19:23,JPN
Incheon 2026,South Korea,Pro Men,25-29,91,30,1:19:38,KOR
Incheon 2026,South Korea,Pro Men,25-29,92,31,1:19:49,KOR
Incheon 2026,South Korea,Pro Men,16-24,93,13,1:19:55,KOR
Incheon 2026,South Korea,Pro Men,30-34,94,30,1:19:57,KOR
Incheon 2026,South Korea,Pro Men,30-34,95,31,1:20:13,KOR
Incheon 2026,South Korea,Pro Men,16-24,96,14,1:20:13,KOR
Incheon 2026,South Korea,Pro Men,30-34,97,32,1:20:21,KOR
Incheon 2026,South Korea,Pro Men,25-29,98,32,1:20:26,KOR
Incheon 2026,South Korea,Pro Men,25-29,99,33,1:20:42,KOR
Incheon 2026,South Korea,Pro Men,45-49,100,2,1:20:45,KOR
Incheon 2026,South Korea,Pro Women,25-29,1,1,1:04:45,AUS
Incheon 2026,South Korea,Pro Women,25-29,2,2,1:08:25,ENG
Incheon 2026,South Korea,Pro Women,30-34,3,1,1:10:41,KOR
Incheon 2026,South Korea,Pro Women,35-39,4,1,1:11:12,KOR
Incheon 2026,South Korea,Pro Women,25-29,5,3,1:11:44,KOR
Incheon 2026,South Korea,Pro Women,16-24,6,1,1:12:10,KOR
Incheon 2026,South Korea,Pro Women,45-49,7,1,1:12:18,SIN
Incheon 2026,South Korea,Pro Women,30-34,8,2,1:12:37,KOR
Incheon 2026,South Korea,Pro Women,30-34,9,3,1:12:38,KOR
Incheon 2026,South Korea,Pro Women,25-29,10,4,1:12:50,KOR
Incheon 2026,South Korea,Pro Women,35-39,11,2,1:13:25,KOR
Incheon 2026,South Korea,Pro Women,35-39,12,3,1:13:47,SIN
Incheon 2026,South Korea,Pro Women,30-34,13,4,1:14:52,PHI
Incheon 2026,South Korea,Pro Women,25-29,14,5,1:16:29,TPE
Incheon 2026,South Korea,Pro Women,40-44,15,1,1:17:19,USA
Incheon 2026,South Korea,Pro Women,40-44,16,2,1:20:21,KOR
Incheon 2026,South Korea,Pro Women,16-24,17,2,1:20:41,KOR
Incheon 2026,South Korea,Pro Women,40-44,18,3,1:22:17,KOR
Incheon 2026,South Korea,Pro Women,16-24,19,3,1:22:19,MAS
Incheon 2026,South Korea,Pro Women,40-44,20,4,1:22:53,INA
Incheon 2026,South Korea,Pro Women,16-24,21,4,1:23:28,SIN
Incheon 2026,South Korea,Pro Women,45-49,22,2,1:23:32,IRL
Incheon 2026,South Korea,Pro Women,30-34,23,5,1:24:21,KOR
Incheon 2026,South Korea,Pro Women,35-39,24,4,1:24:25,KOR
Incheon 2026,South Korea,Pro Women,30-34,25,6,1:24:40,KOR
Incheon 2026,South Korea,Pro Women,25-29,26,6,1:24:57,KOR
Incheon 2026,South Korea,Pro Women,30-34,27,7,1:25:55,KOR
Incheon 2026,South Korea,Pro Women,30-34,28,8,1:26:03,KOR
Incheon 2026,South Korea,Pro Women,35-39,29,5,1:26:29,KOR
Incheon 2026,South Korea,Pro Women,25-29,30,7,1:27:27,KOR
Incheon 2026,South Korea,Pro Women,30-34,31,9,1:27:27,KOR
Incheon 2026,South Korea,Pro Women,30-34,32,10,1:28:06,KOR
Incheon 2026,South Korea,Pro Women,35-39,33,6,1:28:11,KOR
Incheon 2026,South Korea,Pro Women,30-34,34,11,1:28:58,USA
Incheon 2026,South Korea,Pro Women,35-39,35,7,1:29:10,KOR
Incheon 2026,South Korea,Pro Women,16-24,36,5,1:29:24,KOR
Incheon 2026,South Korea,Pro Women,35-39,37,8,1:29:39,GBR
Incheon 2026,South Korea,Pro Women,35-39,38,9,1:30:01,KOR
Incheon 2026,South Korea,Pro Women,30-34,39,12,1:30:34,KOR
Incheon 2026,South Korea,Pro Women,30-34,40,13,1:31:22,PHI
Incheon 2026,South Korea,Pro Women,40-44,41,5,1:32:04,JPN
Incheon 2026,South Korea,Pro Women,16-24,42,6,1:32:34,KOR
Incheon 2026,South Korea,Pro Women,35-39,43,10,1:32:49,GBR
Incheon 2026,South Korea,Pro Women,35-39,44,11,1:33:30,KOR
Incheon 2026,South Korea,Pro Women,40-44,45,6,1:33:57,KOR
Incheon 2026,South Korea,Pro Women,25-29,46,8,1:34:08,KOR
Incheon 2026,South Korea,Pro Women,30-34,47,14,1:34:24,GRE
Incheon 2026,South Korea,Pro Women,25-29,48,9,1:34:28,KOR
Incheon 2026,South Korea,Pro Women,35-39,49,12,1:34:29,KOR
Incheon 2026,South Korea,Pro Women,30-34,50,15,1:34:33,KOR
Incheon 2026,South Korea,Pro Women,45-49,51,3,1:34:42,KOR
Incheon 2026,South Korea,Pro Women,30-34,52,16,1:34:49,CHN
Incheon 2026,South Korea,Pro Women,30-34,53,17,1:34:55,MAS
Incheon 2026,South Korea,Pro Women,35-39,54,13,1:35:02,KOR
Incheon 2026,South Korea,Pro Women,50-54,55,1,1:36:11,KOR
Incheon 2026,South Korea,Pro Women,40-44,56,7,1:36:33,THA
Incheon 2026,South Korea,Pro Women,25-29,57,10,1:36:54,KOR
Incheon 2026,South Korea,Pro Women,25-29,58,11,1:37:16,KOR
Incheon 2026,South Korea,Pro Women,50-54,59,2,1:37:27,KOR
Incheon 2026,South Korea,Pro Women,35-39,60,14,1:38:06,KOR
Incheon 2026,South Korea,Pro Women,25-29,61,12,1:38:39,PHI
Incheon 2026,South Korea,Pro Women,16-24,62,7,1:38:58,KOR
Incheon 2026,South Korea,Pro Women,45-49,63,4,1:40:44,KOR
Incheon 2026,South Korea,Pro Women,30-34,64,18,1:42:03,KOR
Incheon 2026,South Korea,Pro Women,35-39,65,15,1:42:07,FRA
Incheon 2026,South Korea,Pro Women,30-34,66,19,1:42:29,KOR
Incheon 2026,South Korea,Pro Women,35-39,67,16,1:43:00,INA
Incheon 2026,South Korea,Pro Women,40-44,68,8,1:43:13,KOR
Incheon 2026,South Korea,Pro Women,50-54,69,3,1:43:39,SIN
Incheon 2026,South Korea,Pro Women,35-39,70,17,1:44:11,JPN
Incheon 2026,South Korea,Pro Women,35-39,71,18,1:47:35,KOR
Incheon 2026,South Korea,Pro Women,40-44,72,9,1:47:42,KOR
Incheon 2026,South Korea,Pro Women,40-44,73,10,1:52:37,KOR
Incheon 2026,South Korea,Pro Women,45-49,74,5,1:52:42,KOR
Incheon 2026,South Korea,Pro Women,45-49,75,6,1:53:27,RSA
Incheon 2026,South Korea,Pro Women,30-34,76,20,1:54:19,INA
Incheon 2026,South Korea,Pro Women,40-44,77,11,1:54:31,KOR
Incheon 2026,South Korea,Pro Women,30-34,78,21,1:55:59,KOR
Incheon 2026,South Korea,Pro Women,35-39,79,19,1:56:10,KOR
Incheon 2026,South Korea,Pro Women,35-39,80,20,1:57:06,USA
Incheon 2026,South Korea,Pro Women,50-54,81,4,1:57:42,SIN
Incheon 2026,South Korea,Pro Women,30-34,82,22,1:57:52,KOR
Incheon 2026,South Korea,Pro Women,40-44,83,12,1:59:03,ESP
Incheon 2026,South Korea,Pro Women,30-34,84,23,1:59:17,INA
Incheon 2026,South Korea,Pro Women,16-24,85,8,1:59:49,KOR
Incheon 2026,South Korea,Pro Women,30-34,86,24,2:01:21,KOR
Incheon 2026,South Korea,Pro Women,25-29,87,13,2:03:13,MAS
Incheon 2026,South Korea,Pro Women,30-34,88,25,2:22:09,KOR
Incheon 2026,South Korea,Pro Women,25-29,89,14,2:23:29,PHI
Incheon 2026,South Korea,Pro Women,45-49,90,7,2:24:31,MAS
Incheon 2026,South Korea,Pro Women,30-34,91,26,2:37:30,KOR
Incheon 2026,South Korea,Pro Women,30-34,92,27,2:50:42,MYA
Incheon 2026,South Korea,Pro Women,25-29,93,15,3:05:45,MAS
Hong Kong 2026,Hong Kong,Open Men,30-34,1,1,0:58:46,FRA
Hong Kong 2026,Hong Kong,Open Men,25-29,2,1,0:59:52,KOR
Hong Kong 2026,Hong Kong,Open Men,25-29,3,2,1:00:28,USA
Hong Kong 2026,Hong Kong,Open Men,30-34,4,2,1:00:40,EST
Hong Kong 2026,Hong Kong,Open Men,16-24,5,1,1:01:05,HKG
Hong Kong 2026,Hong Kong,Open Men,16-24,6,2,1:01:11,GBR
Hong Kong 2026,Hong Kong,Open Men,45-49,7,1,1:01:25,HKG
Hong Kong 2026,Hong Kong,Open Men,30-34,8,3,1:01:29,HKG
Hong Kong 2026,Hong Kong,Open Men,25-29,9,3,1:01:50,RSA
Hong Kong 2026,Hong Kong,Open Men,30-34,10,4,1:02:01,JPN
Hong Kong 2026,Hong Kong,Open Men,40-44,11,1,1:02:17,KOR
Hong Kong 2026,Hong Kong,Open Men,30-34,12,5,1:02:56,HKG
Hong Kong 2026,Hong Kong,Open Men,30-34,13,6,1:02:58,GBR
Hong Kong 2026,Hong Kong,Open Men,25-29,14,4,1:03:16,HUN
Hong Kong 2026,Hong Kong,Open Men,16-24,15,3,1:04:00,AUS
Hong Kong 2026,Hong Kong,Open Men,40-44,16,2,1:04:05,CHN
Hong Kong 2026,Hong Kong,Open Men,35-39,17,1,1:04:08,HKG
Hong Kong 2026,Hong Kong,Open Men,25-29,18,5,1:04:51,JPN
Hong Kong 2026,Hong Kong,Open Men,35-39,19,2,1:04:57,JPN
Hong Kong 2026,Hong Kong,Open Men,35-39,20,3,1:05:24,BRU
Hong Kong 2026,Hong Kong,Open Men,30-34,21,7,1:05:28,FRA
Hong Kong 2026,Hong Kong,Open Men,40-44,22,3,1:05:35,SUI
Hong Kong 2026,Hong Kong,Open Men,25-29,23,6,1:05:55,TGA
Hong Kong 2026,Hong Kong,Open Men,30-34,24,8,1:06:00,HKG
Hong Kong 2026,Hong Kong,Open Men,35-39,25,4,1:06:06,CHN
Hong Kong 2026,Hong Kong,Open Men,45-49,26,2,1:06:13,SUI
Hong Kong 2026,Hong Kong,Open Men,30-34,27,9,1:06:19,HKG
Hong Kong 2026,Hong Kong,Open Men,25-29,28,7,1:06:19,HKG
Hong Kong 2026,Hong Kong,Open Men,35-39,29,5,1:06:22,FRA
Hong Kong 2026,Hong Kong,Open Men,16-24,30,4,1:06:38,GBR
Hong Kong 2026,Hong Kong,Open Men,30-34,31,10,1:06:39,KOR
Hong Kong 2026,Hong Kong,Open Men,25-29,32,8,1:06:39,CHN
Hong Kong 2026,Hong Kong,Open Men,30-34,33,11,1:06:47,FRA
Hong Kong 2026,Hong Kong,Open Men,40-44,34,4,1:06:50,HKG
Hong Kong 2026,Hong Kong,Open Men,35-39,35,6,1:06:59,USA
Hong Kong 2026,Hong Kong,Open Men,30-34,36,12,1:07:02,CHN
Hong Kong 2026,Hong Kong,Open Men,30-34,37,13,1:07:06,JPN
Hong Kong 2026,Hong Kong,Open Men,30-34,38,14,1:07:45,KOR
Hong Kong 2026,Hong Kong,Open Men,16-24,39,5,1:07:55,CHN
Hong Kong 2026,Hong Kong,Open Men,30-34,40,15,1:08:01,HKG
Hong Kong 2026,Hong Kong,Open Men,25-29,41,9,1:08:06,CHN
Hong Kong 2026,Hong Kong,Open Men,35-39,42,7,1:08:08,CHN
Hong Kong 2026,Hong Kong,Open Men,25-29,43,10,1:08:18,HKG
Hong Kong 2026,Hong Kong,Open Men,30-34,44,16,1:08:22,JPN
Hong Kong 2026,Hong Kong,Open Men,25-29,45,11,1:08:22,FRA
Hong Kong 2026,Hong Kong,Open Men,40-44,46,5,1:08:25,HKG
Hong Kong 2026,Hong Kong,Open Men,50-54,47,1,1:08:30,AUS
Hong Kong 2026,Hong Kong,Open Men,35-39,48,8,1:08:31,HKG
Hong Kong 2026,Hong Kong,Open Men,25-29,49,12,1:08:38,HKG
Hong Kong 2026,Hong Kong,Open Men,35-39,50,9,1:08:46,MGL
Hong Kong 2026,Hong Kong,Open Men,25-29,51,13,1:08:48,HKG
Hong Kong 2026,Hong Kong,Open Men,35-39,52,10,1:08:54,KOR
Hong Kong 2026,Hong Kong,Open Men,25-29,53,14,1:09:05,HKG
Hong Kong 2026,Hong Kong,Open Men,25-29,54,15,1:09:13,HKG
Hong Kong 2026,Hong Kong,Open Men,35-39,55,11,1:09:18,PHI
Hong Kong 2026,Hong Kong,Open Men,25-29,56,16,1:09:21,HKG
Hong Kong 2026,Hong Kong,Open Men,25-29,57,18,1:09:24,JPN
Hong Kong 2026,Hong Kong,Open Men,25-29,58,17,1:09:24,HKG
Hong Kong 2026,Hong Kong,Open Men,30-34,59,17,1:09:28,HKG
Hong Kong 2026,Hong Kong,Open Men,30-34,60,18,1:09:39,JPN
Hong Kong 2026,Hong Kong,Open Men,30-34,61,19,1:09:43,HKG
Hong Kong 2026,Hong Kong,Open Men,40-44,62,6,1:09:45,KOR
Hong Kong 2026,Hong Kong,Open Men,45-49,63,3,1:09:52,GER
Hong Kong 2026,Hong Kong,Open Men,25-29,64,19,1:09:56,HKG
Hong Kong 2026,Hong Kong,Open Men,35-39,65,12,1:09:57,USA
Hong Kong 2026,Hong Kong,Open Men,30-34,66,20,1:10:01,CAN
Hong Kong 2026,Hong Kong,Open Men,30-34,67,21,1:10:02,CHN
Hong Kong 2026,Hong Kong,Open Men,25-29,68,20,1:10:07,HKG
Hong Kong 2026,Hong Kong,Open Men,45-49,69,4,1:10:10,GBR
Hong Kong 2026,Hong Kong,Open Men,30-34,70,22,1:10:13,PHI
Hong Kong 2026,Hong Kong,Open Men,45-49,71,5,1:10:18,FIN
Hong Kong 2026,Hong Kong,Open Men,25-29,72,21,1:10:29,HKG
Hong Kong 2026,Hong Kong,Open Men,30-34,73,23,1:10:34,HKG
Hong Kong 2026,Hong Kong,Open Men,30-34,74,24,1:10:38,GBR
Hong Kong 2026,Hong Kong,Open Men,35-39,75,14,1:10:39,TPE
Hong Kong 2026,Hong Kong,Open Men,35-39,76,13,1:10:39,HKG
Hong Kong 2026,Hong Kong,Open Men,16-24,77,6,1:10:40,HKG
Hong Kong 2026,Hong Kong,Open Men,45-49,78,6,1:10:45,SIN
Hong Kong 2026,Hong Kong,Open Men,30-34,79,25,1:10:49,JPN
Hong Kong 2026,Hong Kong,Open Men,30-34,80,26,1:10:51,TPE
Hong Kong 2026,Hong Kong,Open Men,30-34,81,27,1:10:59,CHN
Hong Kong 2026,Hong Kong,Open Men,25-29,82,22,1:11:02,CHN
Hong Kong 2026,Hong Kong,Open Men,35-39,83,15,1:11:14,GBR
Hong Kong 2026,Hong Kong,Open Men,45-49,84,7,1:11:14,ESP
Hong Kong 2026,Hong Kong,Open Men,25-29,85,23,1:11:14,HKG
Hong Kong 2026,Hong Kong,Open Men,40-44,86,7,1:11:16,POR
Hong Kong 2026,Hong Kong,Open Men,35-39,87,16,1:11:33,HKG
Hong Kong 2026,Hong Kong,Open Men,30-34,88,28,1:11:34,HKG
Hong Kong 2026,Hong Kong,Open Men,25-29,89,24,1:11:34,TPE
Hong Kong 2026,Hong Kong,Open Men,30-34,90,29,1:11:35,FRA
Hong Kong 2026,Hong Kong,Open Men,30-34,91,30,1:11:37,JPN
Hong Kong 2026,Hong Kong,Open Men,25-29,92,25,1:11:37,SIN
Hong Kong 2026,Hong Kong,Open Men,16-24,93,7,1:11:38,HKG
Hong Kong 2026,Hong Kong,Open Men,30-34,94,31,1:11:43,HKG
Hong Kong 2026,Hong Kong,Open Men,35-39,95,17,1:11:49,HKG
Hong Kong 2026,Hong Kong,Open Men,30-34,96,32,1:11:51,PHI
Hong Kong 2026,Hong Kong,Open Men,30-34,97,33,1:11:52,FRA
Hong Kong 2026,Hong Kong,Open Men,35-39,98,18,1:11:54,GBR
Hong Kong 2026,Hong Kong,Open Men,30-34,99,34,1:11:55,GBR
Hong Kong 2026,Hong Kong,Open Men,35-39,100,19,1:11:56,USA
Hong Kong 2026,Hong Kong,Open Women,25-29,1,1,1:07:20,USA
Hong Kong 2026,Hong Kong,Open Women,30-34,2,1,1:07:52,THA
Hong Kong 2026,Hong Kong,Open Women,25-29,3,2,1:08:56,IRL
Hong Kong 2026,Hong Kong,Open Women,40-44,4,1,1:10:56,GBR
Hong Kong 2026,Hong Kong,Open Women,16-24,5,1,1:11:00,HKG
Hong Kong 2026,Hong Kong,Open Women,25-29,6,3,1:11:12,INA
Hong Kong 2026,Hong Kong,Open Women,30-34,7,2,1:11:54,CHN
Hong Kong 2026,Hong Kong,Open Women,16-24,8,2,1:13:15,NOR
Hong Kong 2026,Hong Kong,Open Women,30-34,9,3,1:13:28,AUS
Hong Kong 2026,Hong Kong,Open Women,16-24,10,3,1:13:28,MDA
Hong Kong 2026,Hong Kong,Open Women,45-49,11,1,1:13:30,MAS
Hong Kong 2026,Hong Kong,Open Women,25-29,12,4,1:13:31,HKG
Hong Kong 2026,Hong Kong,Open Women,50-54,13,1,1:14:05,HKG
Hong Kong 2026,Hong Kong,Open Women,45-49,14,2,1:14:11,AUS
Hong Kong 2026,Hong Kong,Open Women,30-34,15,4,1:14:14,HKG
Hong Kong 2026,Hong Kong,Open Women,25-29,16,5,1:14:59,GBR
Hong Kong 2026,Hong Kong,Open Women,30-34,17,5,1:15:03,CHN
Hong Kong 2026,Hong Kong,Open Women,30-34,18,6,1:15:14,CHN
Hong Kong 2026,Hong Kong,Open Women,40-44,19,2,1:15:21,USA
Hong Kong 2026,Hong Kong,Open Women,25-29,20,6,1:15:30,HKG
Hong Kong 2026,Hong Kong,Open Women,35-39,21,1,1:15:36,KOR
Hong Kong 2026,Hong Kong,Open Women,25-29,22,7,1:15:41,THA
Hong Kong 2026,Hong Kong,Open Women,25-29,23,8,1:15:49,CAN
Hong Kong 2026,Hong Kong,Open Women,45-49,24,3,1:15:52,JPN
Hong Kong 2026,Hong Kong,Open Women,25-29,25,9,1:16:03,NED
Hong Kong 2026,Hong Kong,Open Women,50-54,26,2,1:16:10,HKG
Hong Kong 2026,Hong Kong,Open Women,25-29,27,10,1:16:25,HKG
Hong Kong 2026,Hong Kong,Open Women,25-29,28,11,1:16:33,HKG
Hong Kong 2026,Hong Kong,Open Women,25-29,29,12,1:16:42,PHI
Hong Kong 2026,Hong Kong,Open Women,30-34,30,7,1:17:10,HKG
Hong Kong 2026,Hong Kong,Open Women,16-24,31,4,1:17:26,GBR
Hong Kong 2026,Hong Kong,Open Women,25-29,32,13,1:17:35,POL
Hong Kong 2026,Hong Kong,Open Women,35-39,33,2,1:17:41,CAN
Hong Kong 2026,Hong Kong,Open Women,35-39,34,3,1:17:44,AUS
Hong Kong 2026,Hong Kong,Open Women,30-34,35,8,1:18:18,PHI
Hong Kong 2026,Hong Kong,Open Women,16-24,36,5,1:18:20,NOR
Hong Kong 2026,Hong Kong,Open Women,35-39,37,4,1:18:24,IRL
Hong Kong 2026,Hong Kong,Open Women,35-39,38,5,1:18:25,HKG
Hong Kong 2026,Hong Kong,Open Women,30-34,39,9,1:18:31,SIN
Hong Kong 2026,Hong Kong,Open Women,25-29,40,14,1:18:36,GBR
Hong Kong 2026,Hong Kong,Open Women,16-24,41,6,1:18:41,HKG
Hong Kong 2026,Hong Kong,Open Women,35-39,42,6,1:18:59,HKG
Hong Kong 2026,Hong Kong,Open Women,16-24,43,7,1:19:05,SIN
Hong Kong 2026,Hong Kong,Open Women,40-44,44,3,1:19:07,HKG
Hong Kong 2026,Hong Kong,Open Women,35-39,45,7,1:19:18,HKG
Hong Kong 2026,Hong Kong,Open Women,40-44,46,4,1:19:21,AUT
Hong Kong 2026,Hong Kong,Open Women,30-34,47,10,1:19:28,MAS
Hong Kong 2026,Hong Kong,Open Women,30-34,48,11,1:19:35,CAN
Hong Kong 2026,Hong Kong,Open Women,25-29,49,15,1:19:40,CAN
Hong Kong 2026,Hong Kong,Open Women,35-39,50,8,1:19:42,HKG
Hong Kong 2026,Hong Kong,Open Women,30-34,51,12,1:19:48,GER
Hong Kong 2026,Hong Kong,Open Women,40-44,52,5,1:19:51,GBR
Hong Kong 2026,Hong Kong,Open Women,45-49,53,4,1:19:53,GBR
Hong Kong 2026,Hong Kong,Open Women,25-29,54,16,1:20:00,MAS
Hong Kong 2026,Hong Kong,Open Women,35-39,55,9,1:20:02,HKG
Hong Kong 2026,Hong Kong,Open Women,25-29,56,17,1:20:07,HKG
Hong Kong 2026,Hong Kong,Open Women,25-29,57,18,1:20:10,HKG
Hong Kong 2026,Hong Kong,Open Women,25-29,58,19,1:20:25,HKG
Hong Kong 2026,Hong Kong,Open Women,30-34,59,13,1:20:27,HKG
Hong Kong 2026,Hong Kong,Open Women,40-44,60,6,1:20:28,POL
Hong Kong 2026,Hong Kong,Open Women,35-39,61,10,1:20:30,HKG
Hong Kong 2026,Hong Kong,Open Women,35-39,62,11,1:20:50,SIN
Hong Kong 2026,Hong Kong,Open Women,25-29,63,20,1:20:54,HKG
Hong Kong 2026,Hong Kong,Open Women,25-29,64,21,1:20:55,HKG
Hong Kong 2026,Hong Kong,Open Women,30-34,65,14,1:20:56,HKG
Hong Kong 2026,Hong Kong,Open Women,30-34,66,15,1:20:58,HKG
Hong Kong 2026,Hong Kong,Open Women,35-39,67,12,1:21:04,CHN
Hong Kong 2026,Hong Kong,Open Women,40-44,68,7,1:21:05,AUS
Hong Kong 2026,Hong Kong,Open Women,25-29,69,22,1:21:16,INA
Hong Kong 2026,Hong Kong,Open Women,35-39,70,13,1:21:18,NZL
Hong Kong 2026,Hong Kong,Open Women,35-39,71,14,1:21:28,HKG
Hong Kong 2026,Hong Kong,Open Women,30-34,72,16,1:21:30,HKG
Hong Kong 2026,Hong Kong,Open Women,50-54,73,3,1:21:35,THA
Hong Kong 2026,Hong Kong,Open Women,40-44,74,8,1:21:43,HKG
Hong Kong 2026,Hong Kong,Open Women,35-39,75,15,1:21:47,HKG
Hong Kong 2026,Hong Kong,Open Women,25-29,76,23,1:21:47,HKG
Hong Kong 2026,Hong Kong,Open Women,16-24,77,8,1:22:03,FIN
Hong Kong 2026,Hong Kong,Open Women,40-44,78,9,1:22:10,PHI
Hong Kong 2026,Hong Kong,Open Women,16-24,79,9,1:22:11,HKG
Hong Kong 2026,Hong Kong,Open Women,16-24,80,10,1:22:26,CHN
Hong Kong 2026,Hong Kong,Open Women,35-39,81,16,1:22:28,HKG
Hong Kong 2026,Hong Kong,Open Women,30-34,82,17,1:22:50,ALG
Hong Kong 2026,Hong Kong,Open Women,35-39,83,17,1:22:52,SIN
Hong Kong 2026,Hong Kong,Open Women,45-49,84,5,1:22:54,GBR
Hong Kong 2026,Hong Kong,Open Women,30-34,85,18,1:23:12,HKG
Hong Kong 2026,Hong Kong,Open Women,25-29,86,24,1:23:13,HKG
Hong Kong 2026,Hong Kong,Open Women,30-34,87,19,1:23:24,BEL
Hong Kong 2026,Hong Kong,Open Women,25-29,88,25,1:23:30,HKG
Hong Kong 2026,Hong Kong,Open Women,35-39,89,18,1:23:34,PHI
Hong Kong 2026,Hong Kong,Open Women,25-29,90,26,1:23:39,AUS
Hong Kong 2026,Hong Kong,Open Women,30-34,91,20,1:23:44,CHN
Hong Kong 2026,Hong Kong,Open Women,35-39,92,19,1:23:48,IRL
Hong Kong 2026,Hong Kong,Open Women,40-44,93,10,1:23:48,GBR
Hong Kong 2026,Hong Kong,Open Women,16-24,94,11,1:24:07,HKG
Hong Kong 2026,Hong Kong,Open Women,50-54,95,4,1:24:10,JPN
Hong Kong 2026,Hong Kong,Open Women,50-54,96,5,1:24:14,CHN
Hong Kong 2026,Hong Kong,Open Women,30-34,97,21,1:24:23,HKG
Hong Kong 2026,Hong Kong,Open Women,35-39,98,20,1:24:26,HKG
Hong Kong 2026,Hong Kong,Open Women,30-34,99,22,1:24:33,HKG
Hong Kong 2026,Hong Kong,Open Women,30-34,100,23,1:24:37,HKG
Hong Kong 2026,Hong Kong,Pro Men,30-34,1,1,0:55:17,USA
Hong Kong 2026,Hong Kong,Pro Men,25-29,2,1,0:57:40,NZL
Hong Kong 2026,Hong Kong,Pro Men,25-29,3,2,0:59:54,AUS
Hong Kong 2026,Hong Kong,Pro Men,30-34,4,2,1:02:14,FRA
Hong Kong 2026,Hong Kong,Pro Men,16-24,5,1,1:02:22,KOR
Hong Kong 2026,Hong Kong,Pro Men,25-29,6,3,1:03:03,AUS
Hong Kong 2026,Hong Kong,Pro Men,30-34,7,3,1:03:50,IRL
Hong Kong 2026,Hong Kong,Pro Men,25-29,8,4,1:03:57,RSA
Hong Kong 2026,Hong Kong,Pro Men,30-34,9,4,1:04:05,KOR
Hong Kong 2026,Hong Kong,Pro Men,25-29,10,5,1:04:18,AUS
Hong Kong 2026,Hong Kong,Pro Men,35-39,11,1,1:04:36,AUS
Hong Kong 2026,Hong Kong,Pro Men,30-34,12,5,1:04:44,CHN
Hong Kong 2026,Hong Kong,Pro Men,45-49,13,1,1:05:43,CAN
Hong Kong 2026,Hong Kong,Pro Men,30-34,14,6,1:05:45,CHN
Hong Kong 2026,Hong Kong,Pro Men,25-29,15,6,1:05:53,ITA
Hong Kong 2026,Hong Kong,Pro Men,30-34,16,7,1:05:56,JPN
Hong Kong 2026,Hong Kong,Pro Men,25-29,17,7,1:06:06,GBR
Hong Kong 2026,Hong Kong,Pro Men,30-34,18,8,1:06:18,HKG
Hong Kong 2026,Hong Kong,Pro Men,35-39,19,2,1:06:29,RUS
Hong Kong 2026,Hong Kong,Pro Men,30-34,20,9,1:06:44,SAM
Hong Kong 2026,Hong Kong,Pro Men,30-34,21,10,1:06:49,USA
Hong Kong 2026,Hong Kong,Pro Men,25-29,22,8,1:06:50,GBR
Hong Kong 2026,Hong Kong,Pro Men,30-34,23,11,1:06:58,USA
Hong Kong 2026,Hong Kong,Pro Men,40-44,24,1,1:07:04,HKG
Hong Kong 2026,Hong Kong,Pro Men,40-44,25,2,1:07:04,HKG
Hong Kong 2026,Hong Kong,Pro Men,25-29,26,9,1:07:08,HKG
Hong Kong 2026,Hong Kong,Pro Men,25-29,27,10,1:07:25,GBR
Hong Kong 2026,Hong Kong,Pro Men,30-34,28,12,1:07:26,HKG
Hong Kong 2026,Hong Kong,Pro Men,30-34,29,13,1:07:31,USA
Hong Kong 2026,Hong Kong,Pro Men,35-39,30,3,1:07:32,HKG
Hong Kong 2026,Hong Kong,Pro Men,35-39,31,4,1:07:49,KOR
Hong Kong 2026,Hong Kong,Pro Men,16-24,32,2,1:08:04,ESP
Hong Kong 2026,Hong Kong,Pro Men,30-34,33,14,1:08:11,FRA
Hong Kong 2026,Hong Kong,Pro Men,16-24,34,3,1:08:29,AUS
Hong Kong 2026,Hong Kong,Pro Men,30-34,35,15,1:08:36,AUS
Hong Kong 2026,Hong Kong,Pro Men,25-29,36,11,1:08:40,FRA
Hong Kong 2026,Hong Kong,Pro Men,30-34,37,16,1:08:53,HKG
Hong Kong 2026,Hong Kong,Pro Men,25-29,38,12,1:08:53,GER
Hong Kong 2026,Hong Kong,Pro Men,40-44,39,3,1:09:01,AUT
Hong Kong 2026,Hong Kong,Pro Men,25-29,40,13,1:09:03,FRA
Hong Kong 2026,Hong Kong,Pro Men,45-49,41,2,1:09:15,NZL
Hong Kong 2026,Hong Kong,Pro Men,35-39,42,5,1:09:31,GER
Hong Kong 2026,Hong Kong,Pro Men,30-34,43,17,1:09:33,NZL
Hong Kong 2026,Hong Kong,Pro Men,25-29,44,14,1:09:40,JPN
Hong Kong 2026,Hong Kong,Pro Men,40-44,45,4,1:09:41,ITA
Hong Kong 2026,Hong Kong,Pro Men,35-39,46,6,1:09:42,SRB
Hong Kong 2026,Hong Kong,Pro Men,30-34,47,18,1:09:46,AUS
Hong Kong 2026,Hong Kong,Pro Men,30-34,48,19,1:10:19,PHI
Hong Kong 2026,Hong Kong,Pro Men,35-39,49,7,1:10:35,HKG
Hong Kong 2026,Hong Kong,Pro Men,35-39,50,8,1:10:46,SIN
Hong Kong 2026,Hong Kong,Pro Men,30-34,51,20,1:10:54,TPE
Hong Kong 2026,Hong Kong,Pro Men,35-39,52,9,1:11:06,GBR
Hong Kong 2026,Hong Kong,Pro Men,25-29,53,15,1:11:13,JPN
Hong Kong 2026,Hong Kong,Pro Men,30-34,54,21,1:11:46,NZL
Hong Kong 2026,Hong Kong,Pro Men,35-39,55,10,1:11:48,JPN
Hong Kong 2026,Hong Kong,Pro Men,30-34,56,22,1:11:51,CHN
Hong Kong 2026,Hong Kong,Pro Men,30-34,57,23,1:11:54,HKG
Hong Kong 2026,Hong Kong,Pro Men,40-44,58,5,1:12:04,AUS
Hong Kong 2026,Hong Kong,Pro Men,35-39,59,11,1:12:17,KAZ
Hong Kong 2026,Hong Kong,Pro Men,30-34,60,24,1:12:53,GBR
Hong Kong 2026,Hong Kong,Pro Men,16-24,61,4,1:12:59,CHN
Hong Kong 2026,Hong Kong,Pro Men,30-34,62,25,1:13:01,PHI
Hong Kong 2026,Hong Kong,Pro Men,25-29,63,16,1:13:12,JPN
Hong Kong 2026,Hong Kong,Pro Men,25-29,64,17,1:14:10,RSA
Hong Kong 2026,Hong Kong,Pro Men,35-39,65,12,1:15:00,GBR
Hong Kong 2026,Hong Kong,Pro Men,25-29,66,18,1:15:04,CHN
Hong Kong 2026,Hong Kong,Pro Men,30-34,67,26,1:15:04,HKG
Hong Kong 2026,Hong Kong,Pro Men,35-39,68,13,1:15:17,USA
Hong Kong 2026,Hong Kong,Pro Men,25-29,69,19,1:15:26,HKG
Hong Kong 2026,Hong Kong,Pro Men,30-34,70,27,1:15:34,HKG
Hong Kong 2026,Hong Kong,Pro Men,30-34,71,28,1:15:35,IRL
Hong Kong 2026,Hong Kong,Pro Men,30-34,72,29,1:15:39,NED
Hong Kong 2026,Hong Kong,Pro Men,40-44,73,6,1:16:04,FRA
Hong Kong 2026,Hong Kong,Pro Men,25-29,74,20,1:16:14,AUS
Hong Kong 2026,Hong Kong,Pro Men,45-49,75,3,1:16:15,JPN
Hong Kong 2026,Hong Kong,Pro Men,35-39,76,14,1:16:26,CHN
Hong Kong 2026,Hong Kong,Pro Men,30-34,77,30,1:16:27,JPN
Hong Kong 2026,Hong Kong,Pro Men,25-29,78,21,1:16:34,HKG
Hong Kong 2026,Hong Kong,Pro Men,35-39,79,15,1:16:36,CAN
Hong Kong 2026,Hong Kong,Pro Men,30-34,80,31,1:16:39,HKG
Hong Kong 2026,Hong Kong,Pro Men,35-39,81,16,1:16:48,JPN
Hong Kong 2026,Hong Kong,Pro Men,30-34,82,32,1:17:03,SIN
Hong Kong 2026,Hong Kong,Pro Men,35-39,83,17,1:17:16,HKG
Hong Kong 2026,Hong Kong,Pro Men,30-34,84,33,1:17:24,NZL
Hong Kong 2026,Hong Kong,Pro Men,40-44,85,7,1:17:41,SUI
Hong Kong 2026,Hong Kong,Pro Men,35-39,86,18,1:17:47,GBR
Hong Kong 2026,Hong Kong,Pro Men,35-39,87,19,1:17:49,HKG
Hong Kong 2026,Hong Kong,Pro Men,45-49,88,4,1:18:01,NZL
Hong Kong 2026,Hong Kong,Pro Men,35-39,89,20,1:18:39,MAS
Hong Kong 2026,Hong Kong,Pro Men,45-49,90,5,1:18:46,HKG
Hong Kong 2026,Hong Kong,Pro Men,30-34,91,34,1:18:51,CHN
Hong Kong 2026,Hong Kong,Pro Men,30-34,92,35,1:18:51,FRA
Hong Kong 2026,Hong Kong,Pro Men,16-24,93,5,1:18:58,TPE
Hong Kong 2026,Hong Kong,Pro Men,30-34,94,36,1:19:01,CHN
Hong Kong 2026,Hong Kong,Pro Men,40-44,95,8,1:19:05,HKG
Hong Kong 2026,Hong Kong,Pro Men,40-44,96,9,1:19:05,HKG
Hong Kong 2026,Hong Kong,Pro Men,25-29,97,22,1:19:15,BAN
Hong Kong 2026,Hong Kong,Pro Men,40-44,98,10,1:19:26,SVK
Hong Kong 2026,Hong Kong,Pro Men,40-44,99,11,1:19:33,JPN
Hong Kong 2026,Hong Kong,Pro Men,35-39,100,21,1:19:47,CAN
Hong Kong 2026,Hong Kong,Pro Women,25-29,1,1,1:06:14,GBR
Hong Kong 2026,Hong Kong,Pro Women,35-39,2,1,1:06:22,GBR
Hong Kong 2026,Hong Kong,Pro Women,30-34,3,1,1:06:38,HKG
Hong Kong 2026,Hong Kong,Pro Women,30-34,4,2,1:07:23,JPN
Hong Kong 2026,Hong Kong,Pro Women,25-29,5,2,1:08:24,ENG
Hong Kong 2026,Hong Kong,Pro Women,16-24,6,1,1:09:18,AUS
Hong Kong 2026,Hong Kong,Pro Women,30-34,7,3,1:09:30,JPN
Hong Kong 2026,Hong Kong,Pro Women,35-39,8,2,1:11:08,KOR
Hong Kong 2026,Hong Kong,Pro Women,25-29,9,3,1:14:31,EST
Hong Kong 2026,Hong Kong,Pro Women,25-29,10,4,1:14:46,AUS
Hong Kong 2026,Hong Kong,Pro Women,25-29,11,5,1:16:48,HKG
Hong Kong 2026,Hong Kong,Pro Women,50-54,12,1,1:17:29,MAS
Hong Kong 2026,Hong Kong,Pro Women,30-34,13,4,1:17:54,GER
Hong Kong 2026,Hong Kong,Pro Women,35-39,14,3,1:18:49,HKG
Hong Kong 2026,Hong Kong,Pro Women,35-39,15,4,1:19:00,CHN
Hong Kong 2026,Hong Kong,Pro Women,35-39,16,5,1:19:35,GBR
Hong Kong 2026,Hong Kong,Pro Women,25-29,17,6,1:19:49,HKG
Hong Kong 2026,Hong Kong,Pro Women,30-34,18,5,1:20:01,CHN
Hong Kong 2026,Hong Kong,Pro Women,30-34,19,6,1:20:07,HKG
Hong Kong 2026,Hong Kong,Pro Women,40-44,20,1,1:20:59,CHN
Hong Kong 2026,Hong Kong,Pro Women,25-29,21,7,1:23:00,CHN
Hong Kong 2026,Hong Kong,Pro Women,25-29,22,8,1:23:39,HKG
Hong Kong 2026,Hong Kong,Pro Women,35-39,23,6,1:24:37,HKG
Hong Kong 2026,Hong Kong,Pro Women,35-39,24,7,1:24:38,RSA
Hong Kong 2026,Hong Kong,Pro Women,30-34,25,7,1:24:40,FRA
Hong Kong 2026,Hong Kong,Pro Women,30-34,26,8,1:24:46,MAC
Hong Kong 2026,Hong Kong,Pro Women,25-29,27,9,1:24:48,HKG
Hong Kong 2026,Hong Kong,Pro Women,45-49,28,1,1:24:53,INA
Hong Kong 2026,Hong Kong,Pro Women,50-54,29,2,1:24:59,HKG
Hong Kong 2026,Hong Kong,Pro Women,35-39,30,8,1:25:04,GBR
Hong Kong 2026,Hong Kong,Pro Women,16-24,31,2,1:25:10,RUS
Hong Kong 2026,Hong Kong,Pro Women,45-49,32,2,1:25:16,CHN
Hong Kong 2026,Hong Kong,Pro Women,30-34,33,9,1:25:27,NED
Hong Kong 2026,Hong Kong,Pro Women,45-49,34,3,1:25:48,HKG
Hong Kong 2026,Hong Kong,Pro Women,35-39,35,9,1:27:00,KOR
Hong Kong 2026,Hong Kong,Pro Women,30-34,36,10,1:27:37,HKG
Hong Kong 2026,Hong Kong,Pro Women,35-39,37,10,1:28:02,CHN
Hong Kong 2026,Hong Kong,Pro Women,25-29,38,10,1:28:13,FRA
Hong Kong 2026,Hong Kong,Pro Women,40-44,39,2,1:28:57,HKG
Hong Kong 2026,Hong Kong,Pro Women,30-34,40,11,1:29:06,HKG
Hong Kong 2026,Hong Kong,Pro Women,30-34,41,12,1:29:19,HKG
Hong Kong 2026,Hong Kong,Pro Women,40-44,42,3,1:29:26,BEL
Hong Kong 2026,Hong Kong,Pro Women,40-44,43,4,1:30:11,SIN
Hong Kong 2026,Hong Kong,Pro Women,25-29,44,11,1:30:51,NED
Hong Kong 2026,Hong Kong,Pro Women,35-39,45,11,1:31:14,RUS
Hong Kong 2026,Hong Kong,Pro Women,25-29,46,12,1:31:38,EGY
Hong Kong 2026,Hong Kong,Pro Women,30-34,47,13,1:31:50,FRA
Hong Kong 2026,Hong Kong,Pro Women,35-39,48,12,1:32:26,HKG
Hong Kong 2026,Hong Kong,Pro Women,35-39,49,13,1:32:50,GBR
Hong Kong 2026,Hong Kong,Pro Women,30-34,50,14,1:32:51,SIN
Hong Kong 2026,Hong Kong,Pro Women,35-39,51,14,1:33:01,MAS
Hong Kong 2026,Hong Kong,Pro Women,40-44,52,5,1:34:06,CHN
Hong Kong 2026,Hong Kong,Pro Women,35-39,53,15,1:34:09,PHI
Hong Kong 2026,Hong Kong,Pro Women,50-54,54,3,1:34:49,SWE
Hong Kong 2026,Hong Kong,Pro Women,25-29,55,13,1:36:10,HKG
Hong Kong 2026,Hong Kong,Pro Women,25-29,56,14,1:36:23,CHN
Hong Kong 2026,Hong Kong,Pro Women,40-44,57,6,1:36:38,PHI
Hong Kong 2026,Hong Kong,Pro Women,40-44,58,7,1:37:17,AUS
Hong Kong 2026,Hong Kong,Pro Women,25-29,59,15,1:37:17,HKG
Hong Kong 2026,Hong Kong,Pro Women,40-44,60,8,1:37:25,HKG
Hong Kong 2026,Hong Kong,Pro Women,50-54,61,4,1:37:36,THA
Hong Kong 2026,Hong Kong,Pro Women,45-49,62,4,1:37:39,HKG
Hong Kong 2026,Hong Kong,Pro Women,35-39,63,16,1:37:56,RSA
Hong Kong 2026,Hong Kong,Pro Women,30-34,64,15,1:38:09,SWE
Hong Kong 2026,Hong Kong,Pro Women,16-24,65,3,1:38:44,HKG
Hong Kong 2026,Hong Kong,Pro Women,16-24,66,4,1:39:06,MAC
Hong Kong 2026,Hong Kong,Pro Women,30-34,67,16,1:42:41,PHI
Hong Kong 2026,Hong Kong,Pro Women,30-34,68,17,1:42:46,CHN
Hong Kong 2026,Hong Kong,Pro Women,35-39,69,17,1:42:50,FRA
Hong Kong 2026,Hong Kong,Pro Women,50-54,70,5,1:44:18,THA
Hong Kong 2026,Hong Kong,Pro Women,40-44,71,9,1:45:01,ITA
Hong Kong 2026,Hong Kong,Pro Women,35-39,72,18,1:45:03,SRI
Hong Kong 2026,Hong Kong,Pro Women,30-34,73,18,1:46:46,PHI
Hong Kong 2026,Hong Kong,Pro Women,25-29,74,16,1:47:15,GBR
Hong Kong 2026,Hong Kong,Pro Women,25-29,75,17,1:47:21,HKG
Hong Kong 2026,Hong Kong,Pro Women,40-44,76,10,1:47:27,LBN
Hong Kong 2026,Hong Kong,Pro Women,16-24,77,5,1:47:57,HKG
Hong Kong 2026,Hong Kong,Pro Women,55-59,78,1,1:51:26,CHN
Hong Kong 2026,Hong Kong,Pro Women,35-39,79,19,1:52:34,CHN
Hong Kong 2026,Hong Kong,Pro Women,35-39,80,20,1:52:42,GBR
Hong Kong 2026,Hong Kong,Pro Women,30-34,81,19,1:52:45,HKG
Hong Kong 2026,Hong Kong,Pro Women,30-34,82,20,1:54:21,HKG
Hong Kong 2026,Hong Kong,Pro Women,40-44,83,11,1:54:22,HKG
Hong Kong 2026,Hong Kong,Pro Women,30-34,84,21,1:55:17,HKG
Hong Kong 2026,Hong Kong,Pro Women,50-54,85,6,1:55:32,HKG
Hong Kong 2026,Hong Kong,Pro Women,35-39,86,21,1:59:06,CHN
Hong Kong 2026,Hong Kong,Pro Women,45-49,87,5,1:59:25,CHN
Hong Kong 2026,Hong Kong,Pro Women,45-49,88,6,2:00:11,HKG
Hong Kong 2026,Hong Kong,Pro Women,35-39,89,22,2:00:11,HKG
Hong Kong 2026,Hong Kong,Pro Women,16-24,90,6,2:00:18,HKG
Hong Kong 2026,Hong Kong,Pro Women,50-54,91,7,2:01:11,HKG
Hong Kong 2026,Hong Kong,Pro Women,40-44,92,12,2:01:25,SIN
Hong Kong 2026,Hong Kong,Pro Women,35-39,93,23,2:04:14,CHN
Hong Kong 2026,Hong Kong,Pro Women,35-39,94,24,2:05:29,INA
Hong Kong 2026,Hong Kong,Pro Women,55-59,95,2,2:07:40,HKG
Hong Kong 2026,Hong Kong,Pro Women,40-44,96,13,2:10:54,PHI
Hong Kong 2026,Hong Kong,Pro Women,45-49,97,7,2:11:19,HKG
Hong Kong 2026,Hong Kong,Pro Women,45-49,98,8,2:13:11,HKG
Hong Kong 2026,Hong Kong,Pro Women,35-39,99,25,2:14:08,CHN
Hong Kong 2026,Hong Kong,Pro Women,16-24,100,7,2:18:48,CHN
Singapore 2026,Singapore,Open Men,25-29,1,1,0:58:39,GBR
Singapore 2026,Singapore,Open Men,25-29,2,2,1:01:49,INA
Singapore 2026,Singapore,Open Men,16-24,3,1,1:01:57,GBR
Singapore 2026,Singapore,Open Men,35-39,4,1,1:03:01,MAS
Singapore 2026,Singapore,Open Men,25-29,5,3,1:03:17,FRA
Singapore 2026,Singapore,Open Men,30-34,6,1,1:03:20,HKG
Singapore 2026,Singapore,Open Men,35-39,7,2,1:03:42,SIN
Singapore 2026,Singapore,Open Men,40-44,8,1,1:03:42,KOR
Singapore 2026,Singapore,Open Men,16-24,9,2,1:03:51,KOR
Singapore 2026,Singapore,Open Men,30-34,10,2,1:04:43,KOR
Singapore 2026,Singapore,Open Men,30-34,11,3,1:05:25,FRA
Singapore 2026,Singapore,Open Men,40-44,12,2,1:05:37,THA
Singapore 2026,Singapore,Open Men,35-39,13,3,1:06:25,PHI
Singapore 2026,Singapore,Open Men,35-39,14,4,1:06:33,ESP
Singapore 2026,Singapore,Open Men,25-29,15,4,1:06:43,SIN
Singapore 2026,Singapore,Open Men,16-24,16,3,1:07:36,MAS
Singapore 2026,Singapore,Open Men,25-29,17,5,1:07:47,GBR
Singapore 2026,Singapore,Open Men,25-29,18,6,1:07:48,INA
Singapore 2026,Singapore,Open Men,35-39,19,5,1:08:11,SIN
Singapore 2026,Singapore,Open Men,30-34,20,4,1:08:15,HKG
Singapore 2026,Singapore,Open Men,45-49,21,1,1:08:17,FRA
Singapore 2026,Singapore,Open Men,30-34,22,5,1:08:27,DEN
Singapore 2026,Singapore,Open Men,35-39,23,6,1:08:27,GBR
Singapore 2026,Singapore,Open Men,30-34,24,6,1:08:54,SIN
Singapore 2026,Singapore,Open Men,25-29,25,7,1:09:03,FRA
Singapore 2026,Singapore,Open Men,35-39,26,7,1:09:10,SIN
Singapore 2026,Singapore,Open Men,25-29,27,8,1:09:17,ESP
Singapore 2026,Singapore,Open Men,25-29,28,9,1:09:20,NZL
Singapore 2026,Singapore,Open Men,16-24,29,4,1:09:23,AUS
Singapore 2026,Singapore,Open Men,30-34,30,7,1:10:02,POR
Singapore 2026,Singapore,Open Men,16-24,31,5,1:10:14,SIN
Singapore 2026,Singapore,Open Men,45-49,32,2,1:10:31,USA
Singapore 2026,Singapore,Open Men,25-29,33,10,1:10:31,SIN
Singapore 2026,Singapore,Open Men,25-29,34,11,1:10:55,FRA
Singapore 2026,Singapore,Open Men,16-24,35,6,1:11:10,FRA
Singapore 2026,Singapore,Open Men,35-39,36,8,1:11:14,
Singapore 2026,Singapore,Open Men,25-29,37,12,1:11:32,SIN
Singapore 2026,Singapore,Open Men,16-24,38,7,1:11:37,AUS
Singapore 2026,Singapore,Open Men,35-39,39,9,1:11:42,SRI
Singapore 2026,Singapore,Open Men,40-44,40,3,1:11:45,USA
Singapore 2026,Singapore,Open Men,25-29,41,13,1:11:47,BRU
Singapore 2026,Singapore,Open Men,35-39,42,10,1:11:54,AUS
Singapore 2026,Singapore,Open Men,45-49,43,3,1:12:08,AUT
Singapore 2026,Singapore,Open Men,16-24,44,8,1:12:11,IRL
Singapore 2026,Singapore,Open Men,35-39,45,11,1:12:19,CAN
Singapore 2026,Singapore,Open Men,25-29,46,14,1:12:21,SIN
Singapore 2026,Singapore,Open Men,30-34,47,8,1:12:37,INA
Singapore 2026,Singapore,Open Men,25-29,48,15,1:12:42,SIN
Singapore 2026,Singapore,Open Men,45-49,49,4,1:12:44,SIN
Singapore 2026,Singapore,Open Men,30-34,50,9,1:12:48,SIN
Singapore 2026,Singapore,Open Men,30-34,51,10,1:12:52,SIN
Singapore 2026,Singapore,Open Men,30-34,52,11,1:13:09,KOR
Singapore 2026,Singapore,Open Men,35-39,53,12,1:13:18,JPN
Singapore 2026,Singapore,Open Men,30-34,54,12,1:13:21,SIN
Singapore 2026,Singapore,Open Men,35-39,55,13,1:13:29,GBR
Singapore 2026,Singapore,Open Men,25-29,56,16,1:13:34,JPN
Singapore 2026,Singapore,Open Men,35-39,57,14,1:13:35,SIN
Singapore 2026,Singapore,Open Men,30-34,58,13,1:13:35,GBR
Singapore 2026,Singapore,Open Men,30-34,59,14,1:13:37,SIN
Singapore 2026,Singapore,Open Men,25-29,60,17,1:13:49,SIN
Singapore 2026,Singapore,Open Men,40-44,61,4,1:13:56,AUS
Singapore 2026,Singapore,Open Men,25-29,62,18,1:13:57,SIN
Singapore 2026,Singapore,Open Men,16-24,63,9,1:14:16,SIN
Singapore 2026,Singapore,Open Men,30-34,64,15,1:14:21,JPN
Singapore 2026,Singapore,Open Men,35-39,65,15,1:14:35,RSA
Singapore 2026,Singapore,Open Men,30-34,66,16,1:14:35,USA
Singapore 2026,Singapore,Open Men,16-24,67,10,1:14:39,PHI
Singapore 2026,Singapore,Open Men,30-34,68,17,1:14:39,HKG
Singapore 2026,Singapore,Open Men,30-34,69,18,1:14:54,GBR
Singapore 2026,Singapore,Open Men,35-39,70,16,1:14:58,GER
Singapore 2026,Singapore,Open Men,25-29,71,19,1:15:00,FRA
Singapore 2026,Singapore,Open Men,35-39,72,17,1:15:01,SIN
Singapore 2026,Singapore,Open Men,45-49,73,5,1:15:02,AUS
Singapore 2026,Singapore,Open Men,30-34,74,19,1:15:25,GER
Singapore 2026,Singapore,Open Men,40-44,75,5,1:15:25,SIN
Singapore 2026,Singapore,Open Men,30-34,76,20,1:15:31,CAN
Singapore 2026,Singapore,Open Men,35-39,77,18,1:15:44,PHI
Singapore 2026,Singapore,Open Men,25-29,78,20,1:15:50,SIN
Singapore 2026,Singapore,Open Men,35-39,79,19,1:16:07,ESP
Singapore 2026,Singapore,Open Men,45-49,80,6,1:16:09,SUI
Singapore 2026,Singapore,Open Men,30-34,81,21,1:16:14,AUT
Singapore 2026,Singapore,Open Men,40-44,82,6,1:16:14,USA
Singapore 2026,Singapore,Open Men,50-54,83,1,1:16:18,GBR
Singapore 2026,Singapore,Open Men,30-34,84,22,1:16:29,MAS
Singapore 2026,Singapore,Open Men,16-24,85,11,1:16:37,SIN
Singapore 2026,Singapore,Open Men,35-39,86,20,1:16:39,HKG
Singapore 2026,Singapore,Open Men,35-39,87,21,1:16:39,SIN
Singapore 2026,Singapore,Open Men,30-34,88,23,1:16:40,PHI
Singapore 2026,Singapore,Open Men,50-54,89,2,1:16:48,GBR
Singapore 2026,Singapore,Open Men,35-39,90,22,1:16:51,USA
Singapore 2026,Singapore,Open Men,35-39,91,23,1:16:54,MAS
Singapore 2026,Singapore,Open Men,50-54,92,3,1:16:56,AUS
Singapore 2026,Singapore,Open Men,35-39,93,24,1:17:18,SIN
Singapore 2026,Singapore,Open Men,40-44,94,7,1:17:22,SIN
Singapore 2026,Singapore,Open Men,35-39,95,25,1:17:27,MAS
Singapore 2026,Singapore,Open Men,35-39,96,26,1:17:29,GBR
Singapore 2026,Singapore,Open Men,30-34,97,24,1:17:31,SIN
Singapore 2026,Singapore,Open Men,35-39,98,27,1:17:32,GER
Singapore 2026,Singapore,Open Men,35-39,99,28,1:17:34,GBR
Singapore 2026,Singapore,Open Men,30-34,100,25,1:17:38,MAS
Singapore 2026,Singapore,Open Women,35-39,1,1,1:02:48,GBR
Singapore 2026,Singapore,Open Women,30-34,2,1,1:06:56,GBR
Singapore 2026,Singapore,Open Women,40-44,3,1,1:08:01,FRA
Singapore 2026,Singapore,Open Women,16-24,4,1,1:10:55,SIN
Singapore 2026,Singapore,Open Women,25-29,5,1,1:11:57,RSA
Singapore 2026,Singapore,Open Women,25-29,6,2,1:12:58,SIN
Singapore 2026,Singapore,Open Women,40-44,7,2,1:13:26,CZE
Singapore 2026,Singapore,Open Women,25-29,8,3,1:14:15,INA
Singapore 2026,Singapore,Open Women,35-39,9,2,1:15:46,RUS
Singapore 2026,Singapore,Open Women,35-39,10,3,1:15:47,GBR
Singapore 2026,Singapore,Open Women,40-44,11,3,1:15:53,GBR
Singapore 2026,Singapore,Open Women,16-24,12,2,1:16:30,SIN
Singapore 2026,Singapore,Open Women,30-34,13,2,1:17:40,MAS
Singapore 2026,Singapore,Open Women,45-49,14,1,1:17:42,INA
Singapore 2026,Singapore,Open Women,35-39,15,4,1:17:54,AUS
Singapore 2026,Singapore,Open Women,16-24,16,3,1:18:52,SIN
Singapore 2026,Singapore,Open Women,25-29,17,4,1:19:07,SIN
Singapore 2026,Singapore,Open Women,16-24,18,4,1:20:17,SIN
Singapore 2026,Singapore,Open Women,25-29,19,5,1:20:55,DEN
Singapore 2026,Singapore,Open Women,16-24,20,5,1:21:18,MDA
Singapore 2026,Singapore,Open Women,30-34,21,3,1:21:23,SIN
Singapore 2026,Singapore,Open Women,35-39,22,6,1:21:25,CHN
Singapore 2026,Singapore,Open Women,35-39,23,5,1:21:25,SWE
Singapore 2026,Singapore,Open Women,30-34,24,4,1:21:26,SIN
Singapore 2026,Singapore,Open Women,40-44,25,4,1:22:03,GBR
Singapore 2026,Singapore,Open Women,35-39,26,7,1:22:11,GBR
Singapore 2026,Singapore,Open Women,35-39,27,8,1:22:19,SIN
Singapore 2026,Singapore,Open Women,25-29,28,6,1:22:44,SIN
Singapore 2026,Singapore,Open Women,30-34,29,5,1:22:48,SIN
Singapore 2026,Singapore,Open Women,25-29,30,7,1:22:57,SIN
Singapore 2026,Singapore,Open Women,25-29,31,8,1:23:10,MAS
Singapore 2026,Singapore,Open Women,35-39,32,9,1:23:19,GBR
Singapore 2026,Singapore,Open Women,30-34,33,6,1:23:24,GBR
Singapore 2026,Singapore,Open Women,40-44,34,5,1:23:29,GBR
Singapore 2026,Singapore,Open Women,35-39,35,10,1:23:40,USA
Singapore 2026,Singapore,Open Women,40-44,36,6,1:24:08,SIN
Singapore 2026,Singapore,Open Women,30-34,37,7,1:24:11,AUS
Singapore 2026,Singapore,Open Women,50-54,38,1,1:24:16,JPN
Singapore 2026,Singapore,Open Women,30-34,39,8,1:24:21,KOR
Singapore 2026,Singapore,Open Women,30-34,40,9,1:24:45,GBR
Singapore 2026,Singapore,Open Women,16-24,41,6,1:24:50,SIN
Singapore 2026,Singapore,Open Women,30-34,42,10,1:25:24,SIN
Singapore 2026,Singapore,Open Women,40-44,43,7,1:25:24,AUS
Singapore 2026,Singapore,Open Women,25-29,44,9,1:25:27,USA
Singapore 2026,Singapore,Open Women,35-39,45,11,1:25:36,RSA
Singapore 2026,Singapore,Open Women,16-24,46,7,1:25:42,SIN
Singapore 2026,Singapore,Open Women,16-24,47,8,1:25:49,SIN
Singapore 2026,Singapore,Open Women,25-29,48,10,1:25:56,CHN
Singapore 2026,Singapore,Open Women,30-34,49,11,1:25:59,FRA
Singapore 2026,Singapore,Open Women,25-29,50,11,1:26:06,SIN
Singapore 2026,Singapore,Open Women,30-34,51,12,1:26:08,SIN
Singapore 2026,Singapore,Open Women,45-49,52,2,1:26:12,NZL
Singapore 2026,Singapore,Open Women,25-29,53,12,1:26:14,KAZ
Singapore 2026,Singapore,Open Women,25-29,54,13,1:26:21,JPN
Singapore 2026,Singapore,Open Women,25-29,55,14,1:26:31,GBR
Singapore 2026,Singapore,Open Women,30-34,56,13,1:26:32,RSA
Singapore 2026,Singapore,Open Women,16-24,57,9,1:26:38,SIN
Singapore 2026,Singapore,Open Women,25-29,58,15,1:26:41,SIN
Singapore 2026,Singapore,Open Women,30-34,59,14,1:26:41,SIN
Singapore 2026,Singapore,Open Women,30-34,60,15,1:26:52,SIN
Singapore 2026,Singapore,Open Women,40-44,61,8,1:26:57,SIN
Singapore 2026,Singapore,Open Women,16-24,62,10,1:27:00,SIN
Singapore 2026,Singapore,Open Women,35-39,63,12,1:27:11,ITA
Singapore 2026,Singapore,Open Women,25-29,64,16,1:27:30,SIN
Singapore 2026,Singapore,Open Women,16-24,65,11,1:27:35,SIN
Singapore 2026,Singapore,Open Women,30-34,66,16,1:28:28,CAN
Singapore 2026,Singapore,Open Women,25-29,67,17,1:28:35,SIN
Singapore 2026,Singapore,Open Women,30-34,68,17,1:28:48,INA
Singapore 2026,Singapore,Open Women,35-39,69,13,1:28:54,MAS
Singapore 2026,Singapore,Open Women,30-34,70,18,1:29:01,SIN
Singapore 2026,Singapore,Open Women,35-39,71,14,1:29:05,MAS
Singapore 2026,Singapore,Open Women,30-34,72,19,1:29:08,KOR
Singapore 2026,Singapore,Open Women,40-44,73,9,1:29:14,HKG
Singapore 2026,Singapore,Open Women,40-44,74,10,1:29:25,AUS
Singapore 2026,Singapore,Open Women,30-34,75,20,1:29:34,GBR
Singapore 2026,Singapore,Open Women,40-44,76,11,1:29:35,SIN
Singapore 2026,Singapore,Open Women,25-29,77,18,1:30:17,SIN
Singapore 2026,Singapore,Open Women,35-39,78,15,1:30:43,RUS
Singapore 2026,Singapore,Open Women,30-34,79,21,1:30:48,INA
Singapore 2026,Singapore,Open Women,16-24,80,12,1:30:56,SIN
Singapore 2026,Singapore,Open Women,40-44,81,12,1:30:57,AUS
Singapore 2026,Singapore,Open Women,35-39,82,16,1:31:01,USA
Singapore 2026,Singapore,Open Women,16-24,83,13,1:31:05,SIN
Singapore 2026,Singapore,Open Women,35-39,84,17,1:31:12,GBR
Singapore 2026,Singapore,Open Women,40-44,85,13,1:31:19,SIN
Singapore 2026,Singapore,Open Women,35-39,86,18,1:31:38,SIN
Singapore 2026,Singapore,Open Women,50-54,87,2,1:31:43,NZL
Singapore 2026,Singapore,Open Women,30-34,88,22,1:31:44,RUS
Singapore 2026,Singapore,Open Women,25-29,89,19,1:31:59,SIN
Singapore 2026,Singapore,Open Women,40-44,90,14,1:32:00,SIN
Singapore 2026,Singapore,Open Women,50-54,91,3,1:32:01,SIN
Singapore 2026,Singapore,Open Women,25-29,92,20,1:32:03,MAS
Singapore 2026,Singapore,Open Women,25-29,93,21,1:32:05,SIN
Singapore 2026,Singapore,Open Women,45-49,94,3,1:32:06,SIN
Singapore 2026,Singapore,Open Women,16-24,95,14,1:32:06,GER
Singapore 2026,Singapore,Open Women,25-29,96,22,1:32:09,INA
Singapore 2026,Singapore,Open Women,25-29,97,23,1:32:11,SIN
Singapore 2026,Singapore,Open Women,40-44,98,15,1:32:12,SIN
Singapore 2026,Singapore,Open Women,40-44,99,16,1:32:21,CHN
Singapore 2026,Singapore,Open Women,25-29,100,24,1:32:26,SIN
Singapore 2026,Singapore,Pro Men,30-34,1,1,1:00:22,FRA
Singapore 2026,Singapore,Pro Men,30-34,2,2,1:04:32,AUS
Singapore 2026,Singapore,Pro Men,25-29,3,1,1:04:56,ENG
Singapore 2026,Singapore,Pro Men,30-34,4,3,1:05:26,IRL
Singapore 2026,Singapore,Pro Men,16-24,5,1,1:05:41,KOR
Singapore 2026,Singapore,Pro Men,25-29,6,2,1:05:44,AUS
Singapore 2026,Singapore,Pro Men,25-29,7,3,1:06:02,AUS
Singapore 2026,Singapore,Pro Men,35-39,8,1,1:06:09,IRL
Singapore 2026,Singapore,Pro Men,30-34,9,4,1:07:33,KOR
Singapore 2026,Singapore,Pro Men,40-44,10,1,1:08:45,JPN
Singapore 2026,Singapore,Pro Men,35-39,11,2,1:08:51,FRA
Singapore 2026,Singapore,Pro Men,30-34,12,5,1:09:04,UKR
Singapore 2026,Singapore,Pro Men,30-34,13,6,1:09:35,SIN
Singapore 2026,Singapore,Pro Men,40-44,14,2,1:09:42,AUS
Singapore 2026,Singapore,Pro Men,25-29,15,4,1:09:53,FRA
Singapore 2026,Singapore,Pro Men,16-24,16,2,1:10:28,SUI
Singapore 2026,Singapore,Pro Men,30-34,17,7,1:10:32,GBR
Singapore 2026,Singapore,Pro Men,25-29,18,5,1:11:21,JPN
Singapore 2026,Singapore,Pro Men,30-34,19,8,1:11:23,IRL
Singapore 2026,Singapore,Pro Men,30-34,20,9,1:11:50,INA
Singapore 2026,Singapore,Pro Men,25-29,21,6,1:12:06,KOR
Singapore 2026,Singapore,Pro Men,45-49,22,1,1:12:21,SUI
Singapore 2026,Singapore,Pro Men,16-24,23,3,1:12:23,NZL
Singapore 2026,Singapore,Pro Men,25-29,24,7,1:13:05,FRA
Singapore 2026,Singapore,Pro Men,25-29,25,8,1:13:06,SIN
Singapore 2026,Singapore,Pro Men,40-44,26,3,1:13:14,GBR
Singapore 2026,Singapore,Pro Men,16-24,27,4,1:13:42,JPN
Singapore 2026,Singapore,Pro Men,40-44,28,4,1:14:13,PHI
Singapore 2026,Singapore,Pro Men,25-29,29,9,1:14:15,USA
Singapore 2026,Singapore,Pro Men,25-29,30,10,1:14:50,KOR
Singapore 2026,Singapore,Pro Men,35-39,31,3,1:14:54,RSA
Singapore 2026,Singapore,Pro Men,30-34,32,10,1:14:55,SIN
Singapore 2026,Singapore,Pro Men,40-44,33,5,1:15:02,HKG
Singapore 2026,Singapore,Pro Men,45-49,34,2,1:15:23,GBR
Singapore 2026,Singapore,Pro Men,50-54,35,1,1:16:13,GBR
Singapore 2026,Singapore,Pro Men,30-34,36,11,1:16:29,USA
Singapore 2026,Singapore,Pro Men,30-34,37,12,1:16:43,TUR
Singapore 2026,Singapore,Pro Men,25-29,38,11,1:16:57,SIN
Singapore 2026,Singapore,Pro Men,40-44,39,6,1:17:07,ITA
Singapore 2026,Singapore,Pro Men,35-39,40,4,1:17:27,SIN
Singapore 2026,Singapore,Pro Men,25-29,41,12,1:17:51,USA
Singapore 2026,Singapore,Pro Men,30-34,42,13,1:18:32,SIN
Singapore 2026,Singapore,Pro Men,45-49,43,3,1:19:00,GER
Singapore 2026,Singapore,Pro Men,35-39,44,5,1:19:21,GBR
Singapore 2026,Singapore,Pro Men,35-39,45,6,1:19:47,IND
Singapore 2026,Singapore,Pro Men,40-44,46,7,1:20:23,SIN
Singapore 2026,Singapore,Pro Men,30-34,47,14,1:20:39,SIN
Singapore 2026,Singapore,Pro Men,30-34,48,15,1:21:11,SIN
Singapore 2026,Singapore,Pro Men,30-34,49,16,1:21:12,SIN
Singapore 2026,Singapore,Pro Men,45-49,50,4,1:21:13,FRA
Singapore 2026,Singapore,Pro Men,30-34,51,17,1:21:43,SIN
Singapore 2026,Singapore,Pro Men,45-49,52,5,1:22:03,HKG
Singapore 2026,Singapore,Pro Men,35-39,53,7,1:22:57,GER
Singapore 2026,Singapore,Pro Men,35-39,54,8,1:23:03,SIN
Singapore 2026,Singapore,Pro Men,55-59,55,1,1:23:18,USA
Singapore 2026,Singapore,Pro Men,35-39,56,9,1:23:36,SWE
Singapore 2026,Singapore,Pro Men,30-34,57,18,1:23:45,SIN
Singapore 2026,Singapore,Pro Men,35-39,58,10,1:23:55,SIN
Singapore 2026,Singapore,Pro Men,35-39,59,11,1:24:53,USA
Singapore 2026,Singapore,Pro Men,35-39,60,12,1:25:06,SIN
Singapore 2026,Singapore,Pro Men,40-44,61,8,1:25:58,USA
Singapore 2026,Singapore,Pro Men,50-54,62,2,1:26:10,IRL
Singapore 2026,Singapore,Pro Men,25-29,63,13,1:26:27,JPN
Singapore 2026,Singapore,Pro Men,25-29,64,14,1:26:33,SIN
Singapore 2026,Singapore,Pro Men,35-39,65,13,1:27:19,KOR
Singapore 2026,Singapore,Pro Men,40-44,66,9,1:27:28,CAN
Singapore 2026,Singapore,Pro Men,35-39,67,14,1:27:33,SIN
Singapore 2026,Singapore,Pro Men,16-24,68,5,1:27:34,THA
Singapore 2026,Singapore,Pro Men,25-29,69,15,1:27:43,FIN
Singapore 2026,Singapore,Pro Men,50-54,70,3,1:28:13,NZL
Singapore 2026,Singapore,Pro Men,30-34,71,19,1:28:23,CHN
Singapore 2026,Singapore,Pro Men,30-34,72,20,1:28:36,SIN
Singapore 2026,Singapore,Pro Men,30-34,73,21,1:29:15,SIN
Singapore 2026,Singapore,Pro Men,35-39,74,15,1:29:27,GER
Singapore 2026,Singapore,Pro Men,30-34,75,22,1:29:44,ARG
Singapore 2026,Singapore,Pro Men,30-34,76,23,1:30:17,CHN
Singapore 2026,Singapore,Pro Men,30-34,77,24,1:30:45,SIN
Singapore 2026,Singapore,Pro Men,25-29,78,16,1:30:58,JPN
Singapore 2026,Singapore,Pro Men,25-29,79,17,1:31:12,SIN
Singapore 2026,Singapore,Pro Men,30-34,80,25,1:31:19,FRA
Singapore 2026,Singapore,Pro Men,25-29,81,18,1:31:51,SIN
Singapore 2026,Singapore,Pro Men,25-29,82,19,1:31:59,JPN
Singapore 2026,Singapore,Pro Men,40-44,83,10,1:32:02,SIN
Singapore 2026,Singapore,Pro Men,30-34,84,26,1:32:09,SIN
Singapore 2026,Singapore,Pro Men,35-39,85,16,1:33:12,INA
Singapore 2026,Singapore,Pro Men,35-39,86,17,1:33:20,TPE
Singapore 2026,Singapore,Pro Men,40-44,87,11,1:33:31,SIN
Singapore 2026,Singapore,Pro Men,50-54,88,4,1:33:43,ESP
Singapore 2026,Singapore,Pro Men,35-39,89,19,1:34:55,MAS
Singapore 2026,Singapore,Pro Men,35-39,90,18,1:34:55,SIN
Singapore 2026,Singapore,Pro Men,35-39,91,20,1:35:10,CHN
Singapore 2026,Singapore,Pro Men,45-49,92,6,1:35:36,SIN
Singapore 2026,Singapore,Pro Men,45-49,93,7,1:35:53,SIN
Singapore 2026,Singapore,Pro Men,25-29,94,20,1:36:09,KOR
Singapore 2026,Singapore,Pro Men,40-44,95,12,1:36:14,SIN
Singapore 2026,Singapore,Pro Men,30-34,96,27,1:36:15,SIN
Singapore 2026,Singapore,Pro Men,35-39,97,21,1:36:40,SIN
Singapore 2026,Singapore,Pro Men,45-49,98,8,1:37:19,SIN
Singapore 2026,Singapore,Pro Men,40-44,99,13,1:37:31,KOR
Singapore 2026,Singapore,Pro Men,45-49,100,9,1:37:41,SIN
Singapore 2026,Singapore,Pro Women,35-39,1,1,1:05:21,AUT
Singapore 2026,Singapore,Pro Women,25-29,2,1,1:07:10,AUS
Singapore 2026,Singapore,Pro Women,30-34,3,1,1:10:44,THA
Singapore 2026,Singapore,Pro Women,25-29,4,2,1:11:02,AUS
Singapore 2026,Singapore,Pro Women,16-24,5,1,1:15:15,AUS
Singapore 2026,Singapore,Pro Women,16-24,6,2,1:16:43,AUS
Singapore 2026,Singapore,Pro Women,30-34,7,2,1:18:34,SIN
Singapore 2026,Singapore,Pro Women,25-29,8,3,1:19:09,SIN
Singapore 2026,Singapore,Pro Women,35-39,9,2,1:20:23,SIN
Singapore 2026,Singapore,Pro Women,50-54,10,1,1:21:24,GBR
Singapore 2026,Singapore,Pro Women,45-49,11,1,1:21:44,GBR
Singapore 2026,Singapore,Pro Women,30-34,12,3,1:21:52,RSA
Singapore 2026,Singapore,Pro Women,40-44,13,1,1:27:06,INA
Singapore 2026,Singapore,Pro Women,30-34,14,4,1:27:51,SIN
Singapore 2026,Singapore,Pro Women,40-44,15,2,1:28:06,DEN
Singapore 2026,Singapore,Pro Women,30-34,16,5,1:29:59,SIN
Singapore 2026,Singapore,Pro Women,50-54,17,2,1:30:01,NED
Singapore 2026,Singapore,Pro Women,30-34,18,6,1:31:54,INA
Singapore 2026,Singapore,Pro Women,40-44,19,3,1:32:38,CHN
Singapore 2026,Singapore,Pro Women,35-39,20,3,1:33:43,PHI
Singapore 2026,Singapore,Pro Women,30-34,21,7,1:34:55,THA
Singapore 2026,Singapore,Pro Women,35-39,22,4,1:36:59,SIN
Singapore 2026,Singapore,Pro Women,35-39,23,5,1:37:55,SIN
Singapore 2026,Singapore,Pro Women,30-34,24,8,1:40:31,BRA
Singapore 2026,Singapore,Pro Women,25-29,25,4,1:42:56,SIN
Singapore 2026,Singapore,Pro Women,35-39,26,6,1:43:00,SIN
Singapore 2026,Singapore,Pro Women,30-34,27,9,1:43:12,SIN
Singapore 2026,Singapore,Pro Women,30-34,28,10,1:43:42,MAS
Singapore 2026,Singapore,Pro Women,30-34,29,11,1:44:28,MAS
Singapore 2026,Singapore,Pro Women,30-34,30,12,1:44:41,USA
Singapore 2026,Singapore,Pro Women,30-34,31,13,1:45:12,SIN
Singapore 2026,Singapore,Pro Women,25-29,32,5,1:47:26,JPN
Singapore 2026,Singapore,Pro Women,30-34,33,14,1:47:35,SIN
Singapore 2026,Singapore,Pro Women,25-29,34,6,1:47:57,SIN
Singapore 2026,Singapore,Pro Women,45-49,35,2,1:48:29,INA
Singapore 2026,Singapore,Pro Women,40-44,36,4,1:49:54,GER
Singapore 2026,Singapore,Pro Women,30-34,37,15,1:57:01,SIN
Singapore 2026,Singapore,Pro Women,16-24,38,3,1:57:05,SIN
Singapore 2026,Singapore,Pro Women,16-24,39,4,1:58:49,MAS
Singapore 2026,Singapore,Pro Women,50-54,40,3,1:59:01,SIN
Singapore 2026,Singapore,Pro Women,30-34,41,16,1:59:44,SIN
Singapore 2026,Singapore,Pro Women,35-39,42,7,2:03:03,MAS
Singapore 2026,Singapore,Pro Women,16-24,43,5,2:03:56,SIN
Singapore 2026,Singapore,Pro Women,30-34,44,17,2:05:10,SIN
Singapore 2026,Singapore,Pro Women,30-34,45,18,2:09:32,SIN
Singapore 2026,Singapore,Pro Women,16-24,46,6,2:13:11,INA
Singapore 2026,Singapore,Pro Women,30-34,47,19,2:16:04,HKG
Singapore 2026,Singapore,Pro Women,45-49,48,3,2:24:02,SIN
Singapore 2026,Singapore,Pro Women,30-34,49,20,2:24:44,INA
Singapore 2026,Singapore,Pro Women,30-34,50,21,2:42:04,MYA
Bangkok I 2026,Thailand,Open Men,16-24,1,1,0:57:13,KOR
Bangkok I 2026,Thailand,Open Men,16-24,2,2,0:58:56,AUS
Bangkok I 2026,Thailand,Open Men,30-34,3,1,0:59:57,GBR
Bangkok I 2026,Thailand,Open Men,30-34,4,2,1:00:04,HKG
Bangkok I 2026,Thailand,Open Men,35-39,5,1,1:00:04,FRA
Bangkok I 2026,Thailand,Open Men,16-24,6,3,1:00:19,AUS
Bangkok I 2026,Thailand,Open Men,25-29,7,1,1:00:36,FRA
Bangkok I 2026,Thailand,Open Men,30-34,8,3,1:00:48,THA
Bangkok I 2026,Thailand,Open Men,25-29,9,2,1:00:52,AUS
Bangkok I 2026,Thailand,Open Men,,10,,1:01:00,THA
Bangkok I 2026,Thailand,Open Men,30-34,11,4,1:01:15,EST
Bangkok I 2026,Thailand,Open Men,30-34,12,5,1:01:57,GBR
Bangkok I 2026,Thailand,Open Men,16-24,13,4,1:02:00,BRU
Bangkok I 2026,Thailand,Open Men,30-34,14,6,1:02:13,GBR
Bangkok I 2026,Thailand,Open Men,25-29,15,3,1:02:14,KOR
Bangkok I 2026,Thailand,Open Men,40-44,16,1,1:02:19,GBR
Bangkok I 2026,Thailand,Open Men,35-39,17,2,1:02:19,LTU
Bangkok I 2026,Thailand,Open Men,35-39,18,3,1:02:20,HKG
Bangkok I 2026,Thailand,Open Men,16-24,19,5,1:02:21,AUS
Bangkok I 2026,Thailand,Open Men,40-44,20,2,1:02:27,KOR
Bangkok I 2026,Thailand,Open Men,35-39,21,4,1:02:35,REU
Bangkok I 2026,Thailand,Open Men,30-34,22,7,1:02:38,GBR
Bangkok I 2026,Thailand,Open Men,30-34,23,8,1:02:48,LBN
Bangkok I 2026,Thailand,Open Men,30-34,24,9,1:02:52,HKG
Bangkok I 2026,Thailand,Open Men,45-49,25,1,1:03:01,NZL
Bangkok I 2026,Thailand,Open Men,16-24,26,6,1:03:05,HKG
Bangkok I 2026,Thailand,Open Men,25-29,27,4,1:03:06,FRA
Bangkok I 2026,Thailand,Open Men,25-29,28,5,1:03:24,FIN
Bangkok I 2026,Thailand,Open Men,35-39,29,5,1:03:39,IRL
Bangkok I 2026,Thailand,Open Men,40-44,30,3,1:03:43,THA
Bangkok I 2026,Thailand,Open Men,30-34,31,10,1:03:44,NZL
Bangkok I 2026,Thailand,Open Men,30-34,32,11,1:03:49,HKG
Bangkok I 2026,Thailand,Open Men,25-29,33,6,1:03:54,GBR
Bangkok I 2026,Thailand,Open Men,30-34,34,12,1:03:57,MYA
Bangkok I 2026,Thailand,Open Men,25-29,35,7,1:03:58,GBR
Bangkok I 2026,Thailand,Open Men,30-34,36,13,1:04:16,FRA
Bangkok I 2026,Thailand,Open Men,25-29,37,8,1:04:29,THA
Bangkok I 2026,Thailand,Open Men,35-39,38,6,1:04:34,SIN
Bangkok I 2026,Thailand,Open Men,35-39,39,7,1:04:40,AUS
Bangkok I 2026,Thailand,Open Men,40-44,40,4,1:04:54,THA
Bangkok I 2026,Thailand,Open Men,25-29,41,9,1:05:06,KOR
Bangkok I 2026,Thailand,Open Men,40-44,42,5,1:05:06,AUS
Bangkok I 2026,Thailand,Open Men,30-34,43,14,1:05:09,AUS
Bangkok I 2026,Thailand,Open Men,25-29,44,10,1:05:09,KOR
Bangkok I 2026,Thailand,Open Men,30-34,45,15,1:05:11,INA
Bangkok I 2026,Thailand,Open Men,35-39,46,8,1:05:27,PHI
Bangkok I 2026,Thailand,Open Men,25-29,47,11,1:05:41,FRA
Bangkok I 2026,Thailand,Open Men,35-39,48,10,1:05:42,IRL
Bangkok I 2026,Thailand,Open Men,35-39,49,9,1:05:42,THA
Bangkok I 2026,Thailand,Open Men,45-49,50,2,1:05:47,MEX
Bangkok I 2026,Thailand,Open Men,25-29,51,12,1:05:50,CAN
Bangkok I 2026,Thailand,Open Men,35-39,52,11,1:06:00,SIN
Bangkok I 2026,Thailand,Open Men,25-29,53,13,1:06:13,KOR
Bangkok I 2026,Thailand,Open Men,30-34,54,16,1:06:15,GBR
Bangkok I 2026,Thailand,Open Men,25-29,55,14,1:06:23,THA
Bangkok I 2026,Thailand,Open Men,25-29,56,15,1:06:26,FRA
Bangkok I 2026,Thailand,Open Men,35-39,57,12,1:06:38,ITA
Bangkok I 2026,Thailand,Open Men,16-24,58,7,1:06:38,AUS
Bangkok I 2026,Thailand,Open Men,35-39,59,13,1:06:41,FRA
Bangkok I 2026,Thailand,Open Men,25-29,60,16,1:06:43,RUS
Bangkok I 2026,Thailand,Open Men,25-29,61,17,1:06:44,AUS
Bangkok I 2026,Thailand,Open Men,40-44,62,6,1:06:54,HKG
Bangkok I 2026,Thailand,Open Men,25-29,63,18,1:07:07,KOR
Bangkok I 2026,Thailand,Open Men,35-39,64,14,1:07:14,ALG
Bangkok I 2026,Thailand,Open Men,30-34,65,18,1:07:16,GBR
Bangkok I 2026,Thailand,Open Men,30-34,66,17,1:07:16,GBR
Bangkok I 2026,Thailand,Open Men,25-29,67,19,1:07:26,INA
Bangkok I 2026,Thailand,Open Men,25-29,68,20,1:07:29,SUI
Bangkok I 2026,Thailand,Open Men,30-34,69,19,1:07:30,THA
Bangkok I 2026,Thailand,Open Men,35-39,70,15,1:07:37,USA
Bangkok I 2026,Thailand,Open Men,35-39,71,16,1:07:38,CHN
Bangkok I 2026,Thailand,Open Men,45-49,72,3,1:07:42,THA
Bangkok I 2026,Thailand,Open Men,30-34,73,20,1:07:49,PHI
Bangkok I 2026,Thailand,Open Men,30-34,74,21,1:07:53,HKG
Bangkok I 2026,Thailand,Open Men,16-24,75,8,1:07:58,BEL
Bangkok I 2026,Thailand,Open Men,40-44,76,7,1:07:58,USA
Bangkok I 2026,Thailand,Open Men,35-39,77,17,1:07:58,GBR
Bangkok I 2026,Thailand,Open Men,16-24,78,9,1:07:59,JPN
Bangkok I 2026,Thailand,Open Men,16-24,79,10,1:08:00,GBR
Bangkok I 2026,Thailand,Open Men,25-29,80,21,1:08:09,FRA
Bangkok I 2026,Thailand,Open Men,25-29,81,22,1:08:23,FRA
Bangkok I 2026,Thailand,Open Men,35-39,82,18,1:08:23,THA
Bangkok I 2026,Thailand,Open Men,25-29,83,23,1:08:28,IRL
Bangkok I 2026,Thailand,Open Men,30-34,84,22,1:08:33,FRA
Bangkok I 2026,Thailand,Open Men,35-39,85,19,1:08:33,AUS
Bangkok I 2026,Thailand,Open Men,25-29,86,24,1:08:35,TPE
Bangkok I 2026,Thailand,Open Men,30-34,87,23,1:08:35,HKG
Bangkok I 2026,Thailand,Open Men,16-24,88,11,1:08:40,AUS
Bangkok I 2026,Thailand,Open Men,30-34,89,24,1:08:43,USA
Bangkok I 2026,Thailand,Open Men,16-24,90,12,1:08:43,THA
Bangkok I 2026,Thailand,Open Men,25-29,91,25,1:08:45,SIN
Bangkok I 2026,Thailand,Open Men,16-24,92,13,1:08:48,KOR
Bangkok I 2026,Thailand,Open Men,50-54,93,1,1:08:54,AUS
Bangkok I 2026,Thailand,Open Men,16-24,94,14,1:08:56,IND
Bangkok I 2026,Thailand,Open Men,40-44,95,8,1:08:57,HKG
Bangkok I 2026,Thailand,Open Men,30-34,96,25,1:09:05,HKG
Bangkok I 2026,Thailand,Open Men,16-24,97,15,1:09:08,THA
Bangkok I 2026,Thailand,Open Men,30-34,98,26,1:09:09,KOR
Bangkok I 2026,Thailand,Open Men,25-29,99,26,1:09:11,THA
Bangkok I 2026,Thailand,Open Men,16-24,100,16,1:09:14,THA
Bangkok I 2026,Thailand,Open Women,35-39,1,1,1:04:12,HKG
Bangkok I 2026,Thailand,Open Women,30-34,2,1,1:07:47,THA
Bangkok I 2026,Thailand,Open Women,30-34,3,2,1:08:08,GBR
Bangkok I 2026,Thailand,Open Women,30-34,4,3,1:09:47,IRL
Bangkok I 2026,Thailand,Open Women,25-29,5,1,1:10:15,NED
Bangkok I 2026,Thailand,Open Women,40-44,6,1,1:10:46,CZE
Bangkok I 2026,Thailand,Open Women,25-29,7,2,1:12:17,CHN
Bangkok I 2026,Thailand,Open Women,25-29,8,3,1:12:26,NED
Bangkok I 2026,Thailand,Open Women,25-29,9,4,1:13:56,GBR
Bangkok I 2026,Thailand,Open Women,30-34,10,4,1:14:00,GER
Bangkok I 2026,Thailand,Open Women,16-24,11,1,1:14:06,JPN
Bangkok I 2026,Thailand,Open Women,35-39,12,2,1:14:11,SIN
Bangkok I 2026,Thailand,Open Women,40-44,13,2,1:14:14,THA
Bangkok I 2026,Thailand,Open Women,40-44,14,3,1:14:16,GBR
Bangkok I 2026,Thailand,Open Women,25-29,15,5,1:14:22,THA
Bangkok I 2026,Thailand,Open Women,30-34,16,5,1:14:39,REU
Bangkok I 2026,Thailand,Open Women,30-34,17,6,1:14:45,PHI
Bangkok I 2026,Thailand,Open Women,35-39,18,3,1:14:51,SIN
Bangkok I 2026,Thailand,Open Women,30-34,19,7,1:14:51,MAS
Bangkok I 2026,Thailand,Open Women,25-29,20,6,1:15:10,REU
Bangkok I 2026,Thailand,Open Women,,21,,1:15:10,THA
Bangkok I 2026,Thailand,Open Women,30-34,22,8,1:15:14,THA
Bangkok I 2026,Thailand,Open Women,35-39,23,4,1:15:23,AUS
Bangkok I 2026,Thailand,Open Women,35-39,24,5,1:15:38,CHN
Bangkok I 2026,Thailand,Open Women,30-34,25,9,1:15:48,UKR
Bangkok I 2026,Thailand,Open Women,25-29,26,7,1:16:01,THA
Bangkok I 2026,Thailand,Open Women,45-49,27,1,1:16:05,USA
Bangkok I 2026,Thailand,Open Women,30-34,28,10,1:16:08,FRA
Bangkok I 2026,Thailand,Open Women,35-39,29,7,1:16:11,HUN
Bangkok I 2026,Thailand,Open Women,35-39,30,6,1:16:11,SIN
Bangkok I 2026,Thailand,Open Women,30-34,31,11,1:16:15,GBR
Bangkok I 2026,Thailand,Open Women,25-29,32,8,1:16:31,PHI
Bangkok I 2026,Thailand,Open Women,25-29,33,9,1:16:35,AUS
Bangkok I 2026,Thailand,Open Women,40-44,34,4,1:16:54,GER
Bangkok I 2026,Thailand,Open Women,25-29,35,10,1:16:54,JPN
Bangkok I 2026,Thailand,Open Women,45-49,36,2,1:17:00,JPN
Bangkok I 2026,Thailand,Open Women,30-34,37,12,1:17:14,GBR
Bangkok I 2026,Thailand,Open Women,45-49,38,3,1:17:14,THA
Bangkok I 2026,Thailand,Open Women,25-29,39,11,1:18:01,NED
Bangkok I 2026,Thailand,Open Women,35-39,40,8,1:18:06,HKG
Bangkok I 2026,Thailand,Open Women,35-39,41,9,1:18:11,TPE
Bangkok I 2026,Thailand,Open Women,16-24,42,2,1:18:11,SWE
Bangkok I 2026,Thailand,Open Women,40-44,43,5,1:18:15,IRL
Bangkok I 2026,Thailand,Open Women,25-29,44,12,1:18:20,THA
Bangkok I 2026,Thailand,Open Women,25-29,45,13,1:18:31,FRA
Bangkok I 2026,Thailand,Open Women,16-24,46,3,1:18:47,JPN
Bangkok I 2026,Thailand,Open Women,35-39,47,10,1:19:03,THA
Bangkok I 2026,Thailand,Open Women,30-34,48,13,1:19:06,INA
Bangkok I 2026,Thailand,Open Women,50-54,49,1,1:19:13,THA
Bangkok I 2026,Thailand,Open Women,16-24,50,4,1:19:37,THA
Bangkok I 2026,Thailand,Open Women,25-29,51,14,1:19:41,GBR
Bangkok I 2026,Thailand,Open Women,25-29,52,15,1:19:44,NED
Bangkok I 2026,Thailand,Open Women,25-29,53,16,1:19:54,THA
Bangkok I 2026,Thailand,Open Women,30-34,54,14,1:19:56,CAN
Bangkok I 2026,Thailand,Open Women,30-34,55,15,1:20:24,GBR
Bangkok I 2026,Thailand,Open Women,30-34,56,16,1:20:26,NED
Bangkok I 2026,Thailand,Open Women,25-29,57,17,1:20:36,FRA
Bangkok I 2026,Thailand,Open Women,30-34,58,17,1:20:52,FRA
Bangkok I 2026,Thailand,Open Women,25-29,59,18,1:20:57,MAS
Bangkok I 2026,Thailand,Open Women,16-24,60,5,1:20:59,CHN
Bangkok I 2026,Thailand,Open Women,25-29,61,19,1:21:01,THA
Bangkok I 2026,Thailand,Open Women,16-24,62,6,1:21:13,JPN
Bangkok I 2026,Thailand,Open Women,16-24,63,7,1:21:13,GER
Bangkok I 2026,Thailand,Open Women,35-39,64,11,1:21:17,FRA
Bangkok I 2026,Thailand,Open Women,30-34,65,18,1:21:18,THA
Bangkok I 2026,Thailand,Open Women,30-34,66,19,1:21:26,FRA
Bangkok I 2026,Thailand,Open Women,45-49,67,4,1:21:28,THA
Bangkok I 2026,Thailand,Open Women,30-34,68,20,1:21:37,THA
Bangkok I 2026,Thailand,Open Women,40-44,69,6,1:21:51,PHI
Bangkok I 2026,Thailand,Open Women,25-29,70,20,1:21:52,POL
Bangkok I 2026,Thailand,Open Women,35-39,71,12,1:21:53,PHI
Bangkok I 2026,Thailand,Open Women,25-29,72,21,1:21:59,AUS
Bangkok I 2026,Thailand,Open Women,35-39,73,13,1:22:06,THA
Bangkok I 2026,Thailand,Open Women,35-39,74,14,1:22:14,PHI
Bangkok I 2026,Thailand,Open Women,25-29,75,22,1:22:17,VIE
Bangkok I 2026,Thailand,Open Women,25-29,76,23,1:22:21,IRL
Bangkok I 2026,Thailand,Open Women,30-34,77,21,1:22:23,GBR
Bangkok I 2026,Thailand,Open Women,35-39,78,15,1:22:32,THA
Bangkok I 2026,Thailand,Open Women,30-34,79,22,1:22:39,THA
Bangkok I 2026,Thailand,Open Women,35-39,80,16,1:22:46,INA
Bangkok I 2026,Thailand,Open Women,30-34,81,23,1:22:47,THA
Bangkok I 2026,Thailand,Open Women,35-39,82,17,1:22:54,THA
Bangkok I 2026,Thailand,Open Women,30-34,83,24,1:23:00,THA
Bangkok I 2026,Thailand,Open Women,45-49,84,5,1:23:11,BRA
Bangkok I 2026,Thailand,Open Women,35-39,85,18,1:23:11,GBR
Bangkok I 2026,Thailand,Open Women,55-59,86,1,1:23:33,HKG
Bangkok I 2026,Thailand,Open Women,25-29,87,24,1:23:37,THA
Bangkok I 2026,Thailand,Open Women,30-34,88,25,1:23:39,GBR
Bangkok I 2026,Thailand,Open Women,40-44,89,7,1:23:41,GER
Bangkok I 2026,Thailand,Open Women,35-39,90,19,1:23:43,POL
Bangkok I 2026,Thailand,Open Women,25-29,91,25,1:23:47,SIN
Bangkok I 2026,Thailand,Open Women,25-29,92,26,1:23:50,GER
Bangkok I 2026,Thailand,Open Women,30-34,93,26,1:23:51,FRA
Bangkok I 2026,Thailand,Open Women,25-29,94,28,1:23:55,GER
Bangkok I 2026,Thailand,Open Women,25-29,95,27,1:23:55,AUS
Bangkok I 2026,Thailand,Open Women,25-29,96,29,1:23:57,HKG
Bangkok I 2026,Thailand,Open Women,30-34,97,27,1:24:03,THA
Bangkok I 2026,Thailand,Open Women,25-29,98,30,1:24:06,USA
Bangkok I 2026,Thailand,Open Women,25-29,99,31,1:24:07,NED
Bangkok I 2026,Thailand,Open Women,45-49,100,6,1:24:07,USA
Bangkok I 2026,Thailand,Pro Men,30-34,1,1,0:56:48,NZL
Bangkok I 2026,Thailand,Pro Men,40-44,2,1,0:58:07,ENG
Bangkok I 2026,Thailand,Pro Men,30-34,3,2,0:59:31,USA
Bangkok I 2026,Thailand,Pro Men,16-24,4,1,1:00:02,ENG
Bangkok I 2026,Thailand,Pro Men,30-34,5,3,1:00:05,POL
Bangkok I 2026,Thailand,Pro Men,25-29,6,1,1:00:42,GBR
Bangkok I 2026,Thailand,Pro Men,16-24,7,2,1:01:40,AUS
Bangkok I 2026,Thailand,Pro Men,25-29,8,2,1:01:49,AUS
Bangkok I 2026,Thailand,Pro Men,30-34,9,4,1:01:53,GBR
Bangkok I 2026,Thailand,Pro Men,30-34,10,5,1:01:59,FRA
Bangkok I 2026,Thailand,Pro Men,25-29,11,3,1:02:01,NZL
Bangkok I 2026,Thailand,Pro Men,30-34,12,6,1:02:51,ENG
Bangkok I 2026,Thailand,Pro Men,35-39,13,1,1:02:51,IRL
Bangkok I 2026,Thailand,Pro Men,30-34,14,7,1:02:56,AUS
Bangkok I 2026,Thailand,Pro Men,25-29,15,4,1:03:03,AUS
Bangkok I 2026,Thailand,Pro Men,35-39,16,2,1:03:07,AUS
Bangkok I 2026,Thailand,Pro Men,40-44,17,2,1:03:15,AUS
Bangkok I 2026,Thailand,Pro Men,25-29,18,5,1:03:26,ENG
Bangkok I 2026,Thailand,Pro Men,25-29,19,6,1:04:13,JPN
Bangkok I 2026,Thailand,Pro Men,35-39,20,3,1:04:20,KOR
Bangkok I 2026,Thailand,Pro Men,16-24,21,3,1:04:37,AUS
Bangkok I 2026,Thailand,Pro Men,16-24,22,4,1:04:51,ENG
Bangkok I 2026,Thailand,Pro Men,30-34,23,8,1:05:05,SWE
Bangkok I 2026,Thailand,Pro Men,30-34,24,9,1:05:15,AUS
Bangkok I 2026,Thailand,Pro Men,25-29,25,7,1:05:22,FRA
Bangkok I 2026,Thailand,Pro Men,30-34,26,10,1:05:23,USA
Bangkok I 2026,Thailand,Pro Men,30-34,27,11,1:05:54,AUS
Bangkok I 2026,Thailand,Pro Men,35-39,28,4,1:06:01,FRA
Bangkok I 2026,Thailand,Pro Men,30-34,29,12,1:06:22,UKR
Bangkok I 2026,Thailand,Pro Men,16-24,30,5,1:06:30,GBR
Bangkok I 2026,Thailand,Pro Men,30-34,31,13,1:06:44,GBR
Bangkok I 2026,Thailand,Pro Men,25-29,32,8,1:06:48,ITA
Bangkok I 2026,Thailand,Pro Men,30-34,33,14,1:07:02,UKR
Bangkok I 2026,Thailand,Pro Men,16-24,34,6,1:07:30,AUS
Bangkok I 2026,Thailand,Pro Men,35-39,35,5,1:07:55,FRA
Bangkok I 2026,Thailand,Pro Men,30-34,36,15,1:08:27,AUS
Bangkok I 2026,Thailand,Pro Men,25-29,37,9,1:08:38,CAN
Bangkok I 2026,Thailand,Pro Men,25-29,38,10,1:08:40,JPN
Bangkok I 2026,Thailand,Pro Men,30-34,39,16,1:08:48,GBR
Bangkok I 2026,Thailand,Pro Men,35-39,40,6,1:09:12,AUS
Bangkok I 2026,Thailand,Pro Men,30-34,41,17,1:09:15,ESP
Bangkok I 2026,Thailand,Pro Men,30-34,42,18,1:09:18,SYR
Bangkok I 2026,Thailand,Pro Men,40-44,43,3,1:09:21,AUS
Bangkok I 2026,Thailand,Pro Men,35-39,44,7,1:09:24,LTU
Bangkok I 2026,Thailand,Pro Men,25-29,45,11,1:09:31,AUS
Bangkok I 2026,Thailand,Pro Men,40-44,46,4,1:09:36,AUS
Bangkok I 2026,Thailand,Pro Men,35-39,47,8,1:09:46,FRA
Bangkok I 2026,Thailand,Pro Men,45-49,48,1,1:09:50,TPE
Bangkok I 2026,Thailand,Pro Men,25-29,49,13,1:09:54,AUS
Bangkok I 2026,Thailand,Pro Men,25-29,50,12,1:09:54,GBR
Bangkok I 2026,Thailand,Pro Men,45-49,51,2,1:09:58,GBR
Bangkok I 2026,Thailand,Pro Men,30-34,52,19,1:10:01,FRA
Bangkok I 2026,Thailand,Pro Men,16-24,53,7,1:10:03,NEP
Bangkok I 2026,Thailand,Pro Men,35-39,54,9,1:10:07,AUS
Bangkok I 2026,Thailand,Pro Men,35-39,55,10,1:10:19,NZL
Bangkok I 2026,Thailand,Pro Men,30-34,56,20,1:10:46,KOR
Bangkok I 2026,Thailand,Pro Men,30-34,57,21,1:10:49,GER
Bangkok I 2026,Thailand,Pro Men,25-29,58,14,1:11:01,AUS
Bangkok I 2026,Thailand,Pro Men,40-44,59,5,1:11:07,ENG
Bangkok I 2026,Thailand,Pro Men,35-39,60,11,1:11:09,USA
Bangkok I 2026,Thailand,Pro Men,35-39,61,12,1:11:12,GBR
Bangkok I 2026,Thailand,Pro Men,30-34,62,22,1:11:12,IRL
Bangkok I 2026,Thailand,Pro Men,45-49,63,3,1:11:24,AUS
Bangkok I 2026,Thailand,Pro Men,25-29,64,15,1:11:26,GBR
Bangkok I 2026,Thailand,Pro Men,25-29,65,16,1:11:34,GBR
Bangkok I 2026,Thailand,Pro Men,40-44,66,6,1:11:43,POR
Bangkok I 2026,Thailand,Pro Men,30-34,67,23,1:11:44,NZL
Bangkok I 2026,Thailand,Pro Men,25-29,68,17,1:11:51,GER
Bangkok I 2026,Thailand,Pro Men,35-39,69,13,1:11:52,GER
Bangkok I 2026,Thailand,Pro Men,25-29,70,18,1:11:56,FRA
Bangkok I 2026,Thailand,Pro Men,30-34,71,24,1:11:57,GBR
Bangkok I 2026,Thailand,Pro Men,25-29,72,19,1:12:12,SIN
Bangkok I 2026,Thailand,Pro Men,40-44,73,7,1:12:13,GBR
Bangkok I 2026,Thailand,Pro Men,30-34,74,25,1:12:20,ARG
Bangkok I 2026,Thailand,Pro Men,40-44,75,8,1:12:32,SIN
Bangkok I 2026,Thailand,Pro Men,25-29,76,20,1:12:44,AUS
Bangkok I 2026,Thailand,Pro Men,35-39,77,14,1:12:54,RUS
Bangkok I 2026,Thailand,Pro Men,16-24,78,8,1:12:55,KOR
Bangkok I 2026,Thailand,Pro Men,40-44,79,9,1:13:00,AUS
Bangkok I 2026,Thailand,Pro Men,16-24,80,9,1:13:02,AUS
Bangkok I 2026,Thailand,Pro Men,30-34,81,26,1:13:05,GER
Bangkok I 2026,Thailand,Pro Men,40-44,82,10,1:13:15,TUR
Bangkok I 2026,Thailand,Pro Men,30-34,83,27,1:13:20,GBR
Bangkok I 2026,Thailand,Pro Men,25-29,84,21,1:13:24,SIN
Bangkok I 2026,Thailand,Pro Men,30-34,85,28,1:13:29,CHN
Bangkok I 2026,Thailand,Pro Men,30-34,86,29,1:13:29,FRA
Bangkok I 2026,Thailand,Pro Men,30-34,87,30,1:13:58,GBR
Bangkok I 2026,Thailand,Pro Men,30-34,88,31,1:14:02,GER
Bangkok I 2026,Thailand,Pro Men,35-39,89,16,1:14:07,GBR
Bangkok I 2026,Thailand,Pro Men,35-39,90,15,1:14:07,NED
Bangkok I 2026,Thailand,Pro Men,25-29,91,22,1:14:12,ETH
Bangkok I 2026,Thailand,Pro Men,30-34,92,32,1:14:25,CHN
Bangkok I 2026,Thailand,Pro Men,35-39,93,17,1:14:29,GER
Bangkok I 2026,Thailand,Pro Men,35-39,94,18,1:14:50,GBR
Bangkok I 2026,Thailand,Pro Men,35-39,95,19,1:14:58,AUS
Bangkok I 2026,Thailand,Pro Men,35-39,96,20,1:15:12,FRA
Bangkok I 2026,Thailand,Pro Men,35-39,97,21,1:15:13,GBR
Bangkok I 2026,Thailand,Pro Men,25-29,98,23,1:15:16,RSA
Bangkok I 2026,Thailand,Pro Men,35-39,99,22,1:15:23,DEN
Bangkok I 2026,Thailand,Pro Men,30-34,100,33,1:15:24,AUS
Bangkok I 2026,Thailand,Pro Women,35-39,1,1,1:03:16,AUT
Bangkok I 2026,Thailand,Pro Women,25-29,2,1,1:05:37,NOR
Bangkok I 2026,Thailand,Pro Women,35-39,3,2,1:06:40,GBR
Bangkok I 2026,Thailand,Pro Women,40-44,4,1,1:07:09,JPN
Bangkok I 2026,Thailand,Pro Women,16-24,5,1,1:07:24,AUS
Bangkok I 2026,Thailand,Pro Women,30-34,6,1,1:08:54,AUT
Bangkok I 2026,Thailand,Pro Women,25-29,7,2,1:09:02,GBR
Bangkok I 2026,Thailand,Pro Women,30-34,8,2,1:09:14,JPN
Bangkok I 2026,Thailand,Pro Women,40-44,9,2,1:09:43,GER
Bangkok I 2026,Thailand,Pro Women,25-29,10,3,1:09:58,GER
Bangkok I 2026,Thailand,Pro Women,30-34,11,3,1:10:00,THA
Bangkok I 2026,Thailand,Pro Women,40-44,12,3,1:10:30,NZL
Bangkok I 2026,Thailand,Pro Women,30-34,13,4,1:10:40,MAR
Bangkok I 2026,Thailand,Pro Women,40-44,14,4,1:10:43,FRA
Bangkok I 2026,Thailand,Pro Women,35-39,15,3,1:10:46,AUS
Bangkok I 2026,Thailand,Pro Women,25-29,16,4,1:10:52,WLS
Bangkok I 2026,Thailand,Pro Women,16-24,17,2,1:11:44,AUS
Bangkok I 2026,Thailand,Pro Women,30-34,18,5,1:11:45,KOR
Bangkok I 2026,Thailand,Pro Women,25-29,19,5,1:12:37,AUS
Bangkok I 2026,Thailand,Pro Women,40-44,20,5,1:12:43,AUS
Bangkok I 2026,Thailand,Pro Women,35-39,21,4,1:13:17,TPE
Bangkok I 2026,Thailand,Pro Women,45-49,22,1,1:13:24,SWE
Bangkok I 2026,Thailand,Pro Women,16-24,23,3,1:13:25,AUS
Bangkok I 2026,Thailand,Pro Women,25-29,24,6,1:13:34,GBR
Bangkok I 2026,Thailand,Pro Women,30-34,25,6,1:13:55,PHI
Bangkok I 2026,Thailand,Pro Women,16-24,26,4,1:14:03,AUS
Bangkok I 2026,Thailand,Pro Women,35-39,27,5,1:15:03,GBR
Bangkok I 2026,Thailand,Pro Women,30-34,28,7,1:15:27,THA
Bangkok I 2026,Thailand,Pro Women,25-29,29,7,1:15:34,IRL
Bangkok I 2026,Thailand,Pro Women,30-34,30,8,1:15:46,SIN
Bangkok I 2026,Thailand,Pro Women,45-49,31,2,1:15:49,SIN
Bangkok I 2026,Thailand,Pro Women,25-29,32,8,1:16:09,TPE
Bangkok I 2026,Thailand,Pro Women,25-29,33,9,1:16:12,AUS
Bangkok I 2026,Thailand,Pro Women,30-34,34,9,1:17:07,IRL
Bangkok I 2026,Thailand,Pro Women,16-24,35,5,1:17:41,AUS
Bangkok I 2026,Thailand,Pro Women,30-34,36,10,1:17:47,GER
Bangkok I 2026,Thailand,Pro Women,45-49,37,3,1:18:02,MAS
Bangkok I 2026,Thailand,Pro Women,16-24,38,6,1:18:06,GBR
Bangkok I 2026,Thailand,Pro Women,25-29,39,10,1:18:12,CRC
Bangkok I 2026,Thailand,Pro Women,30-34,40,11,1:18:33,GBR
Bangkok I 2026,Thailand,Pro Women,25-29,41,11,1:18:44,GBR
Bangkok I 2026,Thailand,Pro Women,35-39,42,6,1:18:48,GBR
Bangkok I 2026,Thailand,Pro Women,35-39,43,7,1:18:53,SIN
Bangkok I 2026,Thailand,Pro Women,40-44,44,6,1:18:56,AUS
Bangkok I 2026,Thailand,Pro Women,25-29,45,12,1:19:06,GBR
Bangkok I 2026,Thailand,Pro Women,16-24,46,7,1:19:29,AUS
Bangkok I 2026,Thailand,Pro Women,35-39,47,8,1:19:41,AUT
Bangkok I 2026,Thailand,Pro Women,16-24,48,8,1:19:51,GBR
Bangkok I 2026,Thailand,Pro Women,35-39,49,9,1:19:53,POL
Bangkok I 2026,Thailand,Pro Women,35-39,50,10,1:20:13,FRA
Bangkok I 2026,Thailand,Pro Women,45-49,51,4,1:20:26,GBR
Bangkok I 2026,Thailand,Pro Women,25-29,52,13,1:21:04,JPN
Bangkok I 2026,Thailand,Pro Women,30-34,53,12,1:21:08,GBR
Bangkok I 2026,Thailand,Pro Women,25-29,54,15,1:21:57,AUS
Bangkok I 2026,Thailand,Pro Women,25-29,55,14,1:21:57,KAZ
Bangkok I 2026,Thailand,Pro Women,16-24,56,9,1:22:33,GBR
Bangkok I 2026,Thailand,Pro Women,30-34,57,13,1:22:39,CHN
Bangkok I 2026,Thailand,Pro Women,25-29,58,16,1:23:02,AUS
Bangkok I 2026,Thailand,Pro Women,25-29,59,17,1:23:09,PHI
Bangkok I 2026,Thailand,Pro Women,25-29,60,18,1:23:16,HKG
Bangkok I 2026,Thailand,Pro Women,40-44,61,7,1:23:27,AUS
Bangkok I 2026,Thailand,Pro Women,25-29,62,19,1:24:07,HKG
Bangkok I 2026,Thailand,Pro Women,40-44,63,8,1:25:01,TPE
Bangkok I 2026,Thailand,Pro Women,16-24,64,10,1:25:25,GER
Bangkok I 2026,Thailand,Pro Women,30-34,65,14,1:25:25,FRA
Bangkok I 2026,Thailand,Pro Women,40-44,66,9,1:25:55,THA
Bangkok I 2026,Thailand,Pro Women,40-44,67,10,1:27:27,NZL
Bangkok I 2026,Thailand,Pro Women,40-44,68,11,1:27:35,ZIM
Bangkok I 2026,Thailand,Pro Women,40-44,69,12,1:28:30,CHN
Bangkok I 2026,Thailand,Pro Women,35-39,70,11,1:28:52,GBR
Bangkok I 2026,Thailand,Pro Women,25-29,71,20,1:29:48,NED
Bangkok I 2026,Thailand,Pro Women,16-24,72,11,1:30:27,THA
Bangkok I 2026,Thailand,Pro Women,25-29,73,21,1:30:28,SIN
Bangkok I 2026,Thailand,Pro Women,35-39,74,12,1:30:34,CHN
Bangkok I 2026,Thailand,Pro Women,30-34,75,15,1:30:45,HKG
Bangkok I 2026,Thailand,Pro Women,40-44,76,13,1:31:24,THA
Bangkok I 2026,Thailand,Pro Women,30-34,77,16,1:31:27,NED
Bangkok I 2026,Thailand,Pro Women,30-34,78,17,1:31:35,KOR
Bangkok I 2026,Thailand,Pro Women,30-34,79,18,1:32:32,CHN
Bangkok I 2026,Thailand,Pro Women,25-29,80,22,1:32:55,SIN
Bangkok I 2026,Thailand,Pro Women,35-39,81,13,1:33:05,SIN
Bangkok I 2026,Thailand,Pro Women,35-39,82,14,1:33:49,AUS
Bangkok I 2026,Thailand,Pro Women,50-54,83,1,1:33:50,THA
Bangkok I 2026,Thailand,Pro Women,25-29,84,23,1:34:07,GER
Bangkok I 2026,Thailand,Pro Women,25-29,85,24,1:34:26,SUI
Bangkok I 2026,Thailand,Pro Women,25-29,86,25,1:34:33,UKR
Bangkok I 2026,Thailand,Pro Women,55-59,87,1,1:34:55,JPN
Bangkok I 2026,Thailand,Pro Women,30-34,88,19,1:35:15,THA
Bangkok I 2026,Thailand,Pro Women,30-34,89,20,1:35:29,CHN
Bangkok I 2026,Thailand,Pro Women,35-39,90,15,1:35:40,GER
Bangkok I 2026,Thailand,Pro Women,35-39,91,16,1:35:46,IND
Bangkok I 2026,Thailand,Pro Women,35-39,92,17,1:36:13,GBR
Bangkok I 2026,Thailand,Pro Women,50-54,93,2,1:36:14,GBR
Bangkok I 2026,Thailand,Pro Women,45-49,94,5,1:36:17,THA
Bangkok I 2026,Thailand,Pro Women,30-34,95,21,1:36:24,CHN
Bangkok I 2026,Thailand,Pro Women,40-44,96,14,1:36:45,USA
Bangkok I 2026,Thailand,Pro Women,35-39,97,18,1:37:34,THA
Bangkok I 2026,Thailand,Pro Women,25-29,98,26,1:37:39,VIE
Bangkok I 2026,Thailand,Pro Women,16-24,99,12,1:38:48,NED
Bangkok I 2026,Thailand,Pro Women,35-39,100,19,1:39:30,MRI
Taipei 2026,Taiwan,Open Men,35-39,1,1,0:59:44,GBR
Taipei 2026,Taiwan,Open Men,40-44,2,1,0:59:52,ITA
Taipei 2026,Taiwan,Open Men,30-34,3,1,1:00:12,HKG
Taipei 2026,Taiwan,Open Men,40-44,4,2,1:00:12,KOR
Taipei 2026,Taiwan,Open Men,16-24,5,1,1:01:09,USA
Taipei 2026,Taiwan,Open Men,25-29,6,1,1:01:10,SUI
Taipei 2026,Taiwan,Open Men,35-39,7,2,1:01:29,KOR
Taipei 2026,Taiwan,Open Men,35-39,8,3,1:01:35,SIN
Taipei 2026,Taiwan,Open Men,30-34,9,2,1:01:35,GER
Taipei 2026,Taiwan,Open Men,30-34,10,3,1:01:36,KOR
Taipei 2026,Taiwan,Open Men,40-44,11,3,1:01:51,TPE
Taipei 2026,Taiwan,Open Men,25-29,12,2,1:02:08,GER
Taipei 2026,Taiwan,Open Men,40-44,13,4,1:02:31,HKG
Taipei 2026,Taiwan,Open Men,16-24,14,2,1:02:33,HKG
Taipei 2026,Taiwan,Open Men,30-34,15,4,1:02:39,HKG
Taipei 2026,Taiwan,Open Men,30-34,16,5,1:03:01,GBR
Taipei 2026,Taiwan,Open Men,30-34,17,6,1:03:05,HKG
Taipei 2026,Taiwan,Open Men,35-39,18,4,1:03:26,KOR
Taipei 2026,Taiwan,Open Men,30-34,19,7,1:03:30,HKG
Taipei 2026,Taiwan,Open Men,30-34,20,8,1:03:42,HKG
Taipei 2026,Taiwan,Open Men,30-34,21,9,1:03:47,HKG
Taipei 2026,Taiwan,Open Men,30-34,22,10,1:03:56,HKG
Taipei 2026,Taiwan,Open Men,40-44,23,5,1:04:10,TUR
Taipei 2026,Taiwan,Open Men,40-44,24,6,1:04:14,AUS
Taipei 2026,Taiwan,Open Men,25-29,25,3,1:04:25,TPE
Taipei 2026,Taiwan,Open Men,40-44,26,7,1:04:27,KOR
Taipei 2026,Taiwan,Open Men,35-39,27,5,1:04:32,SIN
Taipei 2026,Taiwan,Open Men,25-29,28,4,1:04:33,KOR
Taipei 2026,Taiwan,Open Men,40-44,29,8,1:04:41,THA
Taipei 2026,Taiwan,Open Men,35-39,30,6,1:04:47,HKG
Taipei 2026,Taiwan,Open Men,25-29,31,5,1:04:54,INA
Taipei 2026,Taiwan,Open Men,40-44,32,9,1:05:02,USA
Taipei 2026,Taiwan,Open Men,30-34,33,11,1:05:04,JPN
Taipei 2026,Taiwan,Open Men,25-29,34,6,1:05:10,KOR
Taipei 2026,Taiwan,Open Men,40-44,35,10,1:05:15,THA
Taipei 2026,Taiwan,Open Men,35-39,36,7,1:05:20,SIN
Taipei 2026,Taiwan,Open Men,35-39,37,8,1:06:00,ESP
Taipei 2026,Taiwan,Open Men,30-34,38,12,1:06:15,TPE
Taipei 2026,Taiwan,Open Men,30-34,39,13,1:06:17,GBR
Taipei 2026,Taiwan,Open Men,25-29,40,7,1:06:20,KOR
Taipei 2026,Taiwan,Open Men,30-34,41,14,1:06:21,THA
Taipei 2026,Taiwan,Open Men,30-34,42,15,1:06:25,HKG
Taipei 2026,Taiwan,Open Men,30-34,43,16,1:06:27,SIN
Taipei 2026,Taiwan,Open Men,25-29,44,8,1:06:45,KOR
Taipei 2026,Taiwan,Open Men,16-24,45,3,1:07:03,INA
Taipei 2026,Taiwan,Open Men,40-44,46,11,1:07:04,KOR
Taipei 2026,Taiwan,Open Men,30-34,47,17,1:07:09,KOR
Taipei 2026,Taiwan,Open Men,30-34,48,18,1:07:37,TPE
Taipei 2026,Taiwan,Open Men,25-29,49,9,1:07:41,AUS
Taipei 2026,Taiwan,Open Men,50-54,50,1,1:07:42,AUS
Taipei 2026,Taiwan,Open Men,35-39,51,9,1:07:43,GBR
Taipei 2026,Taiwan,Open Men,45-49,52,1,1:07:44,AUS
Taipei 2026,Taiwan,Open Men,30-34,53,19,1:07:48,PHI
Taipei 2026,Taiwan,Open Men,30-34,54,20,1:08:01,TPE
Taipei 2026,Taiwan,Open Men,25-29,55,10,1:08:34,NED
Taipei 2026,Taiwan,Open Men,25-29,56,11,1:08:51,JPN
Taipei 2026,Taiwan,Open Men,35-39,57,10,1:09:03,USA
Taipei 2026,Taiwan,Open Men,25-29,58,12,1:09:04,TPE
Taipei 2026,Taiwan,Open Men,40-44,59,12,1:09:04,TPE
Taipei 2026,Taiwan,Open Men,30-34,60,21,1:09:24,KOR
Taipei 2026,Taiwan,Open Men,30-34,61,22,1:09:29,TPE
Taipei 2026,Taiwan,Open Men,30-34,62,23,1:09:36,HKG
Taipei 2026,Taiwan,Open Men,30-34,63,24,1:09:39,USA
Taipei 2026,Taiwan,Open Men,30-34,64,25,1:09:42,POR
Taipei 2026,Taiwan,Open Men,25-29,65,13,1:09:53,HKG
Taipei 2026,Taiwan,Open Men,25-29,66,14,1:09:56,TPE
Taipei 2026,Taiwan,Open Men,40-44,67,13,1:09:56,TPE
Taipei 2026,Taiwan,Open Men,35-39,68,11,1:10:13,FRA
Taipei 2026,Taiwan,Open Men,25-29,69,15,1:10:21,TPE
Taipei 2026,Taiwan,Open Men,35-39,70,12,1:10:22,TPE
Taipei 2026,Taiwan,Open Men,16-24,71,4,1:10:28,USA
Taipei 2026,Taiwan,Open Men,40-44,72,14,1:10:28,BEL
Taipei 2026,Taiwan,Open Men,35-39,73,13,1:10:37,HKG
Taipei 2026,Taiwan,Open Men,25-29,74,16,1:10:46,KOR
Taipei 2026,Taiwan,Open Men,30-34,75,26,1:10:55,TPE
Taipei 2026,Taiwan,Open Men,25-29,76,17,1:10:57,TPE
Taipei 2026,Taiwan,Open Men,16-24,77,5,1:11:10,PHI
Taipei 2026,Taiwan,Open Men,30-34,78,27,1:11:10,TPE
Taipei 2026,Taiwan,Open Men,25-29,79,18,1:11:14,
Taipei 2026,Taiwan,Open Men,40-44,80,15,1:11:17,JPN
Taipei 2026,Taiwan,Open Men,40-44,81,16,1:11:17,GBR
Taipei 2026,Taiwan,Open Men,35-39,82,14,1:11:19,ITA
Taipei 2026,Taiwan,Open Men,35-39,83,15,1:11:23,TPE
Taipei 2026,Taiwan,Open Men,35-39,84,16,1:11:53,INA
Taipei 2026,Taiwan,Open Men,30-34,85,28,1:11:55,HKG
Taipei 2026,Taiwan,Open Men,25-29,86,19,1:12:03,TPE
Taipei 2026,Taiwan,Open Men,40-44,87,17,1:12:05,KOR
Taipei 2026,Taiwan,Open Men,35-39,88,17,1:12:05,SIN
Taipei 2026,Taiwan,Open Men,30-34,89,29,1:12:09,RUS
Taipei 2026,Taiwan,Open Men,25-29,90,20,1:12:11,HKG
Taipei 2026,Taiwan,Open Men,45-49,91,2,1:12:12,HKG
Taipei 2026,Taiwan,Open Men,16-24,92,6,1:12:27,TPE
Taipei 2026,Taiwan,Open Men,35-39,93,18,1:12:27,TPE
Taipei 2026,Taiwan,Open Men,25-29,94,21,1:12:37,THA
Taipei 2026,Taiwan,Open Men,25-29,95,22,1:12:44,JPN
Taipei 2026,Taiwan,Open Men,30-34,96,30,1:12:49,AUS
Taipei 2026,Taiwan,Open Men,35-39,97,19,1:12:56,FRA
Taipei 2026,Taiwan,Open Men,25-29,98,23,1:12:57,TPE
Taipei 2026,Taiwan,Open Men,35-39,99,20,1:13:05,HKG
Taipei 2026,Taiwan,Open Men,30-34,100,31,1:13:06,TPE
Taipei 2026,Taiwan,Open Women,35-39,1,1,1:00:12,SCO
Taipei 2026,Taiwan,Open Women,16-24,2,1,1:07:12,HKG
Taipei 2026,Taiwan,Open Women,45-49,3,1,1:08:02,SIN
Taipei 2026,Taiwan,Open Women,25-29,4,1,1:09:06,AUS
Taipei 2026,Taiwan,Open Women,25-29,5,2,1:09:17,KOR
Taipei 2026,Taiwan,Open Women,25-29,6,3,1:10:45,INA
Taipei 2026,Taiwan,Open Women,25-29,7,4,1:11:31,AUT
Taipei 2026,Taiwan,Open Women,35-39,8,2,1:11:32,KOR
Taipei 2026,Taiwan,Open Women,30-34,9,1,1:11:32,KOR
Taipei 2026,Taiwan,Open Women,30-34,10,2,1:12:03,HUN
Taipei 2026,Taiwan,Open Women,40-44,11,1,1:12:03,USA
Taipei 2026,Taiwan,Open Women,30-34,12,3,1:12:06,KOR
Taipei 2026,Taiwan,Open Women,35-39,13,3,1:12:24,ITA
Taipei 2026,Taiwan,Open Women,30-34,14,4,1:13:28,THA
Taipei 2026,Taiwan,Open Women,16-24,15,2,1:13:50,KOR
Taipei 2026,Taiwan,Open Women,16-24,16,3,1:14:02,MAS
Taipei 2026,Taiwan,Open Women,30-34,17,5,1:14:30,HKG
Taipei 2026,Taiwan,Open Women,40-44,18,2,1:14:52,GBR
Taipei 2026,Taiwan,Open Women,25-29,19,5,1:14:58,JPN
Taipei 2026,Taiwan,Open Women,25-29,20,6,1:15:00,HKG
Taipei 2026,Taiwan,Open Women,25-29,21,7,1:15:02,ITA
Taipei 2026,Taiwan,Open Women,25-29,22,8,1:15:18,HKG
Taipei 2026,Taiwan,Open Women,25-29,23,9,1:15:18,AUS
Taipei 2026,Taiwan,Open Women,30-34,24,6,1:15:21,THA
Taipei 2026,Taiwan,Open Women,30-34,25,7,1:15:26,HKG
Taipei 2026,Taiwan,Open Women,30-34,26,8,1:16:19,SUI
Taipei 2026,Taiwan,Open Women,25-29,27,10,1:17:36,MAS
Taipei 2026,Taiwan,Open Women,25-29,28,11,1:18:44,TPE
Taipei 2026,Taiwan,Open Women,35-39,29,4,1:18:58,TPE
Taipei 2026,Taiwan,Open Women,35-39,30,5,1:19:04,TPE
Taipei 2026,Taiwan,Open Women,35-39,31,6,1:19:16,TPE
Taipei 2026,Taiwan,Open Women,40-44,32,3,1:19:31,HKG
Taipei 2026,Taiwan,Open Women,25-29,33,12,1:20:03,HKG
Taipei 2026,Taiwan,Open Women,30-34,34,9,1:20:14,JPN
Taipei 2026,Taiwan,Open Women,40-44,35,4,1:20:15,MAS
Taipei 2026,Taiwan,Open Women,30-34,36,10,1:20:23,THA
Taipei 2026,Taiwan,Open Women,45-49,37,2,1:20:40,
Taipei 2026,Taiwan,Open Women,25-29,38,13,1:20:41,TPE
Taipei 2026,Taiwan,Open Women,25-29,39,14,1:20:52,HKG
Taipei 2026,Taiwan,Open Women,35-39,40,7,1:21:28,USA
Taipei 2026,Taiwan,Open Women,30-34,41,11,1:21:30,USA
Taipei 2026,Taiwan,Open Women,30-34,42,12,1:21:30,HKG
Taipei 2026,Taiwan,Open Women,35-39,43,8,1:21:40,TPE
Taipei 2026,Taiwan,Open Women,30-34,44,13,1:21:44,HKG
Taipei 2026,Taiwan,Open Women,30-34,45,14,1:21:44,TPE
Taipei 2026,Taiwan,Open Women,50-54,46,1,1:21:45,SIN
Taipei 2026,Taiwan,Open Women,30-34,47,15,1:21:51,TPE
Taipei 2026,Taiwan,Open Women,25-29,48,15,1:22:00,TPE
Taipei 2026,Taiwan,Open Women,35-39,49,9,1:22:30,ITA
Taipei 2026,Taiwan,Open Women,35-39,50,10,1:22:32,TPE
Taipei 2026,Taiwan,Open Women,25-29,51,16,1:23:05,GBR
Taipei 2026,Taiwan,Open Women,35-39,52,11,1:23:16,AUS
Taipei 2026,Taiwan,Open Women,35-39,53,12,1:23:28,TPE
Taipei 2026,Taiwan,Open Women,40-44,54,6,1:24:15,HKG
Taipei 2026,Taiwan,Open Women,40-44,55,5,1:24:15,THA
Taipei 2026,Taiwan,Open Women,30-34,56,16,1:24:19,TPE
Taipei 2026,Taiwan,Open Women,55-59,57,1,1:24:21,GER
Taipei 2026,Taiwan,Open Women,25-29,58,17,1:24:29,TPE
Taipei 2026,Taiwan,Open Women,30-34,59,17,1:24:31,TPE
Taipei 2026,Taiwan,Open Women,35-39,60,13,1:24:41,CHN
Taipei 2026,Taiwan,Open Women,35-39,61,14,1:24:46,TPE
Taipei 2026,Taiwan,Open Women,35-39,62,15,1:24:46,TPE
Taipei 2026,Taiwan,Open Women,25-29,63,18,1:24:46,PHI
Taipei 2026,Taiwan,Open Women,25-29,64,19,1:24:49,HKG
Taipei 2026,Taiwan,Open Women,40-44,65,7,1:24:50,THA
Taipei 2026,Taiwan,Open Women,35-39,66,16,1:25:28,KOR
Taipei 2026,Taiwan,Open Women,25-29,67,20,1:25:32,HKG
Taipei 2026,Taiwan,Open Women,40-44,68,8,1:25:34,JPN
Taipei 2026,Taiwan,Open Women,30-34,69,18,1:25:36,TPE
Taipei 2026,Taiwan,Open Women,50-54,70,2,1:25:40,HKG
Taipei 2026,Taiwan,Open Women,35-39,71,17,1:25:56,GBR
Taipei 2026,Taiwan,Open Women,25-29,72,21,1:26:08,CAN
Taipei 2026,Taiwan,Open Women,25-29,73,22,1:26:13,SIN
Taipei 2026,Taiwan,Open Women,25-29,74,23,1:26:24,PHI
Taipei 2026,Taiwan,Open Women,25-29,75,24,1:26:24,GER
Taipei 2026,Taiwan,Open Women,45-49,76,3,1:26:36,TPE
Taipei 2026,Taiwan,Open Women,30-34,77,19,1:26:43,TPE
Taipei 2026,Taiwan,Open Women,45-49,78,4,1:26:49,TPE
Taipei 2026,Taiwan,Open Women,40-44,79,9,1:27:10,SIN
Taipei 2026,Taiwan,Open Women,40-44,80,10,1:27:19,HKG
Taipei 2026,Taiwan,Open Women,16-24,81,4,1:27:25,GBR
Taipei 2026,Taiwan,Open Women,35-39,82,18,1:27:27,TPE
Taipei 2026,Taiwan,Open Women,35-39,83,19,1:27:30,TPE
Taipei 2026,Taiwan,Open Women,25-29,84,25,1:27:35,TPE
Taipei 2026,Taiwan,Open Women,30-34,85,20,1:27:46,TPE
Taipei 2026,Taiwan,Open Women,30-34,86,21,1:27:53,TPE
Taipei 2026,Taiwan,Open Women,25-29,87,26,1:27:54,TPE
Taipei 2026,Taiwan,Open Women,30-34,88,22,1:27:54,TPE
Taipei 2026,Taiwan,Open Women,35-39,89,20,1:27:57,CAM
Taipei 2026,Taiwan,Open Women,45-49,90,5,1:28:01,TPE
Taipei 2026,Taiwan,Open Women,35-39,91,21,1:28:05,TPE
Taipei 2026,Taiwan,Open Women,45-49,92,6,1:28:20,JPN
Taipei 2026,Taiwan,Open Women,25-29,93,27,1:28:20,TPE
Taipei 2026,Taiwan,Open Women,40-44,94,11,1:28:25,TPE
Taipei 2026,Taiwan,Open Women,25-29,95,28,1:28:30,SIN
Taipei 2026,Taiwan,Open Women,45-49,96,7,1:28:35,TPE
Taipei 2026,Taiwan,Open Women,35-39,97,22,1:28:39,TPE
Taipei 2026,Taiwan,Open Women,35-39,98,23,1:28:46,JPN
Taipei 2026,Taiwan,Open Women,30-34,99,23,1:28:47,TPE
Taipei 2026,Taiwan,Open Women,30-34,100,24,1:28:58,TPE
Taipei 2026,Taiwan,Pro Men,30-34,1,1,0:58:21,FRA
Taipei 2026,Taiwan,Pro Men,16-24,2,1,1:00:36,AUS
Taipei 2026,Taiwan,Pro Men,30-34,3,2,1:01:13,AUS
Taipei 2026,Taiwan,Pro Men,30-34,4,3,1:01:57,ESP
Taipei 2026,Taiwan,Pro Men,30-34,5,4,1:02:01,AUS
Taipei 2026,Taiwan,Pro Men,16-24,6,2,1:02:28,HKG
Taipei 2026,Taiwan,Pro Men,30-34,7,5,1:02:55,GER
Taipei 2026,Taiwan,Pro Men,25-29,8,1,1:04:06,AUS
Taipei 2026,Taiwan,Pro Men,25-29,9,2,1:04:08,KOR
Taipei 2026,Taiwan,Pro Men,25-29,10,3,1:04:21,AUS
Taipei 2026,Taiwan,Pro Men,30-34,11,6,1:04:23,JPN
Taipei 2026,Taiwan,Pro Men,30-34,12,7,1:04:41,THA
Taipei 2026,Taiwan,Pro Men,25-29,13,4,1:05:12,FRA
Taipei 2026,Taiwan,Pro Men,25-29,14,5,1:05:13,HKG
Taipei 2026,Taiwan,Pro Men,40-44,15,1,1:05:18,AUS
Taipei 2026,Taiwan,Pro Men,30-34,16,8,1:05:45,HKG
Taipei 2026,Taiwan,Pro Men,25-29,17,6,1:06:07,FRA
Taipei 2026,Taiwan,Pro Men,35-39,18,1,1:06:36,TPE
Taipei 2026,Taiwan,Pro Men,30-34,19,9,1:06:54,NZL
Taipei 2026,Taiwan,Pro Men,30-34,20,10,1:07:07,HKG
Taipei 2026,Taiwan,Pro Men,45-49,21,1,1:07:33,GBR
Taipei 2026,Taiwan,Pro Men,30-34,22,11,1:08:00,TPE
Taipei 2026,Taiwan,Pro Men,30-34,23,12,1:09:00,HKG
Taipei 2026,Taiwan,Pro Men,25-29,24,7,1:09:11,AUS
Taipei 2026,Taiwan,Pro Men,40-44,25,2,1:10:37,ISR
Taipei 2026,Taiwan,Pro Men,35-39,26,2,1:10:46,GBR
Taipei 2026,Taiwan,Pro Men,30-34,27,13,1:10:50,TPE
Taipei 2026,Taiwan,Pro Men,30-34,28,14,1:10:56,TPE
Taipei 2026,Taiwan,Pro Men,25-29,29,8,1:11:09,HKG
Taipei 2026,Taiwan,Pro Men,40-44,30,3,1:11:12,AUT
Taipei 2026,Taiwan,Pro Men,25-29,31,9,1:11:39,GBR
Taipei 2026,Taiwan,Pro Men,25-29,32,10,1:11:48,KOR
Taipei 2026,Taiwan,Pro Men,30-34,33,15,1:12:02,NZL
Taipei 2026,Taiwan,Pro Men,40-44,34,4,1:12:34,THA
Taipei 2026,Taiwan,Pro Men,45-49,35,2,1:13:10,FRA
Taipei 2026,Taiwan,Pro Men,35-39,36,3,1:13:17,ITA
Taipei 2026,Taiwan,Pro Men,16-24,37,3,1:13:24,HKG
Taipei 2026,Taiwan,Pro Men,40-44,38,5,1:13:59,ITA
Taipei 2026,Taiwan,Pro Men,45-49,39,3,1:14:10,SUI
Taipei 2026,Taiwan,Pro Men,35-39,40,4,1:14:24,TPE
Taipei 2026,Taiwan,Pro Men,40-44,41,6,1:14:24,HKG
Taipei 2026,Taiwan,Pro Men,30-34,42,16,1:14:36,TPE
Taipei 2026,Taiwan,Pro Men,25-29,43,11,1:14:42,KOR
Taipei 2026,Taiwan,Pro Men,30-34,44,17,1:14:53,TPE
Taipei 2026,Taiwan,Pro Men,40-44,45,7,1:15:07,POR
Taipei 2026,Taiwan,Pro Men,25-29,46,12,1:15:15,TPE
Taipei 2026,Taiwan,Pro Men,35-39,47,5,1:15:22,UGA
Taipei 2026,Taiwan,Pro Men,40-44,48,8,1:15:36,GBR
Taipei 2026,Taiwan,Pro Men,30-34,49,18,1:15:49,GUA
Taipei 2026,Taiwan,Pro Men,30-34,50,19,1:16:05,JPN
Taipei 2026,Taiwan,Pro Men,25-29,51,13,1:16:17,NED
Taipei 2026,Taiwan,Pro Men,25-29,52,14,1:16:55,HKG
Taipei 2026,Taiwan,Pro Men,25-29,53,15,1:16:59,MAS
Taipei 2026,Taiwan,Pro Men,30-34,54,20,1:17:18,TPE
Taipei 2026,Taiwan,Pro Men,30-34,55,21,1:17:25,AUS
Taipei 2026,Taiwan,Pro Men,25-29,56,16,1:17:50,JPN
Taipei 2026,Taiwan,Pro Men,40-44,57,9,1:17:55,JPN
Taipei 2026,Taiwan,Pro Men,16-24,58,4,1:18:10,HKG
Taipei 2026,Taiwan,Pro Men,35-39,59,6,1:18:11,HKG
Taipei 2026,Taiwan,Pro Men,30-34,60,22,1:18:18,USA
Taipei 2026,Taiwan,Pro Men,30-34,61,23,1:18:19,THA
Taipei 2026,Taiwan,Pro Men,30-34,62,24,1:18:22,TPE
Taipei 2026,Taiwan,Pro Men,40-44,63,10,1:18:39,TPE
Taipei 2026,Taiwan,Pro Men,45-49,64,4,1:18:40,FRA
Taipei 2026,Taiwan,Pro Men,40-44,65,11,1:18:46,TPE
Taipei 2026,Taiwan,Pro Men,40-44,66,12,1:18:52,TPE
Taipei 2026,Taiwan,Pro Men,35-39,67,7,1:18:58,JPN
Taipei 2026,Taiwan,Pro Men,30-34,68,25,1:19:07,TPE
Taipei 2026,Taiwan,Pro Men,30-34,69,26,1:19:34,TPE
Taipei 2026,Taiwan,Pro Men,25-29,70,17,1:19:45,TPE
Taipei 2026,Taiwan,Pro Men,50-54,71,1,1:20:18,SIN
Taipei 2026,Taiwan,Pro Men,45-49,72,5,1:20:31,FRA
Taipei 2026,Taiwan,Pro Men,25-29,73,18,1:21:01,HKG
Taipei 2026,Taiwan,Pro Men,30-34,74,27,1:21:08,SIN
Taipei 2026,Taiwan,Pro Men,25-29,75,19,1:21:14,MAC
Taipei 2026,Taiwan,Pro Men,50-54,76,2,1:21:23,CZE
Taipei 2026,Taiwan,Pro Men,40-44,77,13,1:22:36,TPE
Taipei 2026,Taiwan,Pro Men,25-29,78,20,1:22:46,PHI
Taipei 2026,Taiwan,Pro Men,40-44,79,14,1:22:49,TPE
Taipei 2026,Taiwan,Pro Men,35-39,80,8,1:22:55,SIN
Taipei 2026,Taiwan,Pro Men,30-34,81,28,1:23:10,TPE
Taipei 2026,Taiwan,Pro Men,16-24,82,5,1:23:15,TPE
Taipei 2026,Taiwan,Pro Men,16-24,83,6,1:23:38,TPE
Taipei 2026,Taiwan,Pro Men,40-44,84,15,1:23:41,USA
Taipei 2026,Taiwan,Pro Men,40-44,85,16,1:23:55,TPE
Taipei 2026,Taiwan,Pro Men,40-44,86,17,1:24:10,SIN
Taipei 2026,Taiwan,Pro Men,30-34,87,29,1:24:11,TPE
Taipei 2026,Taiwan,Pro Men,30-34,88,30,1:24:25,TPE
Taipei 2026,Taiwan,Pro Men,45-49,89,6,1:24:53,GER
Taipei 2026,Taiwan,Pro Men,45-49,90,7,1:25:04,TPE
Taipei 2026,Taiwan,Pro Men,35-39,91,9,1:25:20,TPE
Taipei 2026,Taiwan,Pro Men,45-49,92,8,1:25:45,SIN
Taipei 2026,Taiwan,Pro Men,40-44,93,18,1:26:06,USA
Taipei 2026,Taiwan,Pro Men,30-34,94,31,1:26:13,TPE
Taipei 2026,Taiwan,Pro Men,35-39,95,10,1:26:23,INA
Taipei 2026,Taiwan,Pro Men,16-24,96,7,1:26:27,TPE
Taipei 2026,Taiwan,Pro Men,25-29,97,21,1:27:15,KOR
Taipei 2026,Taiwan,Pro Men,35-39,98,11,1:27:29,HKG
Taipei 2026,Taiwan,Pro Men,30-34,99,32,1:27:48,TPE
Taipei 2026,Taiwan,Pro Men,35-39,100,12,1:27:51,USA
Taipei 2026,Taiwan,Pro Women,25-29,1,1,1:00:03,AUS
Taipei 2026,Taiwan,Pro Women,30-34,2,1,1:01:33,AUS
Taipei 2026,Taiwan,Pro Women,30-34,3,2,1:05:26,AUS
Taipei 2026,Taiwan,Pro Women,40-44,4,1,1:05:49,JPN
Taipei 2026,Taiwan,Pro Women,30-34,5,3,1:07:43,JPN
Taipei 2026,Taiwan,Pro Women,40-44,6,2,1:10:44,FRA
Taipei 2026,Taiwan,Pro Women,30-34,7,4,1:10:55,NZL
Taipei 2026,Taiwan,Pro Women,25-29,8,2,1:12:37,AUT
Taipei 2026,Taiwan,Pro Women,30-34,9,5,1:15:02,SIN
Taipei 2026,Taiwan,Pro Women,30-34,10,6,1:15:02,PHI
Taipei 2026,Taiwan,Pro Women,30-34,11,7,1:15:26,KOR
Taipei 2026,Taiwan,Pro Women,35-39,12,1,1:17:43,KOR
Taipei 2026,Taiwan,Pro Women,45-49,13,1,1:18:06,GBR
Taipei 2026,Taiwan,Pro Women,30-34,14,8,1:18:28,TPE
Taipei 2026,Taiwan,Pro Women,35-39,15,2,1:19:13,TPE
Taipei 2026,Taiwan,Pro Women,40-44,16,3,1:19:16,USA
Taipei 2026,Taiwan,Pro Women,25-29,17,3,1:19:22,HKG
Taipei 2026,Taiwan,Pro Women,30-34,18,9,1:19:29,CAN
Taipei 2026,Taiwan,Pro Women,35-39,19,3,1:19:38,POL
Taipei 2026,Taiwan,Pro Women,16-24,20,1,1:19:42,GBR
Taipei 2026,Taiwan,Pro Women,25-29,21,4,1:19:44,HKG
Taipei 2026,Taiwan,Pro Women,35-39,22,4,1:20:29,GBR
Taipei 2026,Taiwan,Pro Women,16-24,23,2,1:20:38,COL
Taipei 2026,Taiwan,Pro Women,35-39,24,5,1:21:19,TPE
Taipei 2026,Taiwan,Pro Women,40-44,25,4,1:23:32,PHI
Taipei 2026,Taiwan,Pro Women,45-49,26,2,1:24:27,SIN
Taipei 2026,Taiwan,Pro Women,35-39,27,6,1:24:38,JPN
Taipei 2026,Taiwan,Pro Women,35-39,28,7,1:24:52,KOR
Taipei 2026,Taiwan,Pro Women,30-34,29,10,1:26:29,CZE
Taipei 2026,Taiwan,Pro Women,25-29,30,5,1:26:33,AUS
Taipei 2026,Taiwan,Pro Women,45-49,31,3,1:26:43,GER
Taipei 2026,Taiwan,Pro Women,35-39,32,8,1:28:15,SIN
Taipei 2026,Taiwan,Pro Women,25-29,33,6,1:28:38,TPE
Taipei 2026,Taiwan,Pro Women,25-29,34,7,1:28:59,KOR
Taipei 2026,Taiwan,Pro Women,25-29,35,8,1:29:15,NED
Taipei 2026,Taiwan,Pro Women,25-29,36,9,1:30:50,MAC
Taipei 2026,Taiwan,Pro Women,50-54,37,1,1:30:52,AUS
Taipei 2026,Taiwan,Pro Women,50-54,38,2,1:33:12,SWE
Taipei 2026,Taiwan,Pro Women,30-34,39,11,1:33:17,PHI
Taipei 2026,Taiwan,Pro Women,25-29,40,10,1:35:13,TPE
Taipei 2026,Taiwan,Pro Women,40-44,41,5,1:35:27,JPN
Taipei 2026,Taiwan,Pro Women,35-39,42,9,1:37:31,PHI
Taipei 2026,Taiwan,Pro Women,30-34,43,12,1:37:44,TPE
Taipei 2026,Taiwan,Pro Women,40-44,44,6,1:40:41,CAN
Taipei 2026,Taiwan,Pro Women,30-34,45,13,1:42:07,SIN
Taipei 2026,Taiwan,Pro Women,40-44,46,7,1:42:32,HKG
Taipei 2026,Taiwan,Pro Women,45-49,47,4,1:42:38,IND
Taipei 2026,Taiwan,Pro Women,35-39,48,10,1:43:35,THA
Taipei 2026,Taiwan,Pro Women,55-59,49,1,1:43:39,AUS
Taipei 2026,Taiwan,Pro Women,35-39,50,11,1:46:26,SIN
Taipei 2026,Taiwan,Pro Women,45-49,51,5,1:49:01,TPE
Taipei 2026,Taiwan,Pro Women,25-29,52,11,1:49:04,TPE
Taipei 2026,Taiwan,Pro Women,50-54,53,3,1:49:07,HKG
Taipei 2026,Taiwan,Pro Women,45-49,54,6,1:49:19,HKG
Taipei 2026,Taiwan,Pro Women,30-34,55,14,1:49:45,JPN
Taipei 2026,Taiwan,Pro Women,45-49,56,7,1:54:32,PHI
Taipei 2026,Taiwan,Pro Women,35-39,57,12,2:03:52,TPE
Taipei 2026,Taiwan,Pro Women,40-44,58,8,2:05:38,TPE
Taipei 2026,Taiwan,Pro Women,25-29,59,12,2:16:16,TPE
Taipei 2026,Taiwan,Pro Women,25-29,60,13,2:19:47,SIN
Osaka 2026,Japan,Open Men,16-24,1,1,0:58:28,AUS
Osaka 2026,Japan,Open Men,30-34,2,1,0:58:31,KOR
Osaka 2026,Japan,Open Men,25-29,3,1,0:59:40,KOR
Osaka 2026,Japan,Open Men,16-24,4,2,0:59:50,KOR
Osaka 2026,Japan,Open Men,25-29,5,2,1:00:31,KOR
Osaka 2026,Japan,Open Men,40-44,6,1,1:00:33,KOR
Osaka 2026,Japan,Open Men,30-34,7,2,1:00:37,KOR
Osaka 2026,Japan,Open Men,30-34,8,3,1:00:42,AUS
Osaka 2026,Japan,Open Men,40-44,9,2,1:01:01,KOR
Osaka 2026,Japan,Open Men,16-24,10,3,1:01:07,KOR
Osaka 2026,Japan,Open Men,30-34,11,4,1:01:12,JPN
Osaka 2026,Japan,Open Men,35-39,12,1,1:01:12,BRA
Osaka 2026,Japan,Open Men,25-29,13,3,1:01:28,JPN
Osaka 2026,Japan,Open Men,40-44,14,3,1:01:29,KOR
Osaka 2026,Japan,Open Men,25-29,15,4,1:01:39,KOR
Osaka 2026,Japan,Open Men,25-29,16,5,1:01:45,KOR
Osaka 2026,Japan,Open Men,30-34,17,5,1:01:50,KOR
Osaka 2026,Japan,Open Men,35-39,18,2,1:01:51,SIN
Osaka 2026,Japan,Open Men,30-34,19,6,1:01:54,KOR
Osaka 2026,Japan,Open Men,30-34,20,7,1:01:57,KOR
Osaka 2026,Japan,Open Men,30-34,21,8,1:02:20,HKG
Osaka 2026,Japan,Open Men,16-24,22,4,1:02:34,KOR
Osaka 2026,Japan,Open Men,25-29,23,6,1:02:43,HUN
Osaka 2026,Japan,Open Men,25-29,24,7,1:03:10,HKG
Osaka 2026,Japan,Open Men,30-34,25,9,1:03:25,KOR
Osaka 2026,Japan,Open Men,35-39,26,3,1:03:31,HKG
Osaka 2026,Japan,Open Men,30-34,27,10,1:03:47,KOR
Osaka 2026,Japan,Open Men,40-44,28,4,1:03:47,JPN
Osaka 2026,Japan,Open Men,35-39,29,4,1:04:01,KOR
Osaka 2026,Japan,Open Men,30-34,30,11,1:04:04,FRA
Osaka 2026,Japan,Open Men,30-34,31,12,1:04:10,GBR
Osaka 2026,Japan,Open Men,35-39,32,5,1:04:11,KOR
Osaka 2026,Japan,Open Men,35-39,33,6,1:04:13,KOR
Osaka 2026,Japan,Open Men,25-29,34,8,1:04:14,JPN
Osaka 2026,Japan,Open Men,25-29,35,9,1:04:19,JPN
Osaka 2026,Japan,Open Men,25-29,36,10,1:04:21,JPN
Osaka 2026,Japan,Open Men,25-29,37,11,1:04:24,KOR
Osaka 2026,Japan,Open Men,30-34,38,13,1:04:29,KOR
Osaka 2026,Japan,Open Men,25-29,39,12,1:04:32,KOR
Osaka 2026,Japan,Open Men,30-34,40,14,1:04:38,NOR
Osaka 2026,Japan,Open Men,35-39,41,7,1:04:47,SIN
Osaka 2026,Japan,Open Men,35-39,42,8,1:04:52,POR
Osaka 2026,Japan,Open Men,30-34,43,15,1:04:57,HKG
Osaka 2026,Japan,Open Men,30-34,44,16,1:05:02,JPN
Osaka 2026,Japan,Open Men,30-34,45,17,1:05:06,KOR
Osaka 2026,Japan,Open Men,30-34,46,18,1:05:10,HKG
Osaka 2026,Japan,Open Men,25-29,47,13,1:05:34,KOR
Osaka 2026,Japan,Open Men,25-29,48,14,1:05:39,HKG
Osaka 2026,Japan,Open Men,25-29,49,15,1:05:52,KOR
Osaka 2026,Japan,Open Men,16-24,50,5,1:05:52,JPN
Osaka 2026,Japan,Open Men,30-34,51,19,1:05:53,EST
Osaka 2026,Japan,Open Men,30-34,52,20,1:05:58,USA
Osaka 2026,Japan,Open Men,25-29,53,16,1:06:04,JPN
Osaka 2026,Japan,Open Men,30-34,54,21,1:06:10,JPN
Osaka 2026,Japan,Open Men,30-34,55,22,1:06:17,JPN
Osaka 2026,Japan,Open Men,25-29,56,17,1:06:17,AUS
Osaka 2026,Japan,Open Men,30-34,57,23,1:06:27,JPN
Osaka 2026,Japan,Open Men,45-49,58,1,1:06:37,CAN
Osaka 2026,Japan,Open Men,25-29,59,18,1:06:40,JPN
Osaka 2026,Japan,Open Men,25-29,60,19,1:06:43,USA
Osaka 2026,Japan,Open Men,35-39,61,9,1:06:51,KOR
Osaka 2026,Japan,Open Men,30-34,62,24,1:06:57,USA
Osaka 2026,Japan,Open Men,30-34,63,25,1:06:58,JPN
Osaka 2026,Japan,Open Men,30-34,64,26,1:07:15,JPN
Osaka 2026,Japan,Open Men,25-29,65,20,1:07:29,KOR
Osaka 2026,Japan,Open Men,35-39,66,10,1:07:36,JPN
Osaka 2026,Japan,Open Men,30-34,67,27,1:07:38,INA
Osaka 2026,Japan,Open Men,25-29,68,21,1:07:40,NZL
Osaka 2026,Japan,Open Men,25-29,69,22,1:07:43,HKG
Osaka 2026,Japan,Open Men,25-29,70,23,1:07:44,KOR
Osaka 2026,Japan,Open Men,25-29,71,24,1:07:46,JPN
Osaka 2026,Japan,Open Men,25-29,72,25,1:07:49,
Osaka 2026,Japan,Open Men,30-34,73,28,1:07:50,JPN
Osaka 2026,Japan,Open Men,16-24,74,6,1:07:50,CHN
Osaka 2026,Japan,Open Men,30-34,75,29,1:07:53,JPN
Osaka 2026,Japan,Open Men,25-29,76,26,1:08:00,NED
Osaka 2026,Japan,Open Men,16-24,77,7,1:08:01,AUS
Osaka 2026,Japan,Open Men,40-44,78,5,1:08:02,JPN
Osaka 2026,Japan,Open Men,30-34,79,30,1:08:11,JPN
Osaka 2026,Japan,Open Men,16-24,80,8,1:08:13,NED
Osaka 2026,Japan,Open Men,25-29,81,27,1:08:25,JPN
Osaka 2026,Japan,Open Men,30-34,82,31,1:08:27,KOR
Osaka 2026,Japan,Open Men,35-39,83,11,1:08:32,
Osaka 2026,Japan,Open Men,35-39,84,12,1:08:38,GBR
Osaka 2026,Japan,Open Men,30-34,85,32,1:08:41,KOR
Osaka 2026,Japan,Open Men,40-44,86,6,1:08:44,THA
Osaka 2026,Japan,Open Men,30-34,87,33,1:08:44,JPN
Osaka 2026,Japan,Open Men,25-29,88,28,1:08:46,KOR
Osaka 2026,Japan,Open Men,25-29,89,29,1:08:54,JPN
Osaka 2026,Japan,Open Men,25-29,90,30,1:08:56,HKG
Osaka 2026,Japan,Open Men,35-39,91,13,1:08:58,KOR
Osaka 2026,Japan,Open Men,25-29,92,31,1:09:05,JPN
Osaka 2026,Japan,Open Men,16-24,93,9,1:09:12,KOR
Osaka 2026,Japan,Open Men,16-24,94,10,1:09:20,KOR
Osaka 2026,Japan,Open Men,16-24,95,11,1:09:32,KOR
Osaka 2026,Japan,Open Men,35-39,96,14,1:09:35,GER
Osaka 2026,Japan,Open Men,45-49,97,2,1:09:37,AUS
Osaka 2026,Japan,Open Men,25-29,98,32,1:09:39,JPN
Osaka 2026,Japan,Open Men,30-34,99,34,1:09:48,GBR
Osaka 2026,Japan,Open Men,35-39,100,15,1:09:49,FRA
Osaka 2026,Japan,Open Women,30-34,1,1,1:05:43,THA
Osaka 2026,Japan,Open Women,35-39,2,1,1:06:14,RUS
Osaka 2026,Japan,Open Women,40-44,3,1,1:07:12,JPN
Osaka 2026,Japan,Open Women,30-34,4,2,1:09:00,KOR
Osaka 2026,Japan,Open Women,30-34,5,3,1:09:11,GER
Osaka 2026,Japan,Open Women,45-49,6,1,1:10:16,SIN
Osaka 2026,Japan,Open Women,30-34,7,4,1:10:25,JPN
Osaka 2026,Japan,Open Women,16-24,8,1,1:11:14,JPN
Osaka 2026,Japan,Open Women,25-29,9,1,1:11:37,KOR
Osaka 2026,Japan,Open Women,30-34,10,5,1:12:20,JPN
Osaka 2026,Japan,Open Women,25-29,11,2,1:12:38,HKG
Osaka 2026,Japan,Open Women,35-39,12,2,1:12:48,KOR
Osaka 2026,Japan,Open Women,25-29,13,3,1:12:51,TPE
Osaka 2026,Japan,Open Women,45-49,14,2,1:12:52,JPN
Osaka 2026,Japan,Open Women,40-44,15,2,1:12:55,JPN
Osaka 2026,Japan,Open Women,45-49,16,3,1:13:57,JPN
Osaka 2026,Japan,Open Women,25-29,17,4,1:14:12,USA
Osaka 2026,Japan,Open Women,40-44,18,3,1:14:17,CHN
Osaka 2026,Japan,Open Women,25-29,19,5,1:14:45,HKG
Osaka 2026,Japan,Open Women,30-34,20,6,1:15:11,KOR
Osaka 2026,Japan,Open Women,30-34,21,7,1:15:44,PHI
Osaka 2026,Japan,Open Women,30-34,22,8,1:15:51,KOR
Osaka 2026,Japan,Open Women,25-29,23,6,1:16:24,KOR
Osaka 2026,Japan,Open Women,16-24,24,2,1:16:25,KOR
Osaka 2026,Japan,Open Women,25-29,25,7,1:16:32,JPN
Osaka 2026,Japan,Open Women,35-39,26,3,1:16:38,INA
Osaka 2026,Japan,Open Women,45-49,27,4,1:16:47,JPN
Osaka 2026,Japan,Open Women,25-29,28,8,1:17:17,JPN
Osaka 2026,Japan,Open Women,50-54,29,1,1:17:20,NED
Osaka 2026,Japan,Open Women,25-29,30,9,1:17:26,HKG
Osaka 2026,Japan,Open Women,25-29,31,10,1:17:28,JPN
Osaka 2026,Japan,Open Women,25-29,32,11,1:17:32,JPN
Osaka 2026,Japan,Open Women,16-24,33,3,1:17:39,KOR
Osaka 2026,Japan,Open Women,35-39,34,4,1:17:51,JPN
Osaka 2026,Japan,Open Women,25-29,35,12,1:17:56,JPN
Osaka 2026,Japan,Open Women,16-24,36,4,1:17:57,JPN
Osaka 2026,Japan,Open Women,25-29,37,13,1:18:09,JPN
Osaka 2026,Japan,Open Women,30-34,38,9,1:18:40,JPN
Osaka 2026,Japan,Open Women,25-29,39,14,1:18:43,JPN
Osaka 2026,Japan,Open Women,30-34,40,10,1:18:46,JPN
Osaka 2026,Japan,Open Women,25-29,41,15,1:18:52,KOR
Osaka 2026,Japan,Open Women,40-44,42,4,1:19:08,JPN
Osaka 2026,Japan,Open Women,25-29,43,16,1:19:11,KOR
Osaka 2026,Japan,Open Women,35-39,44,5,1:19:11,CHN
Osaka 2026,Japan,Open Women,35-39,45,6,1:19:32,CHN
Osaka 2026,Japan,Open Women,30-34,46,11,1:19:41,JPN
Osaka 2026,Japan,Open Women,25-29,47,17,1:20:18,JPN
Osaka 2026,Japan,Open Women,25-29,48,18,1:20:22,TUR
Osaka 2026,Japan,Open Women,50-54,49,2,1:20:37,JPN
Osaka 2026,Japan,Open Women,25-29,50,19,1:20:46,KOR
Osaka 2026,Japan,Open Women,40-44,51,5,1:20:52,JPN
Osaka 2026,Japan,Open Women,30-34,52,12,1:20:55,JPN
Osaka 2026,Japan,Open Women,16-24,53,5,1:21:00,USA
Osaka 2026,Japan,Open Women,40-44,54,6,1:21:14,HKG
Osaka 2026,Japan,Open Women,35-39,55,7,1:21:24,JPN
Osaka 2026,Japan,Open Women,25-29,56,20,1:21:37,AUS
Osaka 2026,Japan,Open Women,30-34,57,13,1:21:42,GBR
Osaka 2026,Japan,Open Women,35-39,58,8,1:21:57,SIN
Osaka 2026,Japan,Open Women,50-54,59,3,1:21:59,JPN
Osaka 2026,Japan,Open Women,25-29,60,21,1:22:06,CHN
Osaka 2026,Japan,Open Women,40-44,61,7,1:22:16,JPN
Osaka 2026,Japan,Open Women,25-29,62,22,1:22:23,JPN
Osaka 2026,Japan,Open Women,16-24,63,6,1:22:29,JPN
Osaka 2026,Japan,Open Women,30-34,64,14,1:22:35,KOR
Osaka 2026,Japan,Open Women,45-49,65,5,1:22:51,JPN
Osaka 2026,Japan,Open Women,40-44,66,8,1:22:56,JPN
Osaka 2026,Japan,Open Women,30-34,67,15,1:22:57,KOR
Osaka 2026,Japan,Open Women,30-34,68,16,1:23:02,JPN
Osaka 2026,Japan,Open Women,16-24,69,7,1:23:07,USA
Osaka 2026,Japan,Open Women,25-29,70,23,1:23:08,SIN
Osaka 2026,Japan,Open Women,35-39,71,9,1:23:22,CHN
Osaka 2026,Japan,Open Women,40-44,72,9,1:23:22,JPN
Osaka 2026,Japan,Open Women,30-34,73,17,1:23:26,JPN
Osaka 2026,Japan,Open Women,50-54,74,4,1:23:32,JPN
Osaka 2026,Japan,Open Women,35-39,75,10,1:23:32,JPN
Osaka 2026,Japan,Open Women,30-34,76,18,1:23:36,GBR
Osaka 2026,Japan,Open Women,16-24,77,8,1:23:41,USA
Osaka 2026,Japan,Open Women,35-39,78,11,1:23:49,HKG
Osaka 2026,Japan,Open Women,30-34,79,19,1:23:51,SUI
Osaka 2026,Japan,Open Women,40-44,80,10,1:24:00,HKG
Osaka 2026,Japan,Open Women,16-24,81,9,1:24:02,JPN
Osaka 2026,Japan,Open Women,25-29,82,24,1:24:09,USA
Osaka 2026,Japan,Open Women,30-34,83,20,1:24:13,GER
Osaka 2026,Japan,Open Women,30-34,84,21,1:24:15,SIN
Osaka 2026,Japan,Open Women,16-24,85,11,1:24:17,JPN
Osaka 2026,Japan,Open Women,16-24,86,10,1:24:17,JPN
Osaka 2026,Japan,Open Women,40-44,87,11,1:24:28,MAS
Osaka 2026,Japan,Open Women,40-44,88,12,1:24:35,JPN
Osaka 2026,Japan,Open Women,25-29,89,25,1:24:43,JPN
Osaka 2026,Japan,Open Women,40-44,90,13,1:24:45,KOR
Osaka 2026,Japan,Open Women,45-49,91,6,1:24:45,GBR
Osaka 2026,Japan,Open Women,30-34,92,23,1:24:53,JPN
Osaka 2026,Japan,Open Women,30-34,93,22,1:24:53,JPN
Osaka 2026,Japan,Open Women,16-24,94,12,1:24:55,AUS
Osaka 2026,Japan,Open Women,30-34,95,24,1:24:59,JPN
Osaka 2026,Japan,Open Women,30-34,96,25,1:25:11,JPN
Osaka 2026,Japan,Open Women,50-54,97,5,1:25:13,NOR
Osaka 2026,Japan,Open Women,35-39,98,12,1:25:14,JPN
Osaka 2026,Japan,Open Women,25-29,99,26,1:25:17,KOR
Osaka 2026,Japan,Open Women,25-29,100,27,1:25:18,GBR
Osaka 2026,Japan,Pro Men,25-29,1,1,1:02:51,AUS
Osaka 2026,Japan,Pro Men,30-34,2,1,1:03:18,KOR
Osaka 2026,Japan,Pro Men,25-29,3,2,1:03:21,JPN
Osaka 2026,Japan,Pro Men,25-29,4,3,1:03:46,AUS
Osaka 2026,Japan,Pro Men,16-24,5,1,1:04:05,AUS
Osaka 2026,Japan,Pro Men,25-29,6,4,1:04:12,NED
Osaka 2026,Japan,Pro Men,16-24,7,2,1:05:07,GBR
Osaka 2026,Japan,Pro Men,25-29,8,5,1:05:11,JPN
Osaka 2026,Japan,Pro Men,30-34,9,2,1:05:25,KOR
Osaka 2026,Japan,Pro Men,16-24,10,3,1:05:32,AUS
Osaka 2026,Japan,Pro Men,35-39,11,1,1:06:40,GBR
Osaka 2026,Japan,Pro Men,30-34,12,3,1:06:44,HKG
Osaka 2026,Japan,Pro Men,30-34,13,4,1:07:06,AUS
Osaka 2026,Japan,Pro Men,30-34,14,5,1:07:11,AUS
Osaka 2026,Japan,Pro Men,30-34,15,6,1:07:37,SWE
Osaka 2026,Japan,Pro Men,25-29,16,6,1:07:47,HKG
Osaka 2026,Japan,Pro Men,25-29,17,7,1:07:51,KOR
Osaka 2026,Japan,Pro Men,40-44,18,1,1:07:59,JPN
Osaka 2026,Japan,Pro Men,35-39,19,2,1:08:07,HKG
Osaka 2026,Japan,Pro Men,30-34,20,7,1:08:25,FRA
Osaka 2026,Japan,Pro Men,30-34,21,8,1:08:26,HKG
Osaka 2026,Japan,Pro Men,30-34,22,9,1:08:31,GER
Osaka 2026,Japan,Pro Men,40-44,23,2,1:08:37,JPN
Osaka 2026,Japan,Pro Men,25-29,24,8,1:08:44,AUS
Osaka 2026,Japan,Pro Men,30-34,25,10,1:09:01,AUS
Osaka 2026,Japan,Pro Men,30-34,26,11,1:09:04,JPN
Osaka 2026,Japan,Pro Men,25-29,27,9,1:09:10,KOR
Osaka 2026,Japan,Pro Men,40-44,28,3,1:09:15,JPN
Osaka 2026,Japan,Pro Men,35-39,29,3,1:09:16,KOR
Osaka 2026,Japan,Pro Men,30-34,30,12,1:09:32,JPN
Osaka 2026,Japan,Pro Men,35-39,31,4,1:09:47,TPE
Osaka 2026,Japan,Pro Men,35-39,32,5,1:09:56,JPN
Osaka 2026,Japan,Pro Men,25-29,33,10,1:10:05,KOR
Osaka 2026,Japan,Pro Men,35-39,34,6,1:10:32,KOR
Osaka 2026,Japan,Pro Men,16-24,35,4,1:10:49,CHN
Osaka 2026,Japan,Pro Men,35-39,36,7,1:10:49,JPN
Osaka 2026,Japan,Pro Men,30-34,37,13,1:10:52,TPE
Osaka 2026,Japan,Pro Men,30-34,38,14,1:10:56,PHI
Osaka 2026,Japan,Pro Men,40-44,39,4,1:10:59,GBR
Osaka 2026,Japan,Pro Men,25-29,40,11,1:11:02,FRA
Osaka 2026,Japan,Pro Men,25-29,41,12,1:11:07,JPN
Osaka 2026,Japan,Pro Men,25-29,42,13,1:11:21,JPN
Osaka 2026,Japan,Pro Men,30-34,43,15,1:11:23,AUS
Osaka 2026,Japan,Pro Men,16-24,44,5,1:11:49,AUS
Osaka 2026,Japan,Pro Men,25-29,45,14,1:11:50,JPN
Osaka 2026,Japan,Pro Men,25-29,46,15,1:11:57,JPN
Osaka 2026,Japan,Pro Men,35-39,47,8,1:12:30,TUR
Osaka 2026,Japan,Pro Men,30-34,48,16,1:12:36,KOR
Osaka 2026,Japan,Pro Men,25-29,49,16,1:12:42,KOR
Osaka 2026,Japan,Pro Men,40-44,50,5,1:12:47,JPN
Osaka 2026,Japan,Pro Men,16-24,51,6,1:12:58,NED
Osaka 2026,Japan,Pro Men,25-29,52,17,1:13:01,JPN
Osaka 2026,Japan,Pro Men,25-29,53,18,1:13:06,JPN
Osaka 2026,Japan,Pro Men,25-29,54,19,1:13:11,KOR
Osaka 2026,Japan,Pro Men,16-24,55,7,1:13:19,KOR
Osaka 2026,Japan,Pro Men,25-29,56,20,1:13:19,JPN
Osaka 2026,Japan,Pro Men,30-34,57,17,1:13:19,CHN
Osaka 2026,Japan,Pro Men,35-39,58,9,1:13:35,PHI
Osaka 2026,Japan,Pro Men,25-29,59,21,1:13:52,JPN
Osaka 2026,Japan,Pro Men,25-29,60,22,1:14:00,JPN
Osaka 2026,Japan,Pro Men,25-29,61,23,1:14:10,KOR
Osaka 2026,Japan,Pro Men,40-44,62,6,1:14:11,HKG
Osaka 2026,Japan,Pro Men,16-24,63,8,1:14:20,CHN
Osaka 2026,Japan,Pro Men,40-44,64,7,1:14:46,THA
Osaka 2026,Japan,Pro Men,30-34,65,18,1:14:51,KOR
Osaka 2026,Japan,Pro Men,40-44,66,8,1:15:12,HKG
Osaka 2026,Japan,Pro Men,25-29,67,24,1:15:19,JPN
Osaka 2026,Japan,Pro Men,30-34,68,19,1:15:20,USA
Osaka 2026,Japan,Pro Men,30-34,69,20,1:15:24,TPE
Osaka 2026,Japan,Pro Men,35-39,70,10,1:15:35,PHI
Osaka 2026,Japan,Pro Men,30-34,71,21,1:15:36,JPN
Osaka 2026,Japan,Pro Men,16-24,72,9,1:15:59,JPN
Osaka 2026,Japan,Pro Men,40-44,73,9,1:16:02,NED
Osaka 2026,Japan,Pro Men,35-39,74,11,1:16:06,JPN
Osaka 2026,Japan,Pro Men,45-49,75,1,1:16:07,JPN
Osaka 2026,Japan,Pro Men,35-39,76,12,1:16:07,JPN
Osaka 2026,Japan,Pro Men,30-34,77,22,1:16:11,JPN
Osaka 2026,Japan,Pro Men,25-29,78,25,1:16:21,JPN
Osaka 2026,Japan,Pro Men,30-34,79,23,1:16:47,JPN
Osaka 2026,Japan,Pro Men,25-29,80,26,1:16:50,NZL
Osaka 2026,Japan,Pro Men,30-34,81,24,1:16:55,AUS
Osaka 2026,Japan,Pro Men,25-29,82,27,1:17:02,KOR
Osaka 2026,Japan,Pro Men,25-29,83,28,1:17:03,JPN
Osaka 2026,Japan,Pro Men,30-34,84,25,1:17:05,MAS
Osaka 2026,Japan,Pro Men,16-24,85,10,1:17:18,KOR
Osaka 2026,Japan,Pro Men,25-29,86,29,1:17:24,JPN
Osaka 2026,Japan,Pro Men,30-34,87,26,1:17:51,GBR
Osaka 2026,Japan,Pro Men,35-39,88,13,1:18:01,JPN
Osaka 2026,Japan,Pro Men,35-39,89,14,1:18:09,KOR
Osaka 2026,Japan,Pro Men,35-39,90,15,1:18:27,AUS
Osaka 2026,Japan,Pro Men,35-39,91,16,1:18:39,SUI
Osaka 2026,Japan,Pro Men,40-44,92,10,1:18:42,JPN
Osaka 2026,Japan,Pro Men,16-24,93,11,1:18:53,JPN
Osaka 2026,Japan,Pro Men,45-49,94,2,1:18:55,CHN
Osaka 2026,Japan,Pro Men,35-39,95,17,1:19:05,BRA
Osaka 2026,Japan,Pro Men,16-24,96,12,1:19:06,KOR
Osaka 2026,Japan,Pro Men,30-34,97,27,1:19:06,JPN
Osaka 2026,Japan,Pro Men,35-39,98,18,1:19:28,MAS
Osaka 2026,Japan,Pro Men,40-44,99,11,1:19:30,ITA
Osaka 2026,Japan,Pro Men,25-29,100,30,1:19:44,JPN
Osaka 2026,Japan,Pro Women,25-29,1,1,1:06:09,ITA
Osaka 2026,Japan,Pro Women,30-34,2,1,1:06:24,JPN
Osaka 2026,Japan,Pro Women,30-34,3,2,1:06:42,NOR
Osaka 2026,Japan,Pro Women,40-44,4,1,1:07:21,JPN
Osaka 2026,Japan,Pro Women,16-24,5,1,1:10:43,AUS
Osaka 2026,Japan,Pro Women,30-34,6,3,1:11:13,SIN
Osaka 2026,Japan,Pro Women,30-34,7,4,1:12:15,KOR
Osaka 2026,Japan,Pro Women,25-29,8,2,1:13:16,MEX
Osaka 2026,Japan,Pro Women,30-34,9,5,1:13:41,GBR
Osaka 2026,Japan,Pro Women,25-29,10,3,1:14:26,PHI
Osaka 2026,Japan,Pro Women,30-34,11,6,1:14:48,JPN
Osaka 2026,Japan,Pro Women,30-34,12,7,1:14:53,JPN
Osaka 2026,Japan,Pro Women,30-34,13,8,1:15:09,AUS
Osaka 2026,Japan,Pro Women,16-24,14,2,1:15:26,AUS
Osaka 2026,Japan,Pro Women,25-29,15,4,1:15:45,NZL
Osaka 2026,Japan,Pro Women,35-39,16,1,1:16:09,JPN
Osaka 2026,Japan,Pro Women,40-44,17,2,1:16:29,CHN
Osaka 2026,Japan,Pro Women,25-29,18,5,1:16:33,TPE
Osaka 2026,Japan,Pro Women,30-34,19,9,1:16:56,THA
Osaka 2026,Japan,Pro Women,30-34,20,10,1:17:02,HKG
Osaka 2026,Japan,Pro Women,25-29,21,6,1:17:18,USA
Osaka 2026,Japan,Pro Women,40-44,22,3,1:17:28,USA
Osaka 2026,Japan,Pro Women,30-34,23,11,1:18:03,HKG
Osaka 2026,Japan,Pro Women,35-39,24,2,1:18:29,TPE
Osaka 2026,Japan,Pro Women,40-44,25,4,1:20:25,CZE
Osaka 2026,Japan,Pro Women,25-29,26,7,1:20:37,JPN
Osaka 2026,Japan,Pro Women,16-24,27,3,1:20:45,THA
Osaka 2026,Japan,Pro Women,30-34,28,12,1:20:49,JPN
Osaka 2026,Japan,Pro Women,35-39,29,3,1:20:55,RUS
Osaka 2026,Japan,Pro Women,25-29,30,8,1:22:00,HKG
Osaka 2026,Japan,Pro Women,16-24,31,4,1:22:25,KOR
Osaka 2026,Japan,Pro Women,40-44,32,5,1:22:26,JPN
Osaka 2026,Japan,Pro Women,35-39,33,4,1:22:39,KOR
Osaka 2026,Japan,Pro Women,45-49,34,1,1:22:54,JPN
Osaka 2026,Japan,Pro Women,50-54,35,1,1:23:37,JPN
Osaka 2026,Japan,Pro Women,40-44,36,6,1:23:39,CHN
Osaka 2026,Japan,Pro Women,25-29,37,9,1:23:55,HKG
Osaka 2026,Japan,Pro Women,16-24,38,5,1:26:13,CHN
Osaka 2026,Japan,Pro Women,35-39,39,5,1:26:28,HKG
Osaka 2026,Japan,Pro Women,45-49,40,2,1:26:51,JPN
Osaka 2026,Japan,Pro Women,25-29,41,10,1:27:14,JPN
Osaka 2026,Japan,Pro Women,25-29,42,11,1:27:15,HKG
Osaka 2026,Japan,Pro Women,55-59,43,1,1:27:32,JPN
Osaka 2026,Japan,Pro Women,30-34,44,13,1:28:00,JPN
Osaka 2026,Japan,Pro Women,30-34,45,14,1:28:16,MAS
Osaka 2026,Japan,Pro Women,25-29,46,12,1:28:21,AUS
Osaka 2026,Japan,Pro Women,40-44,47,7,1:29:46,TPE
Osaka 2026,Japan,Pro Women,25-29,48,13,1:30:54,CHN
Osaka 2026,Japan,Pro Women,30-34,49,15,1:30:55,JPN
Osaka 2026,Japan,Pro Women,30-34,50,16,1:31:41,HKG
Osaka 2026,Japan,Pro Women,55-59,51,2,1:31:47,HKG
Osaka 2026,Japan,Pro Women,16-24,52,6,1:32:44,SIN
Osaka 2026,Japan,Pro Women,45-49,53,3,1:34:26,JPN
Osaka 2026,Japan,Pro Women,30-34,54,17,1:34:36,GRE
Osaka 2026,Japan,Pro Women,30-34,55,18,1:35:22,CHN
Osaka 2026,Japan,Pro Women,16-24,56,7,1:36:56,JPN
Osaka 2026,Japan,Pro Women,35-39,57,6,1:37:11,PHI
Osaka 2026,Japan,Pro Women,40-44,58,8,1:37:32,JPN
Osaka 2026,Japan,Pro Women,25-29,59,14,1:39:58,JPN
Osaka 2026,Japan,Pro Women,30-34,60,19,1:40:57,RUS
Osaka 2026,Japan,Pro Women,30-34,61,20,1:41:59,JPN
Osaka 2026,Japan,Pro Women,50-54,62,2,1:44:24,JPN
Osaka 2026,Japan,Pro Women,25-29,63,15,1:44:37,JPN
Osaka 2026,Japan,Pro Women,35-39,64,7,1:44:50,JPN
Osaka 2026,Japan,Pro Women,30-34,65,21,1:44:53,JPN
Osaka 2026,Japan,Pro Women,45-49,66,4,1:45:04,JPN
Osaka 2026,Japan,Pro Women,30-34,67,22,1:46:16,BRA
Osaka 2026,Japan,Pro Women,50-54,68,3,1:46:31,THA
Osaka 2026,Japan,Pro Women,50-54,69,4,1:47:46,HKG
Osaka 2026,Japan,Pro Women,25-29,70,16,1:50:36,JPN
Osaka 2026,Japan,Pro Women,40-44,71,9,1:55:03,SIN
Osaka 2026,Japan,Pro Women,55-59,72,3,1:56:48,HKG
Osaka 2026,Japan,Pro Women,30-34,73,23,1:56:56,JPN
Osaka 2026,Japan,Pro Women,30-34,74,24,1:58:23,KOR
Osaka 2026,Japan,Pro Women,16-24,75,8,1:58:46,JPN
Osaka 2026,Japan,Pro Women,50-54,76,5,1:59:09,HKG
Osaka 2026,Japan,Pro Women,35-39,77,8,1:59:30,JPN
Osaka 2026,Japan,Pro Women,30-34,78,25,2:01:22,JPN
Osaka 2026,Japan,Pro Women,50-54,79,6,2:02:58,USA
Osaka 2026,Japan,Pro Women,50-54,80,7,2:03:19,JPN
Osaka 2026,Japan,Pro Women,35-39,81,9,2:03:35,JPN
Osaka 2026,Japan,Pro Women,30-34,82,26,2:33:20,JPN
