race_name,race_country,race_category,age_category,overall_rank,ag_rank,finish_time,nationality
Beijing 2026,China,Open Men,35-39,1,1,0:57:41,CHN
Beijing 2026,China,Open Men,30-34,2,1,0:57:45,GER
Beijing 2026,China,Open Men,30-34,3,2,0:58:26,CHN
Beijing 2026,China,Open Men,30-34,4,3,0:58:50,NZL
Beijing 2026,China,Open Men,40-44,5,1,0:59:02,CHN
Beijing 2026,China,Open Men,25-29,6,1,0:59:04,HUN
Beijing 2026,China,Open Men,30-34,7,4,0:59:29,CHN
Beijing 2026,China,Open Men,35-39,8,2,0:59:30,CHN
Beijing 2026,China,Open Men,16-24,9,1,0:59:59,KOR
Beijing 2026,China,Open Men,25-29,10,2,1:00:17,KOR
Beijing 2026,China,Open Men,30-34,11,5,1:00:40,HKG
Beijing 2026,China,Open Men,25-29,12,3,1:00:45,CHN
Beijing 2026,China,Open Men,30-34,13,6,1:00:46,CHN
Beijing 2026,China,Open Men,25-29,14,4,1:00:56,CHN
Beijing 2026,China,Open Men,40-44,15,2,1:00:57,CHN
Beijing 2026,China,Open Men,30-34,16,7,1:01:07,CHN
Beijing 2026,China,Open Men,16-24,17,2,1:01:31,KOR
Beijing 2026,China,Open Men,25-29,18,5,1:01:40,CHN
Beijing 2026,China,Open Men,16-24,19,3,1:01:41,CHN
Beijing 2026,China,Open Men,25-29,20,6,1:02:00,CHN
Beijing 2026,China,Open Men,30-34,21,8,1:02:08,CHN
Beijing 2026,China,Open Men,25-29,22,7,1:02:13,KOR
Beijing 2026,China,Open Men,30-34,23,9,1:02:21,CHN
Beijing 2026,China,Open Men,30-34,24,10,1:02:40,MAS
Beijing 2026,China,Open Men,35-39,25,3,1:02:41,CHN
Beijing 2026,China,Open Men,35-39,26,4,1:02:42,CHN
Beijing 2026,China,Open Men,30-34,27,11,1:02:42,AUS
Beijing 2026,China,Open Men,35-39,28,5,1:03:01,CHN
Beijing 2026,China,Open Men,30-34,29,12,1:03:10,CHN
Beijing 2026,China,Open Men,25-29,30,8,1:03:12,CHN
Beijing 2026,China,Open Men,40-44,31,3,1:03:28,CHN
Beijing 2026,China,Open Men,35-39,32,6,1:03:32,USA
Beijing 2026,China,Open Men,35-39,33,7,1:04:14,CHN
Beijing 2026,China,Open Men,35-39,34,8,1:04:27,KOR
Beijing 2026,China,Open Men,25-29,35,9,1:04:28,CHN
Beijing 2026,China,Open Men,16-24,36,4,1:04:38,CHN
Beijing 2026,China,Open Men,35-39,37,9,1:05:01,CHN
Beijing 2026,China,Open Men,35-39,38,10,1:05:33,CHN
Beijing 2026,China,Open Men,35-39,39,11,1:05:35,CHN
Beijing 2026,China,Open Men,45-49,40,1,1:05:43,CHN
Beijing 2026,China,Open Men,25-29,41,10,1:05:45,MGL
Beijing 2026,China,Open Men,45-49,42,2,1:06:00,HKG
Beijing 2026,China,Open Men,25-29,43,11,1:06:03,CHN
Beijing 2026,China,Open Men,35-39,44,12,1:06:12,DEN
Beijing 2026,China,Open Men,40-44,45,4,1:06:22,CHN
Beijing 2026,China,Open Men,25-29,46,12,1:06:41,CHN
Beijing 2026,China,Open Men,30-34,47,13,1:06:49,CHN
Beijing 2026,China,Open Men,30-34,48,14,1:06:57,CHN
Beijing 2026,China,Open Men,25-29,49,13,1:06:58,CHN
Beijing 2026,China,Open Men,16-24,50,5,1:07:09,CHN
Beijing 2026,China,Open Men,30-34,51,15,1:07:32,CHN
Beijing 2026,China,Open Men,35-39,52,13,1:07:37,ITA
Beijing 2026,China,Open Men,25-29,53,14,1:07:37,CHN
Beijing 2026,China,Open Men,40-44,54,5,1:07:50,USA
Beijing 2026,China,Open Men,30-34,55,16,1:07:59,CHN
Beijing 2026,China,Open Men,40-44,56,6,1:08:02,CHN
Beijing 2026,China,Open Men,25-29,57,15,1:08:04,CHN
Beijing 2026,China,Open Men,25-29,58,16,1:08:08,KOR
Beijing 2026,China,Open Men,25-29,59,17,1:08:12,CHN
Beijing 2026,China,Open Men,16-24,60,6,1:08:13,CHN
Beijing 2026,China,Open Men,25-29,61,18,1:08:16,CHN
Beijing 2026,China,Open Men,30-34,62,17,1:08:22,MAS
Beijing 2026,China,Open Men,30-34,63,18,1:08:25,CHN
Beijing 2026,China,Open Men,25-29,64,19,1:08:26,CHN
Beijing 2026,China,Open Men,30-34,65,19,1:08:28,CHN
Beijing 2026,China,Open Men,30-34,66,20,1:08:31,CHN
Beijing 2026,China,Open Men,30-34,67,21,1:08:34,KOR
Beijing 2026,China,Open Men,45-49,68,3,1:08:35,GBR
Beijing 2026,China,Open Men,25-29,69,20,1:08:55,CHN
Beijing 2026,China,Open Men,35-39,70,14,1:08:58,CHN
Beijing 2026,China,Open Men,16-24,71,7,1:08:59,CHN
Beijing 2026,China,Open Men,30-34,72,22,1:09:00,CHN
Beijing 2026,China,Open Men,30-34,73,23,1:09:14,CHN
Beijing 2026,China,Open Men,35-39,74,15,1:09:20,CHN
Beijing 2026,China,Open Men,30-34,75,24,1:09:29,CHN
Beijing 2026,China,Open Men,35-39,76,16,1:09:31,CHN
Beijing 2026,China,Open Men,30-34,77,25,1:09:34,CHN
Beijing 2026,China,Open Men,16-24,78,8,1:09:34,CHN
Beijing 2026,China,Open Men,40-44,79,7,1:09:40,CHN
Beijing 2026,China,Open Men,16-24,80,9,1:09:47,CHN
Beijing 2026,China,Open Men,16-24,81,10,1:09:49,THA
Beijing 2026,China,Open Men,30-34,82,26,1:09:50,HKG
Beijing 2026,China,Open Men,35-39,83,17,1:09:51,CHN
Beijing 2026,China,Open Men,35-39,84,18,1:09:58,CHN
Beijing 2026,China,Open Men,30-34,85,27,1:10:02,CHN
Beijing 2026,China,Open Men,35-39,86,19,1:10:05,SIN
Beijing 2026,China,Open Men,25-29,87,21,1:10:08,CHN
Beijing 2026,China,Open Men,35-39,88,20,1:10:09,CHN
Beijing 2026,China,Open Men,30-34,89,28,1:10:10,CHN
Beijing 2026,China,Open Men,35-39,90,21,1:10:17,CHN
Beijing 2026,China,Open Men,35-39,91,22,1:10:20,MGL
Beijing 2026,China,Open Men,25-29,92,22,1:10:23,CHN
Beijing 2026,China,Open Men,35-39,93,23,1:10:24,CHN
Beijing 2026,China,Open Men,40-44,94,8,1:10:27,GBR
Beijing 2026,China,Open Men,40-44,95,9,1:10:28,HKG
Beijing 2026,China,Open Men,35-39,96,24,1:10:28,CHN
Beijing 2026,China,Open Men,40-44,97,10,1:10:34,CHN
Beijing 2026,China,Open Men,25-29,98,23,1:10:35,IRL
Beijing 2026,China,Open Men,30-34,99,29,1:10:36,CHN
Beijing 2026,China,Open Men,30-34,100,30,1:10:38,CHN
Beijing 2026,China,Pro Men,30-34,1,1,0:55:56,USA
Beijing 2026,China,Pro Men,30-34,2,2,0:56:51,ENG
Beijing 2026,China,Pro Men,30-34,3,3,0:57:13,FRA
Beijing 2026,China,Pro Men,25-29,4,1,0:59:59,CHN
Beijing 2026,China,Pro Men,25-29,5,2,1:00:26,JPN
Beijing 2026,China,Pro Men,30-34,6,4,1:00:39,GBR
Beijing 2026,China,Pro Men,40-44,7,1,1:01:33,CHN
Beijing 2026,China,Pro Men,35-39,8,1,1:01:40,AUS
Beijing 2026,China,Pro Men,30-34,9,5,1:01:59,CHN
Beijing 2026,China,Pro Men,25-29,10,3,1:02:23,CHN
Beijing 2026,China,Pro Men,30-34,11,6,1:02:31,KOR
Beijing 2026,China,Pro Men,25-29,12,4,1:02:33,AUS
Beijing 2026,China,Pro Men,30-34,13,7,1:02:52,CHN
Beijing 2026,China,Pro Men,30-34,14,8,1:03:04,NZL
Beijing 2026,China,Pro Men,25-29,15,5,1:03:07,CHN
Beijing 2026,China,Pro Men,35-39,16,2,1:03:28,JPN
Beijing 2026,China,Pro Men,16-24,17,1,1:03:35,GBR
Beijing 2026,China,Pro Men,35-39,18,3,1:03:45,AUS
Beijing 2026,China,Pro Men,30-34,19,9,1:04:03,CHN
Beijing 2026,China,Pro Men,30-34,20,10,1:04:11,CHN
Beijing 2026,China,Pro Men,16-24,21,2,1:04:32,KOR
Beijing 2026,China,Pro Men,30-34,22,11,1:04:47,CHN
Beijing 2026,China,Pro Men,25-29,23,6,1:04:52,CHN
Beijing 2026,China,Pro Men,25-29,24,7,1:05:17,KOR
Beijing 2026,China,Pro Men,30-34,25,12,1:05:19,KOR
Beijing 2026,China,Pro Men,40-44,26,2,1:05:58,GER
Beijing 2026,China,Pro Men,16-24,27,3,1:06:04,KOR
Beijing 2026,China,Pro Men,25-29,28,8,1:06:16,CHN
Beijing 2026,China,Pro Men,30-34,29,13,1:06:27,GER
Beijing 2026,China,Pro Men,16-24,30,4,1:06:34,AUS
Beijing 2026,China,Pro Men,35-39,31,4,1:06:40,VIE
Beijing 2026,China,Pro Men,16-24,32,5,1:06:55,NZL
Beijing 2026,China,Pro Men,30-34,33,14,1:06:56,KOR
Beijing 2026,China,Pro Men,35-39,34,5,1:07:05,SIN
Beijing 2026,China,Pro Men,30-34,35,15,1:07:08,HKG
Beijing 2026,China,Pro Men,30-34,36,16,1:07:24,KOR
Beijing 2026,China,Pro Men,40-44,37,3,1:07:33,BRA
Beijing 2026,China,Pro Men,30-34,38,17,1:07:41,UKR
Beijing 2026,China,Pro Men,35-39,39,6,1:07:42,
Beijing 2026,China,Pro Men,25-29,40,9,1:07:52,CHN
Beijing 2026,China,Pro Men,30-34,41,18,1:08:00,KOR
Beijing 2026,China,Pro Men,30-34,42,19,1:08:01,CHN
Beijing 2026,China,Pro Men,35-39,43,7,1:08:08,RSA
Beijing 2026,China,Pro Men,35-39,44,8,1:08:24,CHN
Beijing 2026,China,Pro Men,35-39,45,9,1:08:54,CHN
Beijing 2026,China,Pro Men,40-44,46,4,1:09:14,USA
Beijing 2026,China,Pro Men,35-39,47,10,1:09:37,RSA
Beijing 2026,China,Pro Men,40-44,48,5,1:10:15,AUT
Beijing 2026,China,Pro Men,30-34,49,20,1:10:52,CHN
Beijing 2026,China,Pro Men,35-39,50,11,1:11:02,KOR
Beijing 2026,China,Pro Men,30-34,51,21,1:11:08,KOR
Beijing 2026,China,Pro Men,30-34,52,22,1:11:28,CHN
Beijing 2026,China,Pro Men,35-39,53,12,1:11:33,CHN
Beijing 2026,China,Pro Men,16-24,54,6,1:11:40,CHN
Beijing 2026,China,Pro Men,25-29,55,10,1:11:47,CHN
Beijing 2026,China,Pro Men,40-44,56,6,1:11:47,POR
Beijing 2026,China,Pro Men,30-34,57,23,1:11:52,KOR
Beijing 2026,China,Pro Men,16-24,58,7,1:12:09,NZL
Beijing 2026,China,Pro Men,25-29,59,11,1:12:22,CHN
Beijing 2026,China,Pro Men,30-34,60,24,1:12:23,CHN
Beijing 2026,China,Pro Men,16-24,61,8,1:12:50,KOR
Beijing 2026,China,Pro Men,35-39,62,13,1:13:17,KOR
Beijing 2026,China,Pro Men,35-39,63,14,1:13:17,CHN
Beijing 2026,China,Pro Men,30-34,64,25,1:13:31,CHN
Beijing 2026,China,Pro Men,30-34,65,26,1:13:39,CHN
Beijing 2026,China,Pro Men,30-34,66,27,1:13:44,CHN
Beijing 2026,China,Pro Men,30-34,67,28,1:13:50,KOR
Beijing 2026,China,Pro Men,25-29,68,12,1:13:52,ITA
Beijing 2026,China,Pro Men,30-34,69,29,1:14:18,JPN
Beijing 2026,China,Pro Men,30-34,70,30,1:14:27,KOR
Beijing 2026,China,Pro Men,35-39,71,15,1:14:30,CHN
Beijing 2026,China,Pro Men,40-44,72,7,1:14:33,KOR
Beijing 2026,China,Pro Men,35-39,73,16,1:14:33,PHI
Beijing 2026,China,Pro Men,30-34,74,31,1:14:35,GBR
Beijing 2026,China,Pro Men,30-34,75,32,1:15:04,CHN
Beijing 2026,China,Pro Men,45-49,76,1,1:15:17,CHN
Beijing 2026,China,Pro Men,45-49,77,2,1:15:19,AUS
Beijing 2026,China,Pro Men,25-29,78,13,1:15:27,CHN
Beijing 2026,China,Pro Men,16-24,79,9,1:15:30,CHN
Beijing 2026,China,Pro Men,50-54,80,1,1:15:44,AUS
Beijing 2026,China,Pro Men,16-24,81,10,1:15:47,KOR
Beijing 2026,China,Pro Men,25-29,82,14,1:16:12,CHN
Beijing 2026,China,Pro Men,30-34,83,33,1:16:21,HKG
Beijing 2026,China,Pro Men,35-39,84,17,1:16:42,JPN
Beijing 2026,China,Pro Men,30-34,85,35,1:17:03,CHN
Beijing 2026,China,Pro Men,30-34,86,34,1:17:03,CHN
Beijing 2026,China,Pro Men,30-34,87,36,1:17:08,CHN
Beijing 2026,China,Pro Men,25-29,88,15,1:17:10,CHN
Beijing 2026,China,Pro Men,25-29,89,16,1:17:15,CHN
Beijing 2026,China,Pro Men,25-29,90,17,1:17:17,CHN
Beijing 2026,China,Pro Men,40-44,91,8,1:17:28,CHN
Beijing 2026,China,Pro Men,30-34,92,37,1:17:30,CHN
Beijing 2026,China,Pro Men,30-34,93,38,1:17:48,CHN
Beijing 2026,China,Pro Men,45-49,94,3,1:17:49,NED
Beijing 2026,China,Pro Men,35-39,95,18,1:17:55,GER
Beijing 2026,China,Pro Men,30-34,96,39,1:18:08,CHN
Beijing 2026,China,Pro Men,40-44,97,9,1:18:11,CHN
Beijing 2026,China,Pro Men,35-39,98,19,1:18:19,CHN
Beijing 2026,China,Pro Men,40-44,99,10,1:18:39,AUS
Beijing 2026,China,Pro Men,30-34,100,40,1:18:39,CHN
Beijing 2026,China,Open Women,30-34,1,1,1:00:11,CHN
Beijing 2026,China,Open Women,25-29,2,1,1:00:21,CHN
Beijing 2026,China,Open Women,25-29,3,2,1:04:23,CHN
Beijing 2026,China,Open Women,25-29,4,3,1:04:40,CHN
Beijing 2026,China,Open Women,35-39,5,1,1:06:39,SIN
Beijing 2026,China,Open Women,25-29,6,4,1:06:52,CHN
Beijing 2026,China,Open Women,35-39,7,2,1:07:18,CHN
Beijing 2026,China,Open Women,16-24,8,1,1:07:35,KOR
Beijing 2026,China,Open Women,25-29,9,5,1:08:17,CHN
Beijing 2026,China,Open Women,35-39,10,3,1:08:19,CHN
Beijing 2026,China,Open Women,35-39,11,4,1:08:22,CHN
Beijing 2026,China,Open Women,35-39,12,5,1:08:33,CHN
Beijing 2026,China,Open Women,25-29,13,6,1:08:48,CHN
Beijing 2026,China,Open Women,25-29,14,7,1:08:56,USA
Beijing 2026,China,Open Women,25-29,15,8,1:08:56,CHN
Beijing 2026,China,Open Women,25-29,16,9,1:08:58,JPN
Beijing 2026,China,Open Women,45-49,17,1,1:09:20,CHN
Beijing 2026,China,Open Women,30-34,18,2,1:09:37,KOR
Beijing 2026,China,Open Women,25-29,19,10,1:10:07,CHN
Beijing 2026,China,Open Women,35-39,20,6,1:10:41,CHN
Beijing 2026,China,Open Women,35-39,21,7,1:11:51,GBR
Beijing 2026,China,Open Women,45-49,22,2,1:12:18,CHN
Beijing 2026,China,Open Women,25-29,23,11,1:12:41,CHN
Beijing 2026,China,Open Women,35-39,24,8,1:12:43,CHN
Beijing 2026,China,Open Women,35-39,25,9,1:13:06,CHN
Beijing 2026,China,Open Women,40-44,26,1,1:13:10,CHN
Beijing 2026,China,Open Women,35-39,27,10,1:13:13,CHN
Beijing 2026,China,Open Women,40-44,28,2,1:13:23,CHN
Beijing 2026,China,Open Women,40-44,29,3,1:13:59,CHN
Beijing 2026,China,Open Women,35-39,30,11,1:14:00,
Beijing 2026,China,Open Women,25-29,31,12,1:14:07,USA
Beijing 2026,China,Open Women,25-29,32,13,1:14:19,CHN
Beijing 2026,China,Open Women,35-39,33,12,1:14:23,CHN
Beijing 2026,China,Open Women,35-39,34,13,1:14:24,CHN
Beijing 2026,China,Open Women,30-34,35,3,1:14:34,TPE
Beijing 2026,China,Open Women,25-29,36,14,1:14:44,CHN
Beijing 2026,China,Open Women,40-44,37,4,1:14:49,CHN
Beijing 2026,China,Open Women,30-34,38,4,1:15:15,CHN
Beijing 2026,China,Open Women,25-29,39,15,1:15:16,CHN
Beijing 2026,China,Open Women,25-29,40,16,1:15:23,THA
Beijing 2026,China,Open Women,35-39,41,14,1:15:31,CHN
Beijing 2026,China,Open Women,35-39,42,16,1:15:33,CHN
Beijing 2026,China,Open Women,35-39,43,15,1:15:33,CHN
Beijing 2026,China,Open Women,16-24,44,2,1:15:34,CHN
Beijing 2026,China,Open Women,40-44,45,5,1:15:47,CHN
Beijing 2026,China,Open Women,30-34,46,5,1:16:11,CHN
Beijing 2026,China,Open Women,30-34,47,6,1:16:38,CHN
Beijing 2026,China,Open Women,35-39,48,17,1:16:45,CHN
Beijing 2026,China,Open Women,30-34,49,7,1:16:52,KOR
Beijing 2026,China,Open Women,25-29,50,17,1:16:55,GER
Beijing 2026,China,Open Women,30-34,51,8,1:16:56,CHN
Beijing 2026,China,Open Women,40-44,52,6,1:17:22,CHN
Beijing 2026,China,Open Women,25-29,53,18,1:17:23,CHN
Beijing 2026,China,Open Women,30-34,54,9,1:17:24,CHN
Beijing 2026,China,Open Women,60-64,55,1,1:17:29,CHN
Beijing 2026,China,Open Women,25-29,56,19,1:17:30,CHN
Beijing 2026,China,Open Women,35-39,57,18,1:17:52,CHN
Beijing 2026,China,Open Women,40-44,58,8,1:17:54,CHN
Beijing 2026,China,Open Women,40-44,59,7,1:17:54,CHN
Beijing 2026,China,Open Women,40-44,60,9,1:18:00,CHN
Beijing 2026,China,Open Women,30-34,61,10,1:18:07,INA
Beijing 2026,China,Open Women,45-49,62,3,1:18:07,PHI
Beijing 2026,China,Open Women,30-34,63,11,1:18:24,CHN
Beijing 2026,China,Open Women,50-54,64,1,1:18:24,CHN
Beijing 2026,China,Open Women,35-39,65,19,1:18:31,SIN
Beijing 2026,China,Open Women,30-34,66,12,1:18:38,CHN
Beijing 2026,China,Open Women,25-29,67,20,1:18:43,CHN
Beijing 2026,China,Open Women,45-49,68,4,1:18:44,KOR
Beijing 2026,China,Open Women,30-34,69,13,1:18:46,HKG
Beijing 2026,China,Open Women,40-44,70,10,1:18:47,CHN
Beijing 2026,China,Open Women,35-39,71,20,1:18:55,CHN
Beijing 2026,China,Open Women,35-39,72,21,1:19:14,CHN
Beijing 2026,China,Open Women,30-34,73,14,1:19:24,CHN
Beijing 2026,China,Open Women,35-39,74,22,1:19:35,CHN
Beijing 2026,China,Open Women,30-34,75,15,1:19:41,CHN
Beijing 2026,China,Open Women,35-39,76,23,1:20:00,CHN
Beijing 2026,China,Open Women,40-44,77,11,1:20:04,KOR
Beijing 2026,China,Open Women,16-24,78,3,1:20:08,CHN
Beijing 2026,China,Open Women,30-34,79,16,1:20:10,CHN
Beijing 2026,China,Open Women,30-34,80,17,1:20:13,CHN
Beijing 2026,China,Open Women,35-39,81,24,1:20:16,CHN
Beijing 2026,China,Open Women,30-34,82,19,1:20:23,CHN
Beijing 2026,China,Open Women,30-34,83,18,1:20:23,CHN
Beijing 2026,China,Open Women,35-39,84,25,1:20:23,CHN
Beijing 2026,China,Open Women,35-39,85,26,1:20:27,KOR
Beijing 2026,China,Open Women,40-44,86,12,1:20:37,CHN
Beijing 2026,China,Open Women,25-29,87,21,1:20:44,CHN
Beijing 2026,China,Open Women,30-34,88,20,1:20:48,CHN
Beijing 2026,China,Open Women,40-44,89,13,1:20:50,CHN
Beijing 2026,China,Open Women,16-24,90,4,1:20:55,CHN
Beijing 2026,China,Open Women,35-39,91,27,1:21:07,CHN
Beijing 2026,China,Open Women,40-44,92,14,1:21:07,CHN
Beijing 2026,China,Open Women,25-29,93,23,1:21:09,THA
Beijing 2026,China,Open Women,25-29,94,22,1:21:09,CHN
Beijing 2026,China,Open Women,40-44,95,15,1:21:20,CHN
Beijing 2026,China,Open Women,30-34,96,21,1:21:21,CHN
Beijing 2026,China,Open Women,40-44,97,16,1:21:24,CHN
Beijing 2026,China,Open Women,55-59,98,1,1:21:38,CHN
Beijing 2026,China,Open Women,30-34,99,22,1:21:50,CHN
Beijing 2026,China,Open Women,25-29,100,24,1:22:01,CHN
Beijing 2026,China,Pro Women,35-39,1,1,1:02:08,USA
Beijing 2026,China,Pro Women,40-44,2,1,1:04:52,JPN
Beijing 2026,China,Pro Women,30-34,3,1,1:05:13,HKG
Beijing 2026,China,Pro Women,40-44,4,2,1:06:05,GBR
Beijing 2026,China,Pro Women,25-29,5,1,1:06:35,ITA
Beijing 2026,China,Pro Women,25-29,6,2,1:07:17,CHN
Beijing 2026,China,Pro Women,25-29,7,3,1:08:49,KOR
Beijing 2026,China,Pro Women,30-34,8,2,1:09:01,CHN
Beijing 2026,China,Pro Women,30-34,9,3,1:09:03,CHN
Beijing 2026,China,Pro Women,30-34,10,4,1:09:16,MAR
Beijing 2026,China,Pro Women,35-39,11,2,1:09:28,CHN
Beijing 2026,China,Pro Women,35-39,12,3,1:09:56,SIN
Beijing 2026,China,Pro Women,35-39,13,4,1:10:22,KOR
Beijing 2026,China,Pro Women,30-34,14,5,1:11:42,ESP
Beijing 2026,China,Pro Women,16-24,15,1,1:11:57,CHN
Beijing 2026,China,Pro Women,30-34,16,6,1:12:00,CHN
Beijing 2026,China,Pro Women,25-29,17,4,1:12:53,CHN
Beijing 2026,China,Pro Women,35-39,18,5,1:12:57,TPE
Beijing 2026,China,Pro Women,45-49,19,1,1:13:39,SIN
Beijing 2026,China,Pro Women,35-39,20,6,1:13:51,CHN
Beijing 2026,China,Pro Women,30-34,21,7,1:14:35,IRL
Beijing 2026,China,Pro Women,25-29,22,5,1:15:33,POL
Beijing 2026,China,Pro Women,30-34,23,8,1:15:36,CHN
Beijing 2026,China,Pro Women,35-39,24,7,1:15:44,CHN
Beijing 2026,China,Pro Women,30-34,25,9,1:16:02,NZL
Beijing 2026,China,Pro Women,35-39,26,8,1:16:22,CHN
Beijing 2026,China,Pro Women,45-49,27,2,1:16:32,CHN
Beijing 2026,China,Pro Women,35-39,28,9,1:16:34,CHN
Beijing 2026,China,Pro Women,30-34,29,10,1:16:35,CHN
Beijing 2026,China,Pro Women,40-44,30,3,1:17:13,CHN
Beijing 2026,China,Pro Women,40-44,31,4,1:17:28,CHN
Beijing 2026,China,Pro Women,50-54,32,1,1:17:32,MAS
Beijing 2026,China,Pro Women,35-39,33,10,1:17:35,CHN
Beijing 2026,China,Pro Women,35-39,34,11,1:18:01,CHN
Beijing 2026,China,Pro Women,35-39,35,12,1:18:30,GBR
Beijing 2026,China,Pro Women,30-34,36,11,1:18:33,PHI
Beijing 2026,China,Pro Women,25-29,37,6,1:18:41,CHN
Beijing 2026,China,Pro Women,16-24,38,2,1:19:32,CHN
Beijing 2026,China,Pro Women,35-39,39,13,1:19:41,RSA
Beijing 2026,China,Pro Women,25-29,40,7,1:20:29,CHN
Beijing 2026,China,Pro Women,16-24,41,3,1:20:44,KOR
Beijing 2026,China,Pro Women,35-39,42,14,1:20:52,CHN
Beijing 2026,China,Pro Women,45-49,43,3,1:21:03,CHN
Beijing 2026,China,Pro Women,35-39,44,15,1:21:24,CHN
Beijing 2026,China,Pro Women,25-29,45,8,1:21:45,CHN
Beijing 2026,China,Pro Women,30-34,46,12,1:22:00,CHN
Beijing 2026,China,Pro Women,40-44,47,5,1:22:03,CHN
Beijing 2026,China,Pro Women,30-34,48,13,1:22:14,CHN
Beijing 2026,China,Pro Women,30-34,49,14,1:22:18,NED
Beijing 2026,China,Pro Women,45-49,50,4,1:22:25,CHN
Beijing 2026,China,Pro Women,30-34,51,15,1:22:47,CHN
Beijing 2026,China,Pro Women,30-34,52,16,1:22:47,CHN
Beijing 2026,China,Pro Women,50-54,53,2,1:22:50,CHN
Beijing 2026,China,Pro Women,25-29,54,9,1:22:54,CHN
Beijing 2026,China,Pro Women,45-49,55,5,1:22:54,INA
Beijing 2026,China,Pro Women,25-29,56,10,1:23:21,CHN
Beijing 2026,China,Pro Women,35-39,57,16,1:23:48,CHN
Beijing 2026,China,Pro Women,60-64,58,1,1:23:57,CHN
Beijing 2026,China,Pro Women,30-34,59,17,1:24:00,CHN
Beijing 2026,China,Pro Women,25-29,60,11,1:24:04,CHN
Beijing 2026,China,Pro Women,16-24,61,4,1:24:10,AUS
Beijing 2026,China,Pro Women,30-34,62,18,1:24:12,CHN
Beijing 2026,China,Pro Women,35-39,63,17,1:24:16,AUS
Beijing 2026,China,Pro Women,30-34,64,19,1:24:40,CHN
Beijing 2026,China,Pro Women,40-44,65,6,1:24:53,
Beijing 2026,China,Pro Women,40-44,66,7,1:26:14,CHN
Beijing 2026,China,Pro Women,16-24,67,5,1:26:15,HKG
Beijing 2026,China,Pro Women,25-29,68,12,1:26:27,CHN
Beijing 2026,China,Pro Women,35-39,69,18,1:26:42,JPN
Beijing 2026,China,Pro Women,30-34,70,20,1:26:46,CHN
Beijing 2026,China,Pro Women,25-29,71,13,1:27:04,CHN
Beijing 2026,China,Pro Women,30-34,72,21,1:27:40,CHN
Beijing 2026,China,Pro Women,40-44,73,8,1:27:45,CHN
Beijing 2026,China,Pro Women,30-34,74,22,1:27:57,CHN
Beijing 2026,China,Pro Women,35-39,75,19,1:28:03,CHN
Beijing 2026,China,Pro Women,25-29,76,14,1:28:32,CHN
Beijing 2026,China,Pro Women,50-54,77,3,1:28:34,NED
Beijing 2026,China,Pro Women,30-34,78,23,1:29:18,CHN
Beijing 2026,China,Pro Women,35-39,79,20,1:29:41,CHN
Beijing 2026,China,Pro Women,30-34,80,24,1:30:24,CHN
Beijing 2026,China,Pro Women,30-34,81,25,1:30:38,CHN
Beijing 2026,China,Pro Women,25-29,82,15,1:30:41,CHN
Beijing 2026,China,Pro Women,35-39,83,21,1:32:07,HKG
Beijing 2026,China,Pro Women,50-54,84,4,1:32:40,CHN
Beijing 2026,China,Pro Women,55-59,85,1,1:33:26,HKG
Beijing 2026,China,Pro Women,30-34,86,26,1:33:52,CHN
Beijing 2026,China,Pro Women,50-54,87,5,1:34:00,CHN
Beijing 2026,China,Pro Women,35-39,88,22,1:34:03,
Beijing 2026,China,Pro Women,40-44,89,9,1:34:27,CHN
Beijing 2026,China,Pro Women,16-24,90,6,1:34:49,CHN
Beijing 2026,China,Pro Women,25-29,91,16,1:35:08,CHN
Beijing 2026,China,Pro Women,35-39,92,23,1:35:32,CHN
Beijing 2026,China,Pro Women,30-34,93,27,1:36:03,CHN
Beijing 2026,China,Pro Women,35-39,94,24,1:36:12,CHN
Beijing 2026,China,Pro Women,30-34,95,28,1:36:19,CHN
Beijing 2026,China,Pro Women,50-54,96,6,1:36:28,CHN
Beijing 2026,China,Pro Women,35-39,97,25,1:36:30,KOR
Beijing 2026,China,Pro Women,40-44,98,10,1:36:35,CHN
Beijing 2026,China,Pro Women,25-29,99,17,1:36:40,CHN
Beijing 2026,China,Pro Women,55-59,100,2,1:36:53,CHN
Beijing 2026,China,Doubles Men,30-34,1,1,0:52:15,CHN
Beijing 2026,China,Doubles Men,25-29,2,1,0:52:57,KOR
Beijing 2026,China,Doubles Men,25-29,3,2,0:54:05,GBR/FRA
Beijing 2026,China,Doubles Men,30-34,4,2,0:54:09,CHN
Beijing 2026,China,Doubles Men,30-34,5,3,0:54:43,KOR
Beijing 2026,China,Doubles Men,30-34,6,4,0:54:44,CHN
Beijing 2026,China,Doubles Men,30-34,7,5,0:54:53,CHN
Beijing 2026,China,Doubles Men,30-34,8,6,0:55:04,CHN/ITA
Beijing 2026,China,Doubles Men,35-39,9,1,0:55:20,SIN
Beijing 2026,China,Doubles Men,16-24,10,1,0:55:55,KOR
Beijing 2026,China,Doubles Men,16-24,11,2,0:56:52,CHN
Beijing 2026,China,Doubles Men,35-39,12,2,0:56:58,CHN
Beijing 2026,China,Doubles Men,30-34,13,7,0:57:07,HKG
Beijing 2026,China,Doubles Men,30-34,14,8,0:57:17,CHN
Beijing 2026,China,Doubles Men,25-29,15,3,0:57:29,CHN
Beijing 2026,China,Doubles Men,35-39,16,3,0:57:51,CHN
Beijing 2026,China,Doubles Men,25-29,17,4,0:57:54,AUS
Beijing 2026,China,Doubles Men,30-34,18,9,0:58:05,CHN
Beijing 2026,China,Doubles Men,40-44,19,1,0:58:07,CAN/CHN
Beijing 2026,China,Doubles Men,35-39,20,4,0:58:18,CHN
Beijing 2026,China,Doubles Men,30-34,21,10,0:58:28,CHN
Beijing 2026,China,Doubles Men,30-34,22,11,0:58:56,CHN
Beijing 2026,China,Doubles Men,35-39,23,5,0:59:14,CHN
Beijing 2026,China,Doubles Men,16-24,24,3,0:59:17,CHN
Beijing 2026,China,Doubles Men,30-34,25,12,0:59:19,CHN
Beijing 2026,China,Doubles Men,25-29,26,5,0:59:20,CHN
Beijing 2026,China,Doubles Men,45-49,27,1,0:59:24,CHN
Beijing 2026,China,Doubles Men,35-39,28,6,0:59:42,CHN
Beijing 2026,China,Doubles Men,35-39,29,7,0:59:46,CHN
Beijing 2026,China,Doubles Men,25-29,30,6,0:59:49,CHN
Beijing 2026,China,Doubles Men,30-34,31,13,0:59:55,CHN
Beijing 2026,China,Doubles Men,25-29,32,7,0:59:59,CHN
Beijing 2026,China,Doubles Men,25-29,33,8,1:00:14,KOR
Beijing 2026,China,Doubles Men,16-24,34,4,1:00:19,CHN
Beijing 2026,China,Doubles Men,35-39,35,8,1:00:25,NED/ITA
Beijing 2026,China,Doubles Men,35-39,36,9,1:00:38,CHN
Beijing 2026,China,Doubles Men,35-39,37,10,1:00:40,GBR/CHN
Beijing 2026,China,Doubles Men,25-29,38,9,1:00:44,FRA
Beijing 2026,China,Doubles Men,35-39,39,11,1:00:44,CHN
Beijing 2026,China,Doubles Men,40-44,40,2,1:00:54,HKG
Beijing 2026,China,Doubles Men,30-34,41,14,1:01:05,HKG
Beijing 2026,China,Doubles Men,30-34,42,15,1:01:18,KOR/CHN
Beijing 2026,China,Doubles Men,25-29,43,10,1:01:21,CHN
Beijing 2026,China,Doubles Men,25-29,44,11,1:01:26,CHN
Beijing 2026,China,Doubles Men,35-39,45,12,1:01:29,USA
Beijing 2026,China,Doubles Men,30-34,46,16,1:01:34,CHN/MAC
Beijing 2026,China,Doubles Men,30-34,47,17,1:01:44,KOR
Beijing 2026,China,Doubles Men,25-29,48,12,1:01:47,CHN
Beijing 2026,China,Doubles Men,25-29,49,13,1:02:02,CHN
Beijing 2026,China,Doubles Men,16-24,50,5,1:02:09,CHN
Beijing 2026,China,Doubles Men,16-24,51,6,1:02:09,CHN
Beijing 2026,China,Doubles Men,30-34,52,18,1:02:11,CHN
Beijing 2026,China,Doubles Men,25-29,53,14,1:02:16,AUS
Beijing 2026,China,Doubles Men,25-29,54,15,1:02:20,HKG
Beijing 2026,China,Doubles Men,40-44,55,3,1:02:31,CHN
Beijing 2026,China,Doubles Men,45-49,56,2,1:02:34,CHN
Beijing 2026,China,Doubles Men,25-29,57,16,1:02:37,CHN
Beijing 2026,China,Doubles Men,16-24,58,7,1:02:47,CHN
Beijing 2026,China,Doubles Men,30-34,59,19,1:02:52,CHN
Beijing 2026,China,Doubles Men,35-39,60,13,1:02:55,CHN
Beijing 2026,China,Doubles Men,35-39,61,14,1:03:15,CHN
Beijing 2026,China,Doubles Men,16-24,62,8,1:03:17,CHN
Beijing 2026,China,Doubles Men,35-39,63,15,1:03:39,CHN
Beijing 2026,China,Doubles Men,25-29,64,17,1:03:42,CHN
Beijing 2026,China,Doubles Men,30-34,65,20,1:04:02,CHN
Beijing 2026,China,Doubles Men,35-39,66,16,1:04:19,CHN
Beijing 2026,China,Doubles Men,30-34,67,21,1:04:29,CHN
Beijing 2026,China,Doubles Men,25-29,68,18,1:04:39,CHN
Beijing 2026,China,Doubles Men,30-34,69,22,1:04:40,CHN
Beijing 2026,China,Doubles Men,30-34,70,23,1:04:42,CHN
Beijing 2026,China,Doubles Men,35-39,71,17,1:04:43,CHN
Beijing 2026,China,Doubles Men,45-49,72,3,1:04:48,CHN
Beijing 2026,China,Doubles Men,40-44,73,4,1:04:51,CHN
Beijing 2026,China,Doubles Men,50-54,74,1,1:04:57,CHN
Beijing 2026,China,Doubles Men,25-29,75,19,1:05:13,CHN
Beijing 2026,China,Doubles Men,35-39,76,18,1:05:20,THA
Beijing 2026,China,Doubles Men,30-34,77,24,1:05:22,CHN
Beijing 2026,China,Doubles Men,35-39,78,19,1:05:22,CHN
Beijing 2026,China,Doubles Men,30-34,79,25,1:05:33,CHN
Beijing 2026,China,Doubles Men,30-34,80,26,1:05:59,CHN
Beijing 2026,China,Doubles Men,40-44,81,5,1:05:59,GER
Beijing 2026,China,Doubles Men,30-34,82,27,1:06:04,CHN
Beijing 2026,China,Doubles Men,30-34,83,28,1:06:05,CHN
Beijing 2026,China,Doubles Men,40-44,84,6,1:06:06,KOR
Beijing 2026,China,Doubles Men,35-39,85,20,1:06:18,CHN
Beijing 2026,China,Doubles Men,50-54,86,2,1:06:24,CHN/CAN
Beijing 2026,China,Doubles Men,45-49,87,4,1:06:25,CHN
Beijing 2026,China,Doubles Men,30-34,88,29,1:06:34,CHN
Beijing 2026,China,Doubles Men,30-34,89,30,1:06:37,CHN
Beijing 2026,China,Doubles Men,30-34,90,31,1:06:52,CHN
Beijing 2026,China,Doubles Men,30-34,91,32,1:07:02,CHN
Beijing 2026,China,Doubles Men,45-49,92,5,1:07:08,CHN
Beijing 2026,China,Doubles Men,45-49,93,6,1:07:11,CHN
Beijing 2026,China,Doubles Men,35-39,94,21,1:07:11,KOR
Beijing 2026,China,Doubles Men,35-39,95,22,1:07:14,CHN
Beijing 2026,China,Doubles Men,45-49,96,7,1:07:18,MAS/KOR
Beijing 2026,China,Doubles Men,30-34,97,33,1:07:19,CHN
Beijing 2026,China,Doubles Men,25-29,98,20,1:07:21,CHN
Beijing 2026,China,Doubles Men,35-39,99,23,1:07:22,CHN/GBR
Beijing 2026,China,Doubles Men,30-34,100,34,1:07:23,CHN
Beijing 2026,China,Doubles Women,25-29,2,2,0:58:17,CHN
Beijing 2026,China,Doubles Women,35-39,3,1,1:01:48,CHN
Beijing 2026,China,Doubles Women,25-29,4,3,1:02:30,CHN
Beijing 2026,China,Doubles Women,35-39,5,2,1:02:46,CHN
Beijing 2026,China,Doubles Women,40-44,6,1,1:03:03,CAN/CHN
Beijing 2026,China,Doubles Women,30-34,7,1,1:03:50,CHN
Beijing 2026,China,Doubles Women,30-34,8,2,1:03:53,CHN
Beijing 2026,China,Doubles Women,25-29,9,4,1:04:06,CHN
Beijing 2026,China,Doubles Women,30-34,10,3,1:04:14,KOR
Beijing 2026,China,Doubles Women,35-39,11,3,1:04:19,CHN
Beijing 2026,China,Doubles Women,25-29,12,5,1:04:58,HKG
Beijing 2026,China,Doubles Women,35-39,13,4,1:05:12,USA/CHN
Beijing 2026,China,Doubles Women,40-44,14,2,1:05:33,PHI
Beijing 2026,China,Doubles Women,16-24,15,1,1:06:03,CHN
Beijing 2026,China,Doubles Women,25-29,16,6,1:06:10,CHN
Beijing 2026,China,Doubles Women,40-44,17,3,1:06:47,CHN
Beijing 2026,China,Doubles Women,40-44,18,4,1:07:31,CHN
Beijing 2026,China,Doubles Women,25-29,19,7,1:07:57,CHN
Beijing 2026,China,Doubles Women,30-34,20,4,1:08:53,CHN
Beijing 2026,China,Doubles Women,40-44,21,5,1:08:56,RSA/HKG
Beijing 2026,China,Doubles Women,35-39,22,5,1:09:09,CHN
Beijing 2026,China,Doubles Women,35-39,23,6,1:09:23,CHN
Beijing 2026,China,Doubles Women,40-44,24,6,1:09:31,CHN
Beijing 2026,China,Doubles Women,35-39,25,7,1:09:59,CHN
Beijing 2026,China,Doubles Women,35-39,26,8,1:10:00,CHN
Beijing 2026,China,Doubles Women,30-34,27,5,1:10:28,CHN
Beijing 2026,China,Doubles Women,16-24,28,2,1:10:33,CHN
Beijing 2026,China,Doubles Women,40-44,29,7,1:10:37,CHN
Beijing 2026,China,Doubles Women,35-39,30,9,1:10:37,CHN
Beijing 2026,China,Doubles Women,30-34,31,6,1:10:38,CHN
Beijing 2026,China,Doubles Women,40-44,32,8,1:10:50,USA/HKG
Beijing 2026,China,Doubles Women,40-44,33,9,1:11:23,CHN
Beijing 2026,China,Doubles Women,30-34,34,7,1:11:37,MAS
Beijing 2026,China,Doubles Women,30-34,35,8,1:11:38,CHN
Beijing 2026,China,Doubles Women,30-34,36,9,1:12:02,SIN
Beijing 2026,China,Doubles Women,30-34,37,10,1:12:09,CHN
Beijing 2026,China,Doubles Women,40-44,38,10,1:12:11,CHN
Beijing 2026,China,Doubles Women,16-24,39,3,1:12:18,CHN
Beijing 2026,China,Doubles Women,30-34,40,11,1:12:28,CHN
Beijing 2026,China,Doubles Women,35-39,41,10,1:12:28,CHN
Beijing 2026,China,Doubles Women,35-39,42,11,1:12:34,CHN
Beijing 2026,China,Doubles Women,30-34,43,12,1:12:38,CHN
Beijing 2026,China,Doubles Women,40-44,44,11,1:13:03,CHN
Beijing 2026,China,Doubles Women,45-49,45,1,1:13:13,CHN
Beijing 2026,China,Doubles Women,30-34,46,13,1:13:28,CHN
Beijing 2026,China,Doubles Women,30-34,47,14,1:13:40,CHN
Beijing 2026,China,Doubles Women,40-44,48,12,1:13:46,CHN
Beijing 2026,China,Doubles Women,16-24,49,4,1:13:53,KOR
Beijing 2026,China,Doubles Women,35-39,50,12,1:14:02,CHN
Beijing 2026,China,Doubles Women,40-44,51,13,1:14:10,CHN
Beijing 2026,China,Doubles Women,40-44,52,14,1:14:15,CHN
Beijing 2026,China,Doubles Women,30-34,53,15,1:14:15,CHN
Beijing 2026,China,Doubles Women,40-44,54,15,1:14:26,CHN
Beijing 2026,China,Doubles Women,40-44,55,16,1:14:33,CHN
Beijing 2026,China,Doubles Women,30-34,56,16,1:14:35,CHN
Beijing 2026,China,Doubles Women,35-39,57,13,1:14:36,CHN
Beijing 2026,China,Doubles Women,35-39,58,14,1:14:45,CHN
Beijing 2026,China,Doubles Women,30-34,59,17,1:14:54,CHN
Beijing 2026,China,Doubles Women,25-29,60,8,1:14:55,CHN
Beijing 2026,China,Doubles Women,25-29,61,9,1:15:00,CHN
Beijing 2026,China,Doubles Women,16-24,62,5,1:15:05,CHN
Beijing 2026,China,Doubles Women,25-29,63,10,1:15:07,CHN
Beijing 2026,China,Doubles Women,25-29,64,11,1:15:13,CHN
Beijing 2026,China,Doubles Women,35-39,65,15,1:15:14,CHN
Beijing 2026,China,Doubles Women,40-44,66,17,1:15:18,CHN
Beijing 2026,China,Doubles Women,30-34,67,18,1:15:19,CHN
Beijing 2026,China,Doubles Women,30-34,68,19,1:15:23,CHN
Beijing 2026,China,Doubles Women,35-39,69,16,1:15:33,CHN
Beijing 2026,China,Doubles Women,40-44,70,18,1:15:48,CHN
Beijing 2026,China,Doubles Women,40-44,71,19,1:15:55,CHN
Beijing 2026,China,Doubles Women,35-39,72,17,1:16:02,CHN
Beijing 2026,China,Doubles Women,30-34,73,20,1:16:07,CHN
Beijing 2026,China,Doubles Women,50-54,74,1,1:16:19,CHN
Beijing 2026,China,Doubles Women,30-34,75,21,1:16:26,CHN
Beijing 2026,China,Doubles Women,35-39,76,18,1:16:44,CHN
Beijing 2026,China,Doubles Women,25-29,77,12,1:16:51,CHN
Beijing 2026,China,Doubles Women,40-44,78,20,1:16:53,CHN
Beijing 2026,China,Doubles Women,35-39,79,19,1:16:55,CHN
Beijing 2026,China,Doubles Women,40-44,80,21,1:16:58,CHN
Beijing 2026,China,Doubles Women,30-34,81,22,1:17:00,CHN
Beijing 2026,China,Doubles Women,35-39,82,20,1:17:02,CHN
Beijing 2026,China,Doubles Women,25-29,83,13,1:17:04,AUS/GBR
Beijing 2026,China,Doubles Women,30-34,84,23,1:17:06,CHN
Beijing 2026,China,Doubles Women,30-34,85,24,1:17:09,CHN
Beijing 2026,China,Doubles Women,30-34,86,25,1:17:16,CHN
Beijing 2026,China,Doubles Women,30-34,87,26,1:17:25,CHN
Beijing 2026,China,Doubles Women,45-49,88,2,1:17:26,CHN
Beijing 2026,China,Doubles Women,40-44,89,22,1:17:27,CHN
Beijing 2026,China,Doubles Women,35-39,90,21,1:17:44,CHN
Beijing 2026,China,Doubles Women,40-44,91,23,1:17:46,CHN
Beijing 2026,China,Doubles Women,45-49,92,3,1:17:54,CHN
Beijing 2026,China,Doubles Women,25-29,93,14,1:17:55,CHN
Beijing 2026,China,Doubles Women,30-34,94,27,1:18:00,CHN
Beijing 2026,China,Doubles Women,35-39,95,22,1:18:04,CHN
Beijing 2026,China,Doubles Women,25-29,96,15,1:18:22,CHN
Beijing 2026,China,Doubles Women,30-34,97,28,1:18:22,USA/CHN
Beijing 2026,China,Doubles Women,30-34,98,29,1:18:26,CHN
Beijing 2026,China,Doubles Women,16-24,99,6,1:18:29,CHN
Beijing 2026,China,Doubles Women,25-29,100,16,1:18:43,CHN
Beijing 2026,China,Doubles Mixed,30-34,1,1,0:56:07,IRL
Beijing 2026,China,Doubles Mixed,30-34,2,2,0:56:20,CHN
Beijing 2026,China,Doubles Mixed,25-29,3,1,0:56:47,GBR
Beijing 2026,China,Doubles Mixed,25-29,4,2,0:57:02,CHN
Beijing 2026,China,Doubles Mixed,25-29,5,3,0:57:13,CHN
Beijing 2026,China,Doubles Mixed,25-29,6,4,0:57:42,KOR
Beijing 2026,China,Doubles Mixed,30-34,7,3,0:57:49,CHN
Beijing 2026,China,Doubles Mixed,40-44,8,1,0:58:00,CHN
Beijing 2026,China,Doubles Mixed,30-34,9,4,0:58:06,KOR
Beijing 2026,China,Doubles Mixed,35-39,10,1,0:58:29,CAN/HKG
Beijing 2026,China,Doubles Mixed,16-24,11,1,0:58:32,CHN
Beijing 2026,China,Doubles Mixed,16-24,12,2,0:58:36,CHN
Beijing 2026,China,Doubles Mixed,30-34,13,5,0:58:42,UKR/GBR
Beijing 2026,China,Doubles Mixed,16-24,14,3,0:58:43,CHN
Beijing 2026,China,Doubles Mixed,16-24,15,4,0:58:44,PER/FRA
Beijing 2026,China,Doubles Mixed,30-34,16,6,0:59:17,HKG
Beijing 2026,China,Doubles Mixed,35-39,17,2,0:59:23,CHN
Beijing 2026,China,Doubles Mixed,25-29,18,5,0:59:26,AUS
Beijing 2026,China,Doubles Mixed,40-44,19,2,0:59:42,CHN
Beijing 2026,China,Doubles Mixed,25-29,20,6,0:59:45,GBR/HKG
Beijing 2026,China,Doubles Mixed,25-29,21,7,0:59:52,CHN
Beijing 2026,China,Doubles Mixed,30-34,22,7,1:00:11,CHN
Beijing 2026,China,Doubles Mixed,30-34,23,8,1:00:13,KOR
Beijing 2026,China,Doubles Mixed,30-34,24,9,1:00:17,GER/SUI
Beijing 2026,China,Doubles Mixed,35-39,25,3,1:00:19,CHN
Beijing 2026,China,Doubles Mixed,25-29,26,8,1:00:33,KOR
Beijing 2026,China,Doubles Mixed,30-34,27,10,1:00:56,HKG
Beijing 2026,China,Doubles Mixed,25-29,28,9,1:00:57,CHN
Beijing 2026,China,Doubles Mixed,30-34,29,11,1:00:59,CHN
Beijing 2026,China,Doubles Mixed,35-39,30,4,1:01:00,MAC
Beijing 2026,China,Doubles Mixed,30-34,31,12,1:01:09,TPE/HKG
Beijing 2026,China,Doubles Mixed,30-34,32,13,1:01:33,CHN
Beijing 2026,China,Doubles Mixed,30-34,33,14,1:01:38,CHN
Beijing 2026,China,Doubles Mixed,40-44,34,3,1:01:40,CHN
Beijing 2026,China,Doubles Mixed,30-34,35,15,1:02:01,KOR
Beijing 2026,China,Doubles Mixed,30-34,36,16,1:02:06,CHN
Beijing 2026,China,Doubles Mixed,30-34,37,17,1:02:11,CHN
Beijing 2026,China,Doubles Mixed,25-29,38,10,1:02:16,CHN
Beijing 2026,China,Doubles Mixed,35-39,39,5,1:02:28,HKG/CHN
Beijing 2026,China,Doubles Mixed,35-39,40,6,1:02:31,CHN
Beijing 2026,China,Doubles Mixed,30-34,41,18,1:02:45,CHN
Beijing 2026,China,Doubles Mixed,30-34,42,19,1:02:49,CHN
Beijing 2026,China,Doubles Mixed,30-34,43,20,1:02:59,KOR
Beijing 2026,China,Doubles Mixed,30-34,44,21,1:03:04,CHN
Beijing 2026,China,Doubles Mixed,30-34,45,22,1:03:24,CHN
Beijing 2026,China,Doubles Mixed,45-49,46,1,1:03:28,HKG
Beijing 2026,China,Doubles Mixed,16-24,47,5,1:03:29,CHN
Beijing 2026,China,Doubles Mixed,25-29,48,11,1:03:32,CHN
Beijing 2026,China,Doubles Mixed,30-34,49,23,1:03:39,HKG
Beijing 2026,China,Doubles Mixed,25-29,50,12,1:03:47,CHN
Beijing 2026,China,Doubles Mixed,35-39,51,7,1:04:13,ITA
Beijing 2026,China,Doubles Mixed,30-34,52,24,1:04:26,CHN
Beijing 2026,China,Doubles Mixed,35-39,53,8,1:04:28,CHN
Beijing 2026,China,Doubles Mixed,35-39,54,9,1:04:33,CHN
Beijing 2026,China,Doubles Mixed,30-34,55,25,1:04:44,CHN
Beijing 2026,China,Doubles Mixed,40-44,56,4,1:04:46,AUS
Beijing 2026,China,Doubles Mixed,40-44,57,5,1:04:48,CHN
Beijing 2026,China,Doubles Mixed,40-44,58,6,1:04:53,CHN
Beijing 2026,China,Doubles Mixed,25-29,59,13,1:04:56,CHN
Beijing 2026,China,Doubles Mixed,25-29,60,14,1:04:57,CHN
Beijing 2026,China,Doubles Mixed,30-34,61,26,1:04:58,HKG
Beijing 2026,China,Doubles Mixed,40-44,62,7,1:04:59,CHN
Beijing 2026,China,Doubles Mixed,40-44,63,8,1:05:04,CHN
Beijing 2026,China,Doubles Mixed,25-29,64,15,1:05:16,CHN
Beijing 2026,China,Doubles Mixed,45-49,65,2,1:05:19,CHN
Beijing 2026,China,Doubles Mixed,25-29,66,16,1:05:28,CHN
Beijing 2026,China,Doubles Mixed,25-29,67,17,1:05:37,HKG
Beijing 2026,China,Doubles Mixed,40-44,68,9,1:05:37,CHN
Beijing 2026,China,Doubles Mixed,35-39,69,10,1:05:38,CHN
Beijing 2026,China,Doubles Mixed,16-24,70,6,1:05:42,HKG
Beijing 2026,China,Doubles Mixed,45-49,71,3,1:05:47,HKG/AUS
Beijing 2026,China,Doubles Mixed,30-34,72,27,1:05:47,CHN
Beijing 2026,China,Doubles Mixed,16-24,73,7,1:05:47,PHI
Beijing 2026,China,Doubles Mixed,30-34,74,28,1:05:48,GER/CHN
Beijing 2026,China,Doubles Mixed,16-24,75,8,1:05:49,CHN
Beijing 2026,China,Doubles Mixed,35-39,76,11,1:05:51,CHN
Beijing 2026,China,Doubles Mixed,25-29,77,18,1:05:55,CHN
Beijing 2026,China,Doubles Mixed,25-29,78,19,1:05:59,CHN
Beijing 2026,China,Doubles Mixed,16-24,79,9,1:06:00,CHN
Beijing 2026,China,Doubles Mixed,30-34,80,29,1:06:08,HKG
Beijing 2026,China,Doubles Mixed,30-34,81,30,1:06:08,SEY/CHN
Beijing 2026,China,Doubles Mixed,40-44,82,10,1:06:09,CHN
Beijing 2026,China,Doubles Mixed,25-29,83,20,1:06:10,CHN
Beijing 2026,China,Doubles Mixed,25-29,84,21,1:06:23,CHN
Beijing 2026,China,Doubles Mixed,30-34,85,31,1:06:33,CHN
Beijing 2026,China,Doubles Mixed,30-34,86,32,1:06:36,CHN
Beijing 2026,China,Doubles Mixed,25-29,87,22,1:06:40,CHN
Beijing 2026,China,Doubles Mixed,45-49,88,4,1:06:44,CHN
Beijing 2026,China,Doubles Mixed,25-29,89,23,1:06:44,KOR
Beijing 2026,China,Doubles Mixed,30-34,90,33,1:06:47,CHN
Beijing 2026,China,Doubles Mixed,35-39,91,12,1:06:48,CHN
Beijing 2026,China,Doubles Mixed,45-49,92,5,1:07:02,CHN
Beijing 2026,China,Doubles Mixed,25-29,93,24,1:07:04,CHN
Beijing 2026,China,Doubles Mixed,35-39,94,13,1:07:10,CHN
Beijing 2026,China,Doubles Mixed,40-44,95,11,1:07:11,CHN
Beijing 2026,China,Doubles Mixed,25-29,96,25,1:07:22,CHN
Beijing 2026,China,Doubles Mixed,30-34,97,34,1:07:26,CHN
Beijing 2026,China,Doubles Mixed,30-34,98,35,1:07:33,CHN
Beijing 2026,China,Doubles Mixed,40-44,99,12,1:07:36,THA
Beijing 2026,China,Doubles Mixed,25-29,100,26,1:07:39,CHN
Beijing 2026,China,Pro Doubles Men,25-29,1,1,0:52:36,GBR
Beijing 2026,China,Pro Doubles Men,30-34,2,1,0:53:01,IRL
Beijing 2026,China,Pro Doubles Men,25-29,3,2,0:53:29,GBR
Beijing 2026,China,Pro Doubles Men,25-29,4,3,0:53:43,AUS
Beijing 2026,China,Pro Doubles Men,30-34,5,2,0:54:46,CHN
Beijing 2026,China,Pro Doubles Men,25-29,6,4,0:54:49,KOR
Beijing 2026,China,Pro Doubles Men,35-39,7,1,0:55:04,CHN
Beijing 2026,China,Pro Doubles Men,30-34,8,3,0:55:10,CHN
Beijing 2026,China,Pro Doubles Men,25-29,9,5,0:55:11,KOR
Beijing 2026,China,Pro Doubles Men,25-29,10,6,0:55:35,KOR
Beijing 2026,China,Pro Doubles Men,16-24,11,1,0:56:07,CHN
Beijing 2026,China,Pro Doubles Men,16-24,12,2,0:56:12,FRA/NZL
Beijing 2026,China,Pro Doubles Men,25-29,13,7,0:56:29,NZL/AUS
Beijing 2026,China,Pro Doubles Men,16-24,14,3,0:56:36,KOR
Beijing 2026,China,Pro Doubles Men,30-34,15,4,0:56:52,USA/GER
Beijing 2026,China,Pro Doubles Men,25-29,16,8,0:56:54,HKG
Beijing 2026,China,Pro Doubles Men,35-39,17,2,0:57:23,SIN
Beijing 2026,China,Pro Doubles Men,25-29,18,9,0:57:41,CHN
Beijing 2026,China,Pro Doubles Men,25-29,19,10,0:57:43,KOR
Beijing 2026,China,Pro Doubles Men,30-34,20,5,0:58:04,CHN
Beijing 2026,China,Pro Doubles Men,30-34,21,6,0:58:08,CHN
Beijing 2026,China,Pro Doubles Men,30-34,22,7,0:58:23,CHN
Beijing 2026,China,Pro Doubles Men,16-24,23,4,0:58:32,CHN
Beijing 2026,China,Pro Doubles Men,35-39,24,3,0:58:41,HKG
Beijing 2026,China,Pro Doubles Men,25-29,25,11,0:59:09,CHN
Beijing 2026,China,Pro Doubles Men,35-39,26,4,0:59:28,THA/GBR
Beijing 2026,China,Pro Doubles Men,30-34,27,8,0:59:32,KOR
Beijing 2026,China,Pro Doubles Men,30-34,28,9,0:59:32,NZL/AUS
Beijing 2026,China,Pro Doubles Men,30-34,29,10,0:59:43,CHN
Beijing 2026,China,Pro Doubles Men,30-34,30,11,0:59:55,CHN
Beijing 2026,China,Pro Doubles Men,25-29,31,12,0:59:55,KOR
Beijing 2026,China,Pro Doubles Men,25-29,32,13,1:00:04,CHN
Beijing 2026,China,Pro Doubles Men,30-34,33,12,1:00:46,HKG
Beijing 2026,China,Pro Doubles Men,35-39,34,5,1:00:52,KOR
Beijing 2026,China,Pro Doubles Men,35-39,35,6,1:00:57,AUS/CAN
Beijing 2026,China,Pro Doubles Men,35-39,36,7,1:00:57,CHN/KOR
Beijing 2026,China,Pro Doubles Men,30-34,37,13,1:01:03,HKG
Beijing 2026,China,Pro Doubles Men,35-39,38,8,1:01:31,CHN
Beijing 2026,China,Pro Doubles Men,25-29,39,14,1:01:49,CHN
Beijing 2026,China,Pro Doubles Men,25-29,40,15,1:02:06,CHN/BAN
Beijing 2026,China,Pro Doubles Men,35-39,41,9,1:02:09,HKG
Beijing 2026,China,Pro Doubles Men,25-29,42,16,1:02:23,CHN
Beijing 2026,China,Pro Doubles Men,40-44,43,1,1:02:23,IRL/ESP
Beijing 2026,China,Pro Doubles Men,35-39,44,10,1:02:29,CHN
Beijing 2026,China,Pro Doubles Men,30-34,45,14,1:02:45,CHN
Beijing 2026,China,Pro Doubles Men,25-29,46,17,1:02:48,CHN
Beijing 2026,China,Pro Doubles Men,45-49,47,1,1:02:52,CHN
Beijing 2026,China,Pro Doubles Men,35-39,48,11,1:03:09,TPE/GBR
Beijing 2026,China,Pro Doubles Men,35-39,49,12,1:03:22,CHN
Beijing 2026,China,Pro Doubles Men,16-24,50,5,1:03:30,CHN
Beijing 2026,China,Pro Doubles Men,25-29,51,18,1:03:46,CHN
Beijing 2026,China,Pro Doubles Men,30-34,52,15,1:03:58,THA/CAN
Beijing 2026,China,Pro Doubles Men,25-29,53,19,1:04:09,CHN
Beijing 2026,China,Pro Doubles Men,25-29,54,20,1:04:11,CHN
Beijing 2026,China,Pro Doubles Men,40-44,55,2,1:04:24,GER
Beijing 2026,China,Pro Doubles Men,30-34,56,16,1:04:30,CHN
Beijing 2026,China,Pro Doubles Men,45-49,57,2,1:04:34,AUS/POR
Beijing 2026,China,Pro Doubles Men,30-34,58,17,1:04:48,CHN
Beijing 2026,China,Pro Doubles Men,40-44,59,3,1:05:06,HKG/MRI
Beijing 2026,China,Pro Doubles Men,30-34,60,18,1:05:13,CHN
Beijing 2026,China,Pro Doubles Men,35-39,61,13,1:05:19,CHN
Beijing 2026,China,Pro Doubles Men,25-29,62,21,1:05:22,KOR
Beijing 2026,China,Pro Doubles Men,25-29,63,22,1:05:28,CHN
Beijing 2026,China,Pro Doubles Men,30-34,64,19,1:05:33,CHN
Beijing 2026,China,Pro Doubles Men,40-44,65,4,1:05:59,CHN
Beijing 2026,China,Pro Doubles Men,30-34,66,20,1:06:07,CHN
Beijing 2026,China,Pro Doubles Men,35-39,67,14,1:06:08,CHN
Beijing 2026,China,Pro Doubles Men,30-34,68,21,1:06:13,CHN
Beijing 2026,China,Pro Doubles Men,35-39,69,15,1:06:19,CHN
Beijing 2026,China,Pro Doubles Men,30-34,70,22,1:06:19,CHN
Beijing 2026,China,Pro Doubles Men,35-39,71,16,1:06:21,CHN
Beijing 2026,China,Pro Doubles Men,25-29,72,23,1:06:24,CHN
Beijing 2026,China,Pro Doubles Men,35-39,73,17,1:06:34,CHN
Beijing 2026,China,Pro Doubles Men,25-29,74,24,1:06:35,CHN/ITA
Beijing 2026,China,Pro Doubles Men,30-34,75,23,1:06:43,CHN
Beijing 2026,China,Pro Doubles Men,30-34,76,24,1:06:46,CHN
Beijing 2026,China,Pro Doubles Men,25-29,77,25,1:06:46,CHN
Beijing 2026,China,Pro Doubles Men,35-39,78,18,1:06:48,GBR
Beijing 2026,China,Pro Doubles Men,35-39,79,19,1:06:55,CHN
Beijing 2026,China,Pro Doubles Men,30-34,80,25,1:07:07,CHN
Beijing 2026,China,Pro Doubles Men,30-34,81,26,1:07:10,CHN
Beijing 2026,China,Pro Doubles Men,35-39,82,20,1:07:18,CHN
Beijing 2026,China,Pro Doubles Men,35-39,83,21,1:07:21,CHN
Beijing 2026,China,Pro Doubles Men,30-34,84,27,1:07:31,CHN
Beijing 2026,China,Pro Doubles Men,25-29,85,26,1:07:36,CHN
Beijing 2026,China,Pro Doubles Men,45-49,86,3,1:07:42,SIN
Beijing 2026,China,Pro Doubles Men,30-34,87,28,1:07:43,CHN
Beijing 2026,China,Pro Doubles Men,35-39,88,22,1:07:44,HKG
Beijing 2026,China,Pro Doubles Men,35-39,89,23,1:07:45,CHN
Beijing 2026,China,Pro Doubles Men,35-39,90,24,1:07:50,KOR
Beijing 2026,China,Pro Doubles Men,30-34,91,30,1:07:58,SIN
Beijing 2026,China,Pro Doubles Men,30-34,92,29,1:07:58,CHN
Beijing 2026,China,Pro Doubles Men,40-44,93,5,1:08:07,CHN
Beijing 2026,China,Pro Doubles Men,25-29,94,27,1:08:13,CHN
Beijing 2026,China,Pro Doubles Men,35-39,95,25,1:08:20,CHN
Beijing 2026,China,Pro Doubles Men,25-29,96,28,1:08:29,CHN
Beijing 2026,China,Pro Doubles Men,35-39,97,26,1:08:31,CHN
Beijing 2026,China,Pro Doubles Men,30-34,98,31,1:08:46,CHN
Beijing 2026,China,Pro Doubles Men,40-44,99,6,1:09:02,SIN/ITA
Beijing 2026,China,Pro Doubles Men,35-39,100,27,1:09:13,CHN
Beijing 2026,China,Pro Doubles Women,35-39,1,1,0:58:53,JPN
Beijing 2026,China,Pro Doubles Women,30-34,2,1,1:01:16,CHN
Beijing 2026,China,Pro Doubles Women,35-39,3,2,1:02:37,AUS
Beijing 2026,China,Pro Doubles Women,40-44,4,1,1:04:06,SIN/CHN
Beijing 2026,China,Pro Doubles Women,30-34,5,2,1:04:08,CHN
Beijing 2026,China,Pro Doubles Women,16-24,6,1,1:04:13,CHN
Beijing 2026,China,Pro Doubles Women,25-29,7,1,1:04:57,HKG
Beijing 2026,China,Pro Doubles Women,25-29,8,2,1:05:20,CHN
Beijing 2026,China,Pro Doubles Women,30-34,9,3,1:05:38,CHN
Beijing 2026,China,Pro Doubles Women,16-24,10,2,1:05:43,CHN
Beijing 2026,China,Pro Doubles Women,25-29,11,3,1:05:57,GER/NZL
Beijing 2026,China,Pro Doubles Women,35-39,12,3,1:06:10,CHN
Beijing 2026,China,Pro Doubles Women,16-24,13,3,1:06:17,CHN
Beijing 2026,China,Pro Doubles Women,35-39,14,4,1:06:54,GBR/LAT
Beijing 2026,China,Pro Doubles Women,30-34,15,4,1:07:48,CHN
Beijing 2026,China,Pro Doubles Women,40-44,16,2,1:08:28,CHN
Beijing 2026,China,Pro Doubles Women,30-34,17,5,1:08:40,CHN
Beijing 2026,China,Pro Doubles Women,30-34,18,6,1:08:46,CHN
Beijing 2026,China,Pro Doubles Women,30-34,19,7,1:09:03,CHN
Beijing 2026,China,Pro Doubles Women,45-49,20,1,1:09:11,CHN
Beijing 2026,China,Pro Doubles Women,40-44,21,3,1:09:32,JPN
Beijing 2026,China,Pro Doubles Women,40-44,22,4,1:09:39,CHN
Beijing 2026,China,Pro Doubles Women,25-29,23,4,1:10:04,CHN
Beijing 2026,China,Pro Doubles Women,30-34,24,8,1:10:38,CHN
Beijing 2026,China,Pro Doubles Women,40-44,25,5,1:10:54,CHN
Beijing 2026,China,Pro Doubles Women,35-39,26,5,1:11:12,CHN
Beijing 2026,China,Pro Doubles Women,35-39,27,6,1:11:13,CHN/CAN
Beijing 2026,China,Pro Doubles Women,16-24,28,4,1:11:15,SIN
Beijing 2026,China,Pro Doubles Women,30-34,29,9,1:11:19,HKG
Beijing 2026,China,Pro Doubles Women,35-39,30,7,1:12:21,CHN
Beijing 2026,China,Pro Doubles Women,35-39,31,8,1:12:30,CHN
Beijing 2026,China,Pro Doubles Women,35-39,32,9,1:12:45,CHN
Beijing 2026,China,Pro Doubles Women,16-24,33,5,1:12:48,MAC/CHN
Beijing 2026,China,Pro Doubles Women,35-39,34,10,1:13:02,CHN
Beijing 2026,China,Pro Doubles Women,30-34,35,10,1:13:19,CHN
Beijing 2026,China,Pro Doubles Women,40-44,36,6,1:13:56,CHN
Beijing 2026,China,Pro Doubles Women,30-34,37,11,1:14:04,CHN
Beijing 2026,China,Pro Doubles Women,35-39,38,11,1:14:25,CHN
Beijing 2026,China,Pro Doubles Women,35-39,39,12,1:14:34,GBR/
Beijing 2026,China,Pro Doubles Women,40-44,40,7,1:14:38,CHN
Beijing 2026,China,Pro Doubles Women,45-49,41,2,1:15:07,CHN
Beijing 2026,China,Pro Doubles Women,40-44,42,8,1:15:29,CHN
Beijing 2026,China,Pro Doubles Women,16-24,43,6,1:15:53,CHN
Beijing 2026,China,Pro Doubles Women,40-44,44,9,1:16:08,CHN
Beijing 2026,China,Pro Doubles Women,30-34,45,12,1:16:18,CHN
Beijing 2026,China,Pro Doubles Women,25-29,46,5,1:16:20,CHN
Beijing 2026,China,Pro Doubles Women,55-59,47,1,1:16:22,CHN
Beijing 2026,China,Pro Doubles Women,40-44,48,10,1:16:24,CHN
Beijing 2026,China,Pro Doubles Women,30-34,49,13,1:16:29,CHN
Beijing 2026,China,Pro Doubles Women,30-34,50,14,1:16:41,CHN
Beijing 2026,China,Pro Doubles Women,16-24,51,7,1:16:44,KOR
Beijing 2026,China,Pro Doubles Women,50-54,52,1,1:16:48,CHN
Beijing 2026,China,Pro Doubles Women,45-49,53,3,1:17:13,CHN
Beijing 2026,China,Pro Doubles Women,40-44,54,11,1:18:20,CHN
Beijing 2026,China,Pro Doubles Women,25-29,55,6,1:18:24,NED
Beijing 2026,China,Pro Doubles Women,35-39,56,13,1:18:25,CHN
Beijing 2026,China,Pro Doubles Women,45-49,57,4,1:18:43,AUS/CHN
Beijing 2026,China,Pro Doubles Women,25-29,58,7,1:18:55,CHN
Beijing 2026,China,Pro Doubles Women,35-39,59,14,1:19:08,CHN
Beijing 2026,China,Pro Doubles Women,35-39,60,15,1:19:26,CHN
Beijing 2026,China,Pro Doubles Women,35-39,61,16,1:19:38,CHN
Beijing 2026,China,Pro Doubles Women,40-44,62,12,1:20:01,THA
Beijing 2026,China,Pro Doubles Women,25-29,63,8,1:20:08,CHN
Beijing 2026,China,Pro Doubles Women,35-39,64,17,1:20:14,CHN
Beijing 2026,China,Pro Doubles Women,25-29,65,9,1:20:22,CHN
Beijing 2026,China,Pro Doubles Women,50-54,66,2,1:20:32,CHN
Beijing 2026,China,Pro Doubles Women,25-29,67,10,1:20:53,CHN
Beijing 2026,China,Pro Doubles Women,16-24,68,8,1:20:58,CHN
Beijing 2026,China,Pro Doubles Women,30-34,69,15,1:21:30,CHN
Beijing 2026,China,Pro Doubles Women,35-39,70,18,1:21:46,SIN
Beijing 2026,China,Pro Doubles Women,30-34,71,16,1:21:51,CHN
Beijing 2026,China,Pro Doubles Women,40-44,72,13,1:22:03,SIN/POR
Beijing 2026,China,Pro Doubles Women,50-54,73,3,1:22:07,CHN
Beijing 2026,China,Pro Doubles Women,50-54,74,4,1:22:12,CHN
Beijing 2026,China,Pro Doubles Women,35-39,75,19,1:22:13,CHN
Beijing 2026,China,Pro Doubles Women,30-34,76,17,1:22:16,CHN
Beijing 2026,China,Pro Doubles Women,30-34,77,18,1:22:42,CHN
Beijing 2026,China,Pro Doubles Women,35-39,78,20,1:22:43,CHN
Beijing 2026,China,Pro Doubles Women,40-44,79,14,1:22:43,CHN
Beijing 2026,China,Pro Doubles Women,40-44,80,15,1:22:53,CHN
Beijing 2026,China,Pro Doubles Women,35-39,81,21,1:22:59,CHN
Beijing 2026,China,Pro Doubles Women,40-44,82,16,1:23:38,SIN/CHN
Beijing 2026,China,Pro Doubles Women,35-39,83,22,1:23:48,CHN
Beijing 2026,China,Pro Doubles Women,30-34,84,19,1:23:49,MGL
Beijing 2026,China,Pro Doubles Women,35-39,85,23,1:23:53,CHN
Beijing 2026,China,Pro Doubles Women,50-54,86,5,1:24:28,CHN
Beijing 2026,China,Pro Doubles Women,35-39,87,24,1:24:30,KOR
Beijing 2026,China,Pro Doubles Women,30-34,88,20,1:24:41,CHN
Beijing 2026,China,Pro Doubles Women,40-44,89,17,1:24:53,CHN
Beijing 2026,China,Pro Doubles Women,40-44,90,18,1:24:58,CHN
Beijing 2026,China,Pro Doubles Women,35-39,91,25,1:24:59,INA
Beijing 2026,China,Pro Doubles Women,35-39,92,26,1:25:15,CHN
Beijing 2026,China,Pro Doubles Women,35-39,93,27,1:25:28,CHN
Beijing 2026,China,Pro Doubles Women,16-24,94,9,1:25:29,KOR
Beijing 2026,China,Pro Doubles Women,30-34,95,21,1:25:37,CHN
Beijing 2026,China,Pro Doubles Women,40-44,96,19,1:25:43,CHN
Beijing 2026,China,Pro Doubles Women,45-49,97,5,1:25:54,CHN
Beijing 2026,China,Pro Doubles Women,40-44,98,20,1:26:31,CHN
Beijing 2026,China,Pro Doubles Women,25-29,99,11,1:26:32,CHN
Beijing 2026,China,Pro Doubles Women,50-54,100,6,1:26:57,HKG/AUS
Bangkok 2026,Thailand,Open Men,16-24,1,1,0:58:15,NED
Bangkok 2026,Thailand,Open Men,16-24,2,2,0:58:26,NZL
Bangkok 2026,Thailand,Open Men,30-34,3,1,0:58:28,KOR
Bangkok 2026,Thailand,Open Men,30-34,4,2,0:58:52,NZL
Bangkok 2026,Thailand,Open Men,30-34,5,3,0:59:11,THA
Bangkok 2026,Thailand,Open Men,35-39,6,1,0:59:16,KOR
Bangkok 2026,Thailand,Open Men,40-44,7,1,0:59:16,THA
Bangkok 2026,Thailand,Open Men,30-34,8,4,0:59:26,KOR
Bangkok 2026,Thailand,Open Men,40-44,9,2,0:59:40,CHN
Bangkok 2026,Thailand,Open Men,35-39,10,2,1:00:04,NED
Bangkok 2026,Thailand,Open Men,30-34,11,5,1:00:10,GBR
Bangkok 2026,Thailand,Open Men,35-39,12,3,1:00:23,MAS
Bangkok 2026,Thailand,Open Men,40-44,13,3,1:00:52,AUS
Bangkok 2026,Thailand,Open Men,30-34,14,6,1:00:53,THA
Bangkok 2026,Thailand,Open Men,25-29,15,1,1:01:24,THA
Bangkok 2026,Thailand,Open Men,30-34,16,7,1:01:28,KOR
Bangkok 2026,Thailand,Open Men,40-44,17,4,1:01:36,AUS
Bangkok 2026,Thailand,Open Men,16-24,18,3,1:01:47,GBR
Bangkok 2026,Thailand,Open Men,35-39,19,4,1:01:52,GBR
Bangkok 2026,Thailand,Open Men,40-44,20,5,1:01:58,KOR
Bangkok 2026,Thailand,Open Men,16-24,21,4,1:02:03,KOR
Bangkok 2026,Thailand,Open Men,30-34,22,8,1:02:07,THA
Bangkok 2026,Thailand,Open Men,25-29,23,2,1:02:13,FRA
Bangkok 2026,Thailand,Open Men,35-39,24,5,1:02:18,ITA
Bangkok 2026,Thailand,Open Men,25-29,25,3,1:02:52,PHI
Bangkok 2026,Thailand,Open Men,35-39,26,6,1:03:47,SIN
Bangkok 2026,Thailand,Open Men,25-29,27,4,1:03:55,GBR
Bangkok 2026,Thailand,Open Men,45-49,28,1,1:03:56,KOR
Bangkok 2026,Thailand,Open Men,30-34,29,9,1:03:59,MAS
Bangkok 2026,Thailand,Open Men,40-44,30,6,1:04:03,THA
Bangkok 2026,Thailand,Open Men,40-44,31,7,1:04:08,THA
Bangkok 2026,Thailand,Open Men,25-29,32,5,1:04:36,INA
Bangkok 2026,Thailand,Open Men,40-44,33,8,1:04:48,MEX
Bangkok 2026,Thailand,Open Men,35-39,34,7,1:04:53,FRA
Bangkok 2026,Thailand,Open Men,35-39,35,8,1:04:54,USA
Bangkok 2026,Thailand,Open Men,16-24,36,5,1:04:57,KOR
Bangkok 2026,Thailand,Open Men,16-24,37,6,1:05:03,KOR
Bangkok 2026,Thailand,Open Men,35-39,38,9,1:05:08,SIN
Bangkok 2026,Thailand,Open Men,35-39,39,10,1:05:12,FRA
Bangkok 2026,Thailand,Open Men,30-34,40,10,1:05:15,KOR
Bangkok 2026,Thailand,Open Men,40-44,41,9,1:05:16,ITA
Bangkok 2026,Thailand,Open Men,30-34,42,11,1:05:28,KOR
Bangkok 2026,Thailand,Open Men,30-34,43,12,1:05:33,RUS
Bangkok 2026,Thailand,Open Men,30-34,44,13,1:05:37,PHI
Bangkok 2026,Thailand,Open Men,45-49,45,2,1:05:40,SUI
Bangkok 2026,Thailand,Open Men,40-44,46,10,1:05:42,KOR
Bangkok 2026,Thailand,Open Men,35-39,47,11,1:05:45,USA
Bangkok 2026,Thailand,Open Men,16-24,48,7,1:05:53,PHI
Bangkok 2026,Thailand,Open Men,30-34,49,14,1:05:57,KOR
Bangkok 2026,Thailand,Open Men,30-34,50,15,1:05:58,USA
Bangkok 2026,Thailand,Open Men,40-44,51,11,1:06:15,USA
Bangkok 2026,Thailand,Open Men,30-34,52,16,1:06:18,KOR
Bangkok 2026,Thailand,Open Men,40-44,53,12,1:06:22,KOR
Bangkok 2026,Thailand,Open Men,30-34,54,17,1:06:28,GBR
Bangkok 2026,Thailand,Open Men,35-39,55,12,1:06:33,THA
Bangkok 2026,Thailand,Open Men,35-39,56,13,1:06:33,AUS
Bangkok 2026,Thailand,Open Men,40-44,57,13,1:06:39,AUS
Bangkok 2026,Thailand,Open Men,30-34,58,18,1:06:50,IND
Bangkok 2026,Thailand,Open Men,30-34,59,19,1:06:50,KOR
Bangkok 2026,Thailand,Open Men,35-39,60,14,1:06:52,AUS
Bangkok 2026,Thailand,Open Men,30-34,61,20,1:06:55,KOR
Bangkok 2026,Thailand,Open Men,30-34,62,21,1:07:07,HKG
Bangkok 2026,Thailand,Open Men,40-44,63,14,1:07:09,USA
Bangkok 2026,Thailand,Open Men,30-34,64,22,1:07:12,HKG
Bangkok 2026,Thailand,Open Men,35-39,65,15,1:07:14,IRQ
Bangkok 2026,Thailand,Open Men,16-24,66,8,1:07:15,KOR
Bangkok 2026,Thailand,Open Men,30-34,67,23,1:07:16,CAN
Bangkok 2026,Thailand,Open Men,25-29,68,6,1:07:17,GBR
Bangkok 2026,Thailand,Open Men,35-39,69,16,1:07:29,FRA
Bangkok 2026,Thailand,Open Men,25-29,70,7,1:07:35,GBR
Bangkok 2026,Thailand,Open Men,30-34,71,24,1:07:35,THA
Bangkok 2026,Thailand,Open Men,25-29,72,8,1:07:37,PHI
Bangkok 2026,Thailand,Open Men,35-39,73,17,1:07:39,SIN
Bangkok 2026,Thailand,Open Men,35-39,74,18,1:07:42,SRI
Bangkok 2026,Thailand,Open Men,25-29,75,9,1:07:42,THA
Bangkok 2026,Thailand,Open Men,25-29,76,10,1:07:46,THA
Bangkok 2026,Thailand,Open Men,40-44,77,15,1:07:49,USA
Bangkok 2026,Thailand,Open Men,35-39,78,19,1:08:00,KOR
Bangkok 2026,Thailand,Open Men,30-34,79,25,1:08:11,PHI
Bangkok 2026,Thailand,Open Men,30-34,80,26,1:08:16,GER
Bangkok 2026,Thailand,Open Men,40-44,81,16,1:08:17,JPN
Bangkok 2026,Thailand,Open Men,25-29,82,11,1:08:19,MYA
Bangkok 2026,Thailand,Open Men,16-24,83,9,1:08:24,THA
Bangkok 2026,Thailand,Open Men,25-29,84,12,1:08:27,THA
Bangkok 2026,Thailand,Open Men,16-24,85,10,1:08:28,THA
Bangkok 2026,Thailand,Open Men,30-34,86,27,1:08:38,CHN
Bangkok 2026,Thailand,Open Men,35-39,87,20,1:08:39,GBR
Bangkok 2026,Thailand,Open Men,35-39,88,21,1:08:48,MAS
Bangkok 2026,Thailand,Open Men,40-44,89,17,1:08:50,BEL
Bangkok 2026,Thailand,Open Men,30-34,90,28,1:08:58,MEX
Bangkok 2026,Thailand,Open Men,16-24,91,11,1:09:01,THA
Bangkok 2026,Thailand,Open Men,35-39,92,22,1:09:07,RSA
Bangkok 2026,Thailand,Open Men,25-29,93,13,1:09:08,THA
Bangkok 2026,Thailand,Open Men,45-49,94,3,1:09:12,COK
Bangkok 2026,Thailand,Open Men,30-34,95,29,1:09:14,IRL
Bangkok 2026,Thailand,Open Men,25-29,96,14,1:09:21,THA
Bangkok 2026,Thailand,Open Men,30-34,97,30,1:09:25,MAR
Bangkok 2026,Thailand,Open Men,25-29,98,15,1:09:39,INA
Bangkok 2026,Thailand,Open Men,30-34,99,31,1:09:40,THA
Bangkok 2026,Thailand,Open Men,30-34,100,32,1:09:40,RSA
Bangkok 2026,Thailand,Pro Men,30-34,1,1,0:55:49,NZL
Bangkok 2026,Thailand,Pro Men,25-29,2,1,0:58:11,ENG
Bangkok 2026,Thailand,Pro Men,25-29,3,2,1:00:04,ENG
Bangkok 2026,Thailand,Pro Men,25-29,4,3,1:00:32,GBR
Bangkok 2026,Thailand,Pro Men,35-39,5,1,1:01:53,AUS
Bangkok 2026,Thailand,Pro Men,25-29,6,4,1:02:26,NZL
Bangkok 2026,Thailand,Pro Men,16-24,7,1,1:03:44,AUS
Bangkok 2026,Thailand,Pro Men,25-29,8,5,1:03:54,JPN
Bangkok 2026,Thailand,Pro Men,30-34,9,2,1:04:09,GBR
Bangkok 2026,Thailand,Pro Men,30-34,10,3,1:04:57,FRA
Bangkok 2026,Thailand,Pro Men,40-44,11,1,1:05:28,JPN
Bangkok 2026,Thailand,Pro Men,45-49,12,1,1:05:57,NZL
Bangkok 2026,Thailand,Pro Men,30-34,13,4,1:06:48,USA
Bangkok 2026,Thailand,Pro Men,25-29,14,6,1:07:41,USA
Bangkok 2026,Thailand,Pro Men,35-39,15,2,1:08:03,FRA
Bangkok 2026,Thailand,Pro Men,30-34,16,5,1:08:14,AUS
Bangkok 2026,Thailand,Pro Men,25-29,17,7,1:08:16,KOR
Bangkok 2026,Thailand,Pro Men,40-44,18,2,1:09:00,TUR
Bangkok 2026,Thailand,Pro Men,45-49,19,2,1:09:33,CAN
Bangkok 2026,Thailand,Pro Men,40-44,20,3,1:10:30,THA
Bangkok 2026,Thailand,Pro Men,40-44,21,4,1:10:32,AUS
Bangkok 2026,Thailand,Pro Men,35-39,22,3,1:10:43,AUS
Bangkok 2026,Thailand,Pro Men,25-29,23,8,1:12:30,NZL
Bangkok 2026,Thailand,Pro Men,35-39,24,4,1:12:37,RUS
Bangkok 2026,Thailand,Pro Men,35-39,25,5,1:12:39,JPN
Bangkok 2026,Thailand,Pro Men,30-34,26,6,1:12:53,SIN
Bangkok 2026,Thailand,Pro Men,30-34,27,7,1:12:55,TPE
Bangkok 2026,Thailand,Pro Men,45-49,28,3,1:13:44,GER
Bangkok 2026,Thailand,Pro Men,40-44,29,5,1:14:08,GBR
Bangkok 2026,Thailand,Pro Men,40-44,30,6,1:15:38,USA
Bangkok 2026,Thailand,Pro Men,25-29,31,9,1:17:09,TPE
Bangkok 2026,Thailand,Pro Men,50-54,32,1,1:18:05,CZE
Bangkok 2026,Thailand,Pro Men,55-59,33,1,1:18:19,USA
Bangkok 2026,Thailand,Pro Men,30-34,34,8,1:18:39,THA
Bangkok 2026,Thailand,Pro Men,30-34,35,9,1:18:47,THA
Bangkok 2026,Thailand,Pro Men,25-29,36,10,1:18:56,KOR
Bangkok 2026,Thailand,Pro Men,25-29,37,11,1:19:09,THA
Bangkok 2026,Thailand,Pro Men,35-39,38,6,1:19:26,NED
Bangkok 2026,Thailand,Pro Men,35-39,39,7,1:19:58,CHN
Bangkok 2026,Thailand,Pro Men,25-29,40,12,1:20:23,THA
Bangkok 2026,Thailand,Pro Men,16-24,41,2,1:21:40,THA
Bangkok 2026,Thailand,Pro Men,25-29,42,13,1:21:43,FRA
Bangkok 2026,Thailand,Pro Men,30-34,43,10,1:21:43,CAN
Bangkok 2026,Thailand,Pro Men,35-39,44,8,1:22:17,THA
Bangkok 2026,Thailand,Pro Men,30-34,45,11,1:22:28,TPE
Bangkok 2026,Thailand,Pro Men,35-39,46,9,1:22:28,GBR
Bangkok 2026,Thailand,Pro Men,30-34,47,12,1:24:19,USA
Bangkok 2026,Thailand,Pro Men,30-34,48,13,1:24:41,THA
Bangkok 2026,Thailand,Pro Men,30-34,49,14,1:25:17,THA
Bangkok 2026,Thailand,Pro Men,16-24,50,3,1:25:28,GER
Bangkok 2026,Thailand,Pro Men,45-49,51,4,1:25:40,RUS
Bangkok 2026,Thailand,Pro Men,30-34,52,15,1:26:16,THA
Bangkok 2026,Thailand,Pro Men,25-29,53,14,1:26:35,KOR
Bangkok 2026,Thailand,Pro Men,35-39,54,10,1:26:43,GBR
Bangkok 2026,Thailand,Pro Men,35-39,55,11,1:27:51,FRA
Bangkok 2026,Thailand,Pro Men,45-49,56,5,1:28:14,GBR
Bangkok 2026,Thailand,Pro Men,25-29,57,15,1:28:42,THA
Bangkok 2026,Thailand,Pro Men,16-24,58,4,1:28:45,THA
Bangkok 2026,Thailand,Pro Men,30-34,59,16,1:30:51,SIN
Bangkok 2026,Thailand,Pro Men,30-34,60,17,1:31:00,TPE
Bangkok 2026,Thailand,Pro Men,35-39,61,12,1:31:58,GER
Bangkok 2026,Thailand,Pro Men,30-34,62,18,1:32:25,THA
Bangkok 2026,Thailand,Pro Men,45-49,63,6,1:32:55,MAS
Bangkok 2026,Thailand,Pro Men,30-34,64,19,1:33:01,GER
Bangkok 2026,Thailand,Pro Men,16-24,65,5,1:33:14,JPN
Bangkok 2026,Thailand,Pro Men,30-34,66,20,1:33:37,SIN
Bangkok 2026,Thailand,Pro Men,30-34,67,21,1:33:54,SIN
Bangkok 2026,Thailand,Pro Men,30-34,68,22,1:35:27,THA
Bangkok 2026,Thailand,Pro Men,30-34,69,23,1:35:33,RSA
Bangkok 2026,Thailand,Pro Men,35-39,70,13,1:35:52,THA
Bangkok 2026,Thailand,Pro Men,40-44,71,7,1:36:02,CHN
Bangkok 2026,Thailand,Pro Men,25-29,72,16,1:36:15,IND
Bangkok 2026,Thailand,Pro Men,35-39,73,14,1:36:32,THA
Bangkok 2026,Thailand,Pro Men,40-44,74,8,1:36:46,THA
Bangkok 2026,Thailand,Pro Men,45-49,75,7,1:38:11,THA
Bangkok 2026,Thailand,Pro Men,30-34,76,24,1:38:16,HKG
Bangkok 2026,Thailand,Pro Men,30-34,77,25,1:38:21,GBR
Bangkok 2026,Thailand,Pro Men,30-34,78,26,1:38:33,THA
Bangkok 2026,Thailand,Pro Men,30-34,79,27,1:38:48,THA
Bangkok 2026,Thailand,Pro Men,25-29,80,17,1:40:36,IND
Bangkok 2026,Thailand,Pro Men,25-29,81,18,1:41:18,THA
Bangkok 2026,Thailand,Pro Men,25-29,82,19,1:41:33,THA
Bangkok 2026,Thailand,Pro Men,25-29,83,20,1:41:45,MAS
Bangkok 2026,Thailand,Pro Men,25-29,84,21,1:42:34,THA
Bangkok 2026,Thailand,Pro Men,25-29,85,22,1:42:35,THA
Bangkok 2026,Thailand,Pro Men,30-34,86,28,1:43:01,AUS
Bangkok 2026,Thailand,Pro Men,25-29,87,23,1:44:01,THA
Bangkok 2026,Thailand,Pro Men,40-44,88,9,1:44:17,SIN
Bangkok 2026,Thailand,Pro Men,45-49,89,8,1:45:15,SIN
Bangkok 2026,Thailand,Pro Men,16-24,90,6,1:45:36,THA
Bangkok 2026,Thailand,Pro Men,30-34,91,29,1:45:59,SIN
Bangkok 2026,Thailand,Pro Men,25-29,92,24,1:45:59,THA
Bangkok 2026,Thailand,Pro Men,16-24,93,7,1:46:01,SIN
Bangkok 2026,Thailand,Pro Men,35-39,94,15,1:46:11,CAN
Bangkok 2026,Thailand,Pro Men,16-24,95,8,1:46:20,KOR
Bangkok 2026,Thailand,Pro Men,30-34,96,30,1:47:21,IND
Bangkok 2026,Thailand,Pro Men,40-44,97,10,1:47:47,AUS
Bangkok 2026,Thailand,Pro Men,30-34,98,31,1:48:03,PHI
Bangkok 2026,Thailand,Pro Men,45-49,99,9,1:48:10,THA
Bangkok 2026,Thailand,Pro Men,40-44,100,11,1:51:00,RUS
Bangkok 2026,Thailand,Open Women,16-24,1,1,1:07:26,PER
Bangkok 2026,Thailand,Open Women,30-34,2,1,1:08:19,THA
Bangkok 2026,Thailand,Open Women,25-29,3,1,1:08:35,INA
Bangkok 2026,Thailand,Open Women,25-29,4,2,1:08:49,KUW
Bangkok 2026,Thailand,Open Women,25-29,5,3,1:09:53,ITA
Bangkok 2026,Thailand,Open Women,16-24,6,2,1:10:18,NZL
Bangkok 2026,Thailand,Open Women,25-29,7,4,1:10:22,TPE
Bangkok 2026,Thailand,Open Women,30-34,8,2,1:11:14,AUS
Bangkok 2026,Thailand,Open Women,45-49,9,1,1:12:15,MAS
Bangkok 2026,Thailand,Open Women,45-49,10,2,1:12:23,THA
Bangkok 2026,Thailand,Open Women,30-34,11,3,1:13:31,SUI
Bangkok 2026,Thailand,Open Women,35-39,12,1,1:14:00,AUS
Bangkok 2026,Thailand,Open Women,30-34,13,4,1:14:19,CHN
Bangkok 2026,Thailand,Open Women,30-34,14,5,1:14:28,NOR
Bangkok 2026,Thailand,Open Women,40-44,15,1,1:14:36,GBR
Bangkok 2026,Thailand,Open Women,35-39,16,2,1:14:37,NZL
Bangkok 2026,Thailand,Open Women,35-39,17,3,1:14:46,THA
Bangkok 2026,Thailand,Open Women,35-39,18,4,1:15:04,IRL
Bangkok 2026,Thailand,Open Women,25-29,19,5,1:15:31,JPN
Bangkok 2026,Thailand,Open Women,40-44,20,2,1:15:32,JPN
Bangkok 2026,Thailand,Open Women,30-34,21,6,1:16:03,MAS
Bangkok 2026,Thailand,Open Women,35-39,22,5,1:16:15,THA
Bangkok 2026,Thailand,Open Women,25-29,23,6,1:16:35,FRA
Bangkok 2026,Thailand,Open Women,16-24,24,3,1:16:49,GBR
Bangkok 2026,Thailand,Open Women,45-49,25,3,1:16:52,PHI
Bangkok 2026,Thailand,Open Women,35-39,26,6,1:16:57,SIN
Bangkok 2026,Thailand,Open Women,16-24,27,4,1:16:59,BRA
Bangkok 2026,Thailand,Open Women,35-39,28,7,1:17:01,RUS
Bangkok 2026,Thailand,Open Women,45-49,29,4,1:17:25,THA
Bangkok 2026,Thailand,Open Women,35-39,30,8,1:17:32,RSA
Bangkok 2026,Thailand,Open Women,16-24,31,5,1:17:34,THA
Bangkok 2026,Thailand,Open Women,30-34,32,7,1:18:03,THA
Bangkok 2026,Thailand,Open Women,35-39,33,9,1:18:42,HKG
Bangkok 2026,Thailand,Open Women,35-39,34,10,1:18:45,VIE
Bangkok 2026,Thailand,Open Women,35-39,35,11,1:18:51,RSA
Bangkok 2026,Thailand,Open Women,35-39,36,12,1:18:55,PHI
Bangkok 2026,Thailand,Open Women,35-39,37,13,1:19:07,THA
Bangkok 2026,Thailand,Open Women,45-49,38,5,1:19:08,JPN
Bangkok 2026,Thailand,Open Women,30-34,39,8,1:19:19,THA
Bangkok 2026,Thailand,Open Women,35-39,40,14,1:19:20,KOR
Bangkok 2026,Thailand,Open Women,25-29,41,7,1:19:30,THA
Bangkok 2026,Thailand,Open Women,16-24,42,6,1:19:32,MAS
Bangkok 2026,Thailand,Open Women,35-39,43,15,1:19:49,HKG
Bangkok 2026,Thailand,Open Women,40-44,44,3,1:19:53,THA
Bangkok 2026,Thailand,Open Women,16-24,45,7,1:19:58,SIN
Bangkok 2026,Thailand,Open Women,25-29,46,8,1:20:00,GER
Bangkok 2026,Thailand,Open Women,25-29,47,9,1:20:01,CZE
Bangkok 2026,Thailand,Open Women,25-29,48,10,1:20:10,THA
Bangkok 2026,Thailand,Open Women,25-29,49,11,1:20:27,MAS
Bangkok 2026,Thailand,Open Women,16-24,50,8,1:20:34,SIN
Bangkok 2026,Thailand,Open Women,25-29,51,12,1:20:41,THA
Bangkok 2026,Thailand,Open Women,30-34,52,9,1:20:49,THA
Bangkok 2026,Thailand,Open Women,16-24,53,9,1:21:04,IRL
Bangkok 2026,Thailand,Open Women,30-34,54,10,1:21:08,THA
Bangkok 2026,Thailand,Open Women,35-39,55,16,1:21:15,PHI
Bangkok 2026,Thailand,Open Women,30-34,56,11,1:21:25,THA
Bangkok 2026,Thailand,Open Women,30-34,57,12,1:21:31,KOR
Bangkok 2026,Thailand,Open Women,45-49,58,6,1:21:37,SIN
Bangkok 2026,Thailand,Open Women,30-34,59,13,1:21:44,CHN
Bangkok 2026,Thailand,Open Women,35-39,60,17,1:21:46,FRA
Bangkok 2026,Thailand,Open Women,30-34,61,14,1:21:57,MAS
Bangkok 2026,Thailand,Open Women,25-29,62,13,1:22:03,THA
Bangkok 2026,Thailand,Open Women,25-29,63,14,1:22:04,THA
Bangkok 2026,Thailand,Open Women,45-49,64,7,1:22:11,JPN
Bangkok 2026,Thailand,Open Women,40-44,65,4,1:22:13,POR
Bangkok 2026,Thailand,Open Women,16-24,66,10,1:22:24,THA
Bangkok 2026,Thailand,Open Women,40-44,67,5,1:22:39,NZL
Bangkok 2026,Thailand,Open Women,35-39,68,18,1:22:42,THA
Bangkok 2026,Thailand,Open Women,30-34,69,15,1:22:45,THA
Bangkok 2026,Thailand,Open Women,16-24,70,11,1:22:47,GER
Bangkok 2026,Thailand,Open Women,25-29,71,15,1:22:47,SUI
Bangkok 2026,Thailand,Open Women,40-44,72,6,1:23:00,THA
Bangkok 2026,Thailand,Open Women,35-39,73,19,1:23:08,THA
Bangkok 2026,Thailand,Open Women,25-29,74,16,1:23:10,HKG
Bangkok 2026,Thailand,Open Women,25-29,75,17,1:23:13,THA
Bangkok 2026,Thailand,Open Women,25-29,76,18,1:23:19,PHI
Bangkok 2026,Thailand,Open Women,25-29,77,19,1:23:25,INA
Bangkok 2026,Thailand,Open Women,30-34,78,16,1:23:37,INA
Bangkok 2026,Thailand,Open Women,40-44,79,7,1:23:43,THA
Bangkok 2026,Thailand,Open Women,25-29,80,20,1:23:45,KOR
Bangkok 2026,Thailand,Open Women,25-29,81,21,1:23:46,NED
Bangkok 2026,Thailand,Open Women,40-44,82,8,1:23:52,MAS
Bangkok 2026,Thailand,Open Women,45-49,83,8,1:23:52,IRL
Bangkok 2026,Thailand,Open Women,35-39,84,20,1:23:54,KOR
Bangkok 2026,Thailand,Open Women,25-29,85,22,1:24:01,ITA
Bangkok 2026,Thailand,Open Women,25-29,86,23,1:24:08,NEP
Bangkok 2026,Thailand,Open Women,35-39,87,21,1:24:16,PHI
Bangkok 2026,Thailand,Open Women,40-44,88,9,1:24:18,THA
Bangkok 2026,Thailand,Open Women,50-54,89,1,1:24:20,THA
Bangkok 2026,Thailand,Open Women,45-49,90,9,1:24:21,THA
Bangkok 2026,Thailand,Open Women,40-44,91,10,1:24:23,THA
Bangkok 2026,Thailand,Open Women,30-34,92,17,1:24:27,THA
Bangkok 2026,Thailand,Open Women,30-34,93,18,1:24:31,THA
Bangkok 2026,Thailand,Open Women,30-34,94,19,1:24:33,THA
Bangkok 2026,Thailand,Open Women,40-44,95,11,1:24:37,THA
Bangkok 2026,Thailand,Open Women,35-39,96,22,1:25:02,CHN
Bangkok 2026,Thailand,Open Women,45-49,97,10,1:25:04,THA
Bangkok 2026,Thailand,Open Women,30-34,98,20,1:25:05,SIN
Bangkok 2026,Thailand,Open Women,30-34,99,21,1:25:11,SIN
Bangkok 2026,Thailand,Open Women,35-39,100,23,1:25:16,THA
Bangkok 2026,Thailand,Pro Women,30-34,1,1,1:01:31,NZL
Bangkok 2026,Thailand,Pro Women,30-34,2,2,1:04:21,AUT
Bangkok 2026,Thailand,Pro Women,25-29,3,1,1:05:18,CAN
Bangkok 2026,Thailand,Pro Women,30-34,4,3,1:06:21,JPN
Bangkok 2026,Thailand,Pro Women,40-44,5,1,1:08:58,FRA
Bangkok 2026,Thailand,Pro Women,30-34,6,4,1:09:00,THA
Bangkok 2026,Thailand,Pro Women,30-34,7,5,1:09:30,GBR
Bangkok 2026,Thailand,Pro Women,35-39,8,1,1:10:16,AUS
Bangkok 2026,Thailand,Pro Women,30-34,9,6,1:10:30,MAR
Bangkok 2026,Thailand,Pro Women,16-24,10,1,1:11:41,NED
Bangkok 2026,Thailand,Pro Women,35-39,11,2,1:12:37,AUS
Bangkok 2026,Thailand,Pro Women,30-34,12,7,1:12:47,SIN
Bangkok 2026,Thailand,Pro Women,30-34,13,8,1:12:56,KOR
Bangkok 2026,Thailand,Pro Women,25-29,14,2,1:13:18,KGZ
Bangkok 2026,Thailand,Pro Women,30-34,15,9,1:15:42,GBR
Bangkok 2026,Thailand,Pro Women,25-29,16,3,1:16:19,KOR
Bangkok 2026,Thailand,Pro Women,45-49,17,1,1:16:44,GBR
Bangkok 2026,Thailand,Pro Women,30-34,18,10,1:17:14,GER
Bangkok 2026,Thailand,Pro Women,25-29,19,4,1:17:56,THA
Bangkok 2026,Thailand,Pro Women,45-49,20,2,1:19:31,GBR
Bangkok 2026,Thailand,Pro Women,30-34,21,11,1:19:55,THA
Bangkok 2026,Thailand,Pro Women,35-39,22,3,1:21:12,HKG
Bangkok 2026,Thailand,Pro Women,30-34,23,12,1:22:12,KOR
Bangkok 2026,Thailand,Pro Women,16-24,24,2,1:22:48,FIN
Bangkok 2026,Thailand,Pro Women,30-34,25,13,1:23:46,GER
Bangkok 2026,Thailand,Pro Women,30-34,26,14,1:24:03,HKG
Bangkok 2026,Thailand,Pro Women,40-44,27,2,1:24:41,JPN
Bangkok 2026,Thailand,Pro Women,30-34,28,15,1:25:15,FRA
Bangkok 2026,Thailand,Pro Women,40-44,29,3,1:25:34,AUS
Bangkok 2026,Thailand,Pro Women,35-39,30,4,1:26:25,CHN
Bangkok 2026,Thailand,Pro Women,30-34,31,16,1:28:02,CHN
Bangkok 2026,Thailand,Pro Women,25-29,32,5,1:28:26,THA
Bangkok 2026,Thailand,Pro Women,16-24,33,3,1:29:28,BRA
Bangkok 2026,Thailand,Pro Women,35-39,34,5,1:32:07,INA
Bangkok 2026,Thailand,Pro Women,30-34,35,17,1:33:42,TPE
Bangkok 2026,Thailand,Pro Women,30-34,36,18,1:33:44,RUS
Bangkok 2026,Thailand,Pro Women,50-54,37,1,1:33:56,THA
Bangkok 2026,Thailand,Pro Women,35-39,38,6,1:34:01,KOR
Bangkok 2026,Thailand,Pro Women,35-39,39,7,1:34:09,THA
Bangkok 2026,Thailand,Pro Women,30-34,40,19,1:34:10,GBR
Bangkok 2026,Thailand,Pro Women,35-39,41,8,1:34:20,HKG
Bangkok 2026,Thailand,Pro Women,40-44,42,4,1:34:35,SIN
Bangkok 2026,Thailand,Pro Women,45-49,43,3,1:34:36,THA
Bangkok 2026,Thailand,Pro Women,35-39,44,9,1:36:13,THA
Bangkok 2026,Thailand,Pro Women,40-44,45,5,1:37:25,THA
Bangkok 2026,Thailand,Pro Women,25-29,46,6,1:38:04,THA
Bangkok 2026,Thailand,Pro Women,40-44,47,6,1:38:41,GBR
Bangkok 2026,Thailand,Pro Women,40-44,48,7,1:39:34,MAS
Bangkok 2026,Thailand,Pro Women,30-34,49,20,1:39:40,CHN
Bangkok 2026,Thailand,Pro Women,25-29,50,7,1:39:46,MAS
Bangkok 2026,Thailand,Pro Women,30-34,51,21,1:43:46,IND
Bangkok 2026,Thailand,Pro Women,35-39,52,10,1:45:31,THA
Bangkok 2026,Thailand,Pro Women,30-34,53,22,1:45:51,LAO
Bangkok 2026,Thailand,Pro Women,40-44,54,8,1:45:57,LES
Bangkok 2026,Thailand,Pro Women,35-39,55,11,1:46:11,KOR
Bangkok 2026,Thailand,Pro Women,25-29,56,8,1:46:55,PHI
Bangkok 2026,Thailand,Pro Women,45-49,57,4,1:47:59,GBR
Bangkok 2026,Thailand,Pro Women,30-34,58,23,1:48:11,FRA
Bangkok 2026,Thailand,Pro Women,25-29,59,9,1:49:42,IND
Bangkok 2026,Thailand,Pro Women,30-34,60,24,1:50:54,THA
Bangkok 2026,Thailand,Pro Women,50-54,61,2,1:54:42,VIE
Bangkok 2026,Thailand,Pro Women,40-44,62,9,1:54:43,USA
Bangkok 2026,Thailand,Pro Women,45-49,63,5,1:54:46,THA
Bangkok 2026,Thailand,Pro Women,40-44,64,10,1:55:38,SIN
Bangkok 2026,Thailand,Pro Women,40-44,65,11,1:56:54,THA
Bangkok 2026,Thailand,Pro Women,30-34,66,25,1:58:03,THA
Bangkok 2026,Thailand,Pro Women,45-49,67,6,1:58:31,THA
Bangkok 2026,Thailand,Pro Women,40-44,68,12,1:58:38,THA
Bangkok 2026,Thailand,Pro Women,30-34,69,26,2:03:07,THA
Bangkok 2026,Thailand,Pro Women,45-49,70,7,2:04:08,THA
Bangkok 2026,Thailand,Pro Women,45-49,71,8,2:04:20,PHI
Bangkok 2026,Thailand,Pro Women,45-49,72,9,2:04:33,CHN
Bangkok 2026,Thailand,Pro Women,25-29,73,10,2:09:33,THA
Bangkok 2026,Thailand,Pro Women,30-34,74,27,2:10:14,THA
Bangkok 2026,Thailand,Pro Women,16-24,75,4,2:12:10,IND
Bangkok 2026,Thailand,Pro Women,30-34,76,28,2:14:00,THA
Bangkok 2026,Thailand,Pro Women,40-44,77,13,2:15:00,SIN
Bangkok 2026,Thailand,Pro Women,30-34,78,29,2:26:59,THA
Bangkok 2026,Thailand,Pro Women,35-39,79,12,2:42:36,THA
Bangkok 2026,Thailand,Pro Women,30-34,80,30,3:00:10,PHI
Bangkok 2026,Thailand,Pro Women,40-44,81,14,3:06:18,USA
Bangkok 2026,Thailand,Pro Women,50-54,82,3,3:29:32,THA
Bangkok 2026,Thailand,Doubles Men,25-29,1,1,0:53:01,KOR
Bangkok 2026,Thailand,Doubles Men,30-34,2,1,0:53:33,GBR/MYA
Bangkok 2026,Thailand,Doubles Men,35-39,3,1,0:53:36,KOR
Bangkok 2026,Thailand,Doubles Men,30-34,4,2,0:54:31,THA/USA
Bangkok 2026,Thailand,Doubles Men,25-29,5,2,0:54:58,KOR
Bangkok 2026,Thailand,Doubles Men,25-29,6,3,0:55:05,HKG
Bangkok 2026,Thailand,Doubles Men,30-34,7,3,0:56:03,THA
Bangkok 2026,Thailand,Doubles Men,45-49,8,1,0:56:38,KOR
Bangkok 2026,Thailand,Doubles Men,40-44,9,1,0:56:43,KOR
Bangkok 2026,Thailand,Doubles Men,30-34,10,4,0:56:58,GBR/GER
Bangkok 2026,Thailand,Doubles Men,40-44,11,2,0:57:18,AUS/THA
Bangkok 2026,Thailand,Doubles Men,30-34,12,5,0:57:21,KOR
Bangkok 2026,Thailand,Doubles Men,35-39,13,2,0:57:32,USA
Bangkok 2026,Thailand,Doubles Men,25-29,14,4,0:57:47,KOR
Bangkok 2026,Thailand,Doubles Men,35-39,15,3,0:58:12,KOR
Bangkok 2026,Thailand,Doubles Men,30-34,16,6,0:58:12,GBR/POL
Bangkok 2026,Thailand,Doubles Men,30-34,17,7,0:58:36,RUS/IRL
Bangkok 2026,Thailand,Doubles Men,16-24,18,1,0:58:36,THA
Bangkok 2026,Thailand,Doubles Men,35-39,19,4,0:58:53,THA/USA
Bangkok 2026,Thailand,Doubles Men,40-44,20,3,0:59:17,SIN
Bangkok 2026,Thailand,Doubles Men,30-34,21,8,0:59:26,THA
Bangkok 2026,Thailand,Doubles Men,30-34,22,9,0:59:37,THA/CAN
Bangkok 2026,Thailand,Doubles Men,30-34,23,10,0:59:40,KOR
Bangkok 2026,Thailand,Doubles Men,30-34,24,11,0:59:47,KOR
Bangkok 2026,Thailand,Doubles Men,25-29,25,5,0:59:49,THA
Bangkok 2026,Thailand,Doubles Men,25-29,26,6,0:59:54,THA
Bangkok 2026,Thailand,Doubles Men,30-34,27,12,0:59:59,KOR
Bangkok 2026,Thailand,Doubles Men,25-29,28,7,1:00:10,MAS/FRA
Bangkok 2026,Thailand,Doubles Men,35-39,29,5,1:00:23,MAS/KOR
Bangkok 2026,Thailand,Doubles Men,30-34,30,13,1:00:27,HKG
Bangkok 2026,Thailand,Doubles Men,35-39,31,6,1:00:29,THA
Bangkok 2026,Thailand,Doubles Men,35-39,32,7,1:00:54,THA
Bangkok 2026,Thailand,Doubles Men,35-39,33,8,1:01:02,THA/CAN
Bangkok 2026,Thailand,Doubles Men,25-29,34,8,1:01:22,THA
Bangkok 2026,Thailand,Doubles Men,35-39,35,9,1:01:28,USA
Bangkok 2026,Thailand,Doubles Men,30-34,36,14,1:01:35,SIN
Bangkok 2026,Thailand,Doubles Men,30-34,37,15,1:01:44,KOR
Bangkok 2026,Thailand,Doubles Men,16-24,38,2,1:01:45,KOR
Bangkok 2026,Thailand,Doubles Men,35-39,39,10,1:01:51,THA
Bangkok 2026,Thailand,Doubles Men,35-39,40,12,1:01:53,THA
Bangkok 2026,Thailand,Doubles Men,35-39,41,11,1:01:53,SIN/THA
Bangkok 2026,Thailand,Doubles Men,30-34,42,16,1:01:53,KOR
Bangkok 2026,Thailand,Doubles Men,40-44,43,4,1:01:54,GBR
Bangkok 2026,Thailand,Doubles Men,30-34,44,17,1:01:59,GBR/THA
Bangkok 2026,Thailand,Doubles Men,30-34,45,18,1:02:04,KOR
Bangkok 2026,Thailand,Doubles Men,16-24,46,3,1:02:04,INA
Bangkok 2026,Thailand,Doubles Men,35-39,47,13,1:02:06,THA
Bangkok 2026,Thailand,Doubles Men,30-34,48,19,1:02:07,KOR
Bangkok 2026,Thailand,Doubles Men,35-39,49,14,1:02:11,JPN
Bangkok 2026,Thailand,Doubles Men,16-24,50,4,1:02:11,THA
Bangkok 2026,Thailand,Doubles Men,40-44,51,5,1:02:23,THA
Bangkok 2026,Thailand,Doubles Men,30-34,52,20,1:02:45,IND
Bangkok 2026,Thailand,Doubles Men,35-39,53,15,1:02:51,KOR
Bangkok 2026,Thailand,Doubles Men,25-29,54,9,1:02:53,THA
Bangkok 2026,Thailand,Doubles Men,30-34,55,21,1:02:57,GBR/USA
Bangkok 2026,Thailand,Doubles Men,35-39,56,16,1:02:59,SIN
Bangkok 2026,Thailand,Doubles Men,16-24,57,5,1:03:01,KOR
Bangkok 2026,Thailand,Doubles Men,30-34,58,22,1:03:05,THA
Bangkok 2026,Thailand,Doubles Men,35-39,59,17,1:03:11,THA
Bangkok 2026,Thailand,Doubles Men,35-39,60,18,1:03:13,PHI
Bangkok 2026,Thailand,Doubles Men,35-39,61,19,1:03:26,PHI
Bangkok 2026,Thailand,Doubles Men,30-34,62,23,1:03:28,GER
Bangkok 2026,Thailand,Doubles Men,16-24,63,6,1:03:29,VIE
Bangkok 2026,Thailand,Doubles Men,30-34,64,24,1:03:30,THA/RSA
Bangkok 2026,Thailand,Doubles Men,30-34,65,25,1:03:37,THA
Bangkok 2026,Thailand,Doubles Men,25-29,66,10,1:03:42,HKG
Bangkok 2026,Thailand,Doubles Men,45-49,67,2,1:03:48,THA
Bangkok 2026,Thailand,Doubles Men,30-34,68,26,1:03:57,THA
Bangkok 2026,Thailand,Doubles Men,25-29,69,11,1:04:04,THA
Bangkok 2026,Thailand,Doubles Men,30-34,70,27,1:04:05,THA
Bangkok 2026,Thailand,Doubles Men,30-34,71,28,1:04:06,THA
Bangkok 2026,Thailand,Doubles Men,16-24,72,7,1:04:08,INA
Bangkok 2026,Thailand,Doubles Men,25-29,73,12,1:04:08,HKG
Bangkok 2026,Thailand,Doubles Men,30-34,74,29,1:04:10,USA/GBR
Bangkok 2026,Thailand,Doubles Men,35-39,75,20,1:04:11,DEN/GBR
Bangkok 2026,Thailand,Doubles Men,25-29,76,13,1:04:13,GBR/NZL
Bangkok 2026,Thailand,Doubles Men,25-29,77,14,1:04:13,HKG
Bangkok 2026,Thailand,Doubles Men,30-34,78,30,1:04:19,THA
Bangkok 2026,Thailand,Doubles Men,35-39,79,21,1:04:35,THA
Bangkok 2026,Thailand,Doubles Men,16-24,80,8,1:04:37,SIN
Bangkok 2026,Thailand,Doubles Men,30-34,81,31,1:04:41,NED/KOR
Bangkok 2026,Thailand,Doubles Men,30-34,82,32,1:04:43,THA
Bangkok 2026,Thailand,Doubles Men,40-44,83,6,1:04:53,GBR/USA
Bangkok 2026,Thailand,Doubles Men,35-39,84,22,1:05:01,KOR
Bangkok 2026,Thailand,Doubles Men,30-34,85,33,1:05:02,THA
Bangkok 2026,Thailand,Doubles Men,35-39,86,23,1:05:02,THA
Bangkok 2026,Thailand,Doubles Men,35-39,87,24,1:05:03,THA
Bangkok 2026,Thailand,Doubles Men,35-39,88,25,1:05:13,MAS
Bangkok 2026,Thailand,Doubles Men,40-44,89,7,1:05:14,SRI
Bangkok 2026,Thailand,Doubles Men,25-29,90,15,1:05:29,THA
Bangkok 2026,Thailand,Doubles Men,25-29,91,16,1:05:31,HKG
Bangkok 2026,Thailand,Doubles Men,16-24,92,9,1:05:32,GBR
Bangkok 2026,Thailand,Doubles Men,35-39,93,26,1:05:33,ENG/USA
Bangkok 2026,Thailand,Doubles Men,25-29,94,17,1:05:37,THA
Bangkok 2026,Thailand,Doubles Men,25-29,95,18,1:05:37,THA
Bangkok 2026,Thailand,Doubles Men,16-24,96,10,1:05:38,THA
Bangkok 2026,Thailand,Doubles Men,30-34,97,34,1:05:41,TPE
Bangkok 2026,Thailand,Doubles Men,30-34,98,35,1:05:48,MYA
Bangkok 2026,Thailand,Doubles Men,25-29,99,19,1:05:50,SIN
Bangkok 2026,Thailand,Doubles Men,35-39,100,27,1:05:56,THA
Bangkok 2026,Thailand,Doubles Women,35-39,1,1,1:03:41,GBR
Bangkok 2026,Thailand,Doubles Women,30-34,2,1,1:04:49,TPE
Bangkok 2026,Thailand,Doubles Women,25-29,3,1,1:04:53,GBR
Bangkok 2026,Thailand,Doubles Women,25-29,4,2,1:05:45,KOR
Bangkok 2026,Thailand,Doubles Women,40-44,5,1,1:06:36,THA
Bangkok 2026,Thailand,Doubles Women,35-39,6,2,1:06:43,KOR
Bangkok 2026,Thailand,Doubles Women,30-34,7,2,1:06:51,THA
Bangkok 2026,Thailand,Doubles Women,16-24,8,1,1:08:15,SIN
Bangkok 2026,Thailand,Doubles Women,30-34,9,3,1:08:50,THA
Bangkok 2026,Thailand,Doubles Women,40-44,10,2,1:08:50,THA
Bangkok 2026,Thailand,Doubles Women,25-29,11,3,1:08:57,MAS
Bangkok 2026,Thailand,Doubles Women,30-34,12,4,1:09:20,NED
Bangkok 2026,Thailand,Doubles Women,16-24,13,2,1:09:43,THA
Bangkok 2026,Thailand,Doubles Women,16-24,14,3,1:09:51,USA
Bangkok 2026,Thailand,Doubles Women,25-29,15,4,1:11:29,HKG
Bangkok 2026,Thailand,Doubles Women,30-34,16,5,1:11:38,PHI
Bangkok 2026,Thailand,Doubles Women,35-39,17,3,1:11:53,MAS
Bangkok 2026,Thailand,Doubles Women,35-39,18,4,1:11:54,THA
Bangkok 2026,Thailand,Doubles Women,30-34,19,6,1:11:54,HKG
Bangkok 2026,Thailand,Doubles Women,30-34,20,7,1:12:19,JPN
Bangkok 2026,Thailand,Doubles Women,35-39,21,5,1:12:38,MAS
Bangkok 2026,Thailand,Doubles Women,25-29,22,5,1:13:28,THA
Bangkok 2026,Thailand,Doubles Women,45-49,23,1,1:13:44,CHN
Bangkok 2026,Thailand,Doubles Women,35-39,24,6,1:13:50,SIN/THA
Bangkok 2026,Thailand,Doubles Women,30-34,25,8,1:14:02,MAS
Bangkok 2026,Thailand,Doubles Women,35-39,26,7,1:14:48,THA
Bangkok 2026,Thailand,Doubles Women,30-34,27,9,1:14:48,THA
Bangkok 2026,Thailand,Doubles Women,30-34,28,10,1:14:54,THA
Bangkok 2026,Thailand,Doubles Women,40-44,29,3,1:15:05,MAS
Bangkok 2026,Thailand,Doubles Women,45-49,30,2,1:15:10,USA/AUS
Bangkok 2026,Thailand,Doubles Women,30-34,31,11,1:15:18,THA/CAY
Bangkok 2026,Thailand,Doubles Women,40-44,32,4,1:15:23,THA
Bangkok 2026,Thailand,Doubles Women,35-39,33,8,1:15:39,THA
Bangkok 2026,Thailand,Doubles Women,16-24,34,4,1:15:39,CAN
Bangkok 2026,Thailand,Doubles Women,45-49,35,3,1:15:48,THA
Bangkok 2026,Thailand,Doubles Women,30-34,36,12,1:15:51,GBR
Bangkok 2026,Thailand,Doubles Women,35-39,37,9,1:15:59,HKG
Bangkok 2026,Thailand,Doubles Women,25-29,38,6,1:16:00,THA/FRA
Bangkok 2026,Thailand,Doubles Women,35-39,39,10,1:16:09,THA
Bangkok 2026,Thailand,Doubles Women,50-54,40,1,1:16:19,THA
Bangkok 2026,Thailand,Doubles Women,30-34,41,13,1:16:34,THA
Bangkok 2026,Thailand,Doubles Women,30-34,42,14,1:16:43,THA
Bangkok 2026,Thailand,Doubles Women,25-29,43,7,1:16:47,MAS
Bangkok 2026,Thailand,Doubles Women,50-54,44,2,1:16:56,HKG
Bangkok 2026,Thailand,Doubles Women,25-29,45,8,1:16:59,THA/FRA
Bangkok 2026,Thailand,Doubles Women,30-34,46,15,1:17:13,THA
Bangkok 2026,Thailand,Doubles Women,40-44,47,5,1:17:19,THA
Bangkok 2026,Thailand,Doubles Women,40-44,48,6,1:17:21,AUS/PHI
Bangkok 2026,Thailand,Doubles Women,35-39,49,11,1:17:27,THA
Bangkok 2026,Thailand,Doubles Women,40-44,50,7,1:17:28,MAS
Bangkok 2026,Thailand,Doubles Women,35-39,51,12,1:17:30,UKR/THA
Bangkok 2026,Thailand,Doubles Women,30-34,52,16,1:17:39,THA
Bangkok 2026,Thailand,Doubles Women,30-34,53,17,1:17:46,PHI
Bangkok 2026,Thailand,Doubles Women,40-44,54,8,1:17:47,THA
Bangkok 2026,Thailand,Doubles Women,30-34,55,18,1:17:50,MAS
Bangkok 2026,Thailand,Doubles Women,40-44,56,9,1:18:16,USA/CAN
Bangkok 2026,Thailand,Doubles Women,35-39,57,13,1:18:17,THA
Bangkok 2026,Thailand,Doubles Women,25-29,58,9,1:18:26,THA
Bangkok 2026,Thailand,Doubles Women,45-49,59,4,1:18:27,THA
Bangkok 2026,Thailand,Doubles Women,35-39,60,14,1:18:36,THA
Bangkok 2026,Thailand,Doubles Women,25-29,61,10,1:18:37,INA
Bangkok 2026,Thailand,Doubles Women,30-34,62,19,1:18:45,INA
Bangkok 2026,Thailand,Doubles Women,35-39,63,15,1:18:47,USA/GBR
Bangkok 2026,Thailand,Doubles Women,25-29,64,11,1:18:57,ESP
Bangkok 2026,Thailand,Doubles Women,40-44,65,10,1:19:00,MAS
Bangkok 2026,Thailand,Doubles Women,30-34,66,20,1:19:02,THA
Bangkok 2026,Thailand,Doubles Women,40-44,67,11,1:19:08,SIN
Bangkok 2026,Thailand,Doubles Women,40-44,68,12,1:19:09,SIN
Bangkok 2026,Thailand,Doubles Women,35-39,69,16,1:19:09,THA
Bangkok 2026,Thailand,Doubles Women,30-34,70,21,1:19:13,THA
Bangkok 2026,Thailand,Doubles Women,35-39,71,17,1:19:18,THA
Bangkok 2026,Thailand,Doubles Women,25-29,72,12,1:19:20,THA
Bangkok 2026,Thailand,Doubles Women,25-29,73,13,1:19:33,THA
Bangkok 2026,Thailand,Doubles Women,35-39,74,18,1:19:34,INA
Bangkok 2026,Thailand,Doubles Women,40-44,75,13,1:19:34,CAN/BEL
Bangkok 2026,Thailand,Doubles Women,45-49,76,5,1:19:36,MAS
Bangkok 2026,Thailand,Doubles Women,40-44,77,14,1:19:38,SIN/MAS
Bangkok 2026,Thailand,Doubles Women,25-29,78,14,1:19:44,HKG
Bangkok 2026,Thailand,Doubles Women,30-34,79,22,1:19:48,THA
Bangkok 2026,Thailand,Doubles Women,30-34,80,23,1:19:49,THA/SIN
Bangkok 2026,Thailand,Doubles Women,30-34,81,24,1:19:57,THA
Bangkok 2026,Thailand,Doubles Women,30-34,82,25,1:20:04,CAN
Bangkok 2026,Thailand,Doubles Women,40-44,83,15,1:20:07,HKG
Bangkok 2026,Thailand,Doubles Women,40-44,84,16,1:20:10,MAS
Bangkok 2026,Thailand,Doubles Women,40-44,85,17,1:20:12,THA
Bangkok 2026,Thailand,Doubles Women,35-39,86,19,1:20:25,INA
Bangkok 2026,Thailand,Doubles Women,30-34,87,26,1:20:35,THA
Bangkok 2026,Thailand,Doubles Women,35-39,88,20,1:20:35,PHI
Bangkok 2026,Thailand,Doubles Women,45-49,89,6,1:20:40,THA
Bangkok 2026,Thailand,Doubles Women,35-39,90,21,1:20:42,USA
Bangkok 2026,Thailand,Doubles Women,40-44,91,18,1:20:49,THA
Bangkok 2026,Thailand,Doubles Women,25-29,92,15,1:20:55,THA
Bangkok 2026,Thailand,Doubles Women,30-34,93,27,1:20:57,CHN
Bangkok 2026,Thailand,Doubles Women,40-44,94,19,1:21:03,SWE/THA
Bangkok 2026,Thailand,Doubles Women,16-24,95,5,1:21:04,THA
Bangkok 2026,Thailand,Doubles Women,30-34,96,28,1:21:05,INA
Bangkok 2026,Thailand,Doubles Women,16-24,97,6,1:21:07,THA
Bangkok 2026,Thailand,Doubles Women,30-34,98,29,1:21:11,GBR
Bangkok 2026,Thailand,Doubles Women,35-39,99,22,1:21:17,GBR/CHN
Bangkok 2026,Thailand,Doubles Women,40-44,100,20,1:21:19,THA
Bangkok 2026,Thailand,Doubles Mixed,30-34,1,1,0:53:30,THA/USA
Bangkok 2026,Thailand,Doubles Mixed,35-39,2,1,0:55:21,CHN
Bangkok 2026,Thailand,Doubles Mixed,40-44,3,1,0:55:47,JPN
Bangkok 2026,Thailand,Doubles Mixed,35-39,4,2,0:56:54,FRA
Bangkok 2026,Thailand,Doubles Mixed,25-29,5,1,0:57:06,GBR
Bangkok 2026,Thailand,Doubles Mixed,35-39,6,3,0:57:59,KOR
Bangkok 2026,Thailand,Doubles Mixed,16-24,7,1,0:58:09,NZL
Bangkok 2026,Thailand,Doubles Mixed,30-34,8,2,0:59:08,GBR/THA
Bangkok 2026,Thailand,Doubles Mixed,30-34,9,3,0:59:59,GBR
Bangkok 2026,Thailand,Doubles Mixed,30-34,10,4,1:00:06,INA/THA
Bangkok 2026,Thailand,Doubles Mixed,25-29,11,2,1:00:43,THA/ENG
Bangkok 2026,Thailand,Doubles Mixed,25-29,12,3,1:00:44,IRL
Bangkok 2026,Thailand,Doubles Mixed,35-39,13,4,1:00:51,AUS/GBR
Bangkok 2026,Thailand,Doubles Mixed,30-34,14,5,1:01:22,GBR/POL
Bangkok 2026,Thailand,Doubles Mixed,30-34,15,6,1:01:34,MAS
Bangkok 2026,Thailand,Doubles Mixed,30-34,16,7,1:02:16,KOR
Bangkok 2026,Thailand,Doubles Mixed,35-39,17,5,1:02:17,NZL/USA
Bangkok 2026,Thailand,Doubles Mixed,25-29,18,4,1:02:57,IND
Bangkok 2026,Thailand,Doubles Mixed,35-39,19,6,1:03:10,GBR/PHI
Bangkok 2026,Thailand,Doubles Mixed,25-29,20,5,1:03:27,GBR/THA
Bangkok 2026,Thailand,Doubles Mixed,30-34,21,8,1:03:39,AUS/GBR
Bangkok 2026,Thailand,Doubles Mixed,25-29,22,6,1:03:52,AUS/FRA
Bangkok 2026,Thailand,Doubles Mixed,25-29,23,7,1:04:18,THA
Bangkok 2026,Thailand,Doubles Mixed,25-29,24,8,1:04:54,SIN
Bangkok 2026,Thailand,Doubles Mixed,40-44,25,2,1:04:59,KOR
Bangkok 2026,Thailand,Doubles Mixed,35-39,26,7,1:05:14,THA
Bangkok 2026,Thailand,Doubles Mixed,30-34,27,9,1:05:17,PHI
Bangkok 2026,Thailand,Doubles Mixed,35-39,28,8,1:05:49,LUX
Bangkok 2026,Thailand,Doubles Mixed,35-39,29,9,1:05:50,GBR/IRL
Bangkok 2026,Thailand,Doubles Mixed,40-44,30,3,1:05:51,CHN/USA
Bangkok 2026,Thailand,Doubles Mixed,35-39,31,10,1:05:57,RUS/THA
Bangkok 2026,Thailand,Doubles Mixed,16-24,32,2,1:06:02,LIE/THA
Bangkok 2026,Thailand,Doubles Mixed,25-29,33,9,1:06:07,GER
Bangkok 2026,Thailand,Doubles Mixed,35-39,34,11,1:06:18,CHN
Bangkok 2026,Thailand,Doubles Mixed,25-29,35,10,1:06:21,LAT/BRA
Bangkok 2026,Thailand,Doubles Mixed,40-44,36,4,1:06:26,THA
Bangkok 2026,Thailand,Doubles Mixed,30-34,37,10,1:06:27,TPE
Bangkok 2026,Thailand,Doubles Mixed,30-34,38,11,1:06:45,CHN
Bangkok 2026,Thailand,Doubles Mixed,30-34,39,12,1:06:53,KOR
Bangkok 2026,Thailand,Doubles Mixed,25-29,40,11,1:07:03,HKG
Bangkok 2026,Thailand,Doubles Mixed,30-34,41,13,1:07:07,THA/GBR
Bangkok 2026,Thailand,Doubles Mixed,25-29,42,12,1:07:17,NED
Bangkok 2026,Thailand,Doubles Mixed,25-29,43,13,1:07:39,FRA
Bangkok 2026,Thailand,Doubles Mixed,30-34,44,14,1:07:49,GER
Bangkok 2026,Thailand,Doubles Mixed,30-34,45,15,1:07:54,THA
Bangkok 2026,Thailand,Doubles Mixed,30-34,46,16,1:07:57,RSA
Bangkok 2026,Thailand,Doubles Mixed,30-34,47,17,1:08:14,THA
Bangkok 2026,Thailand,Doubles Mixed,30-34,48,18,1:08:43,GBR
Bangkok 2026,Thailand,Doubles Mixed,30-34,49,19,1:08:46,KOR
Bangkok 2026,Thailand,Doubles Mixed,35-39,50,12,1:08:50,TPE/USA
Bangkok 2026,Thailand,Doubles Mixed,30-34,51,20,1:08:51,PER/THA
Bangkok 2026,Thailand,Doubles Mixed,45-49,52,1,1:08:52,KOR
Bangkok 2026,Thailand,Doubles Mixed,40-44,53,5,1:08:52,
Bangkok 2026,Thailand,Doubles Mixed,35-39,54,13,1:08:54,HKG
Bangkok 2026,Thailand,Doubles Mixed,25-29,55,14,1:08:59,INA
Bangkok 2026,Thailand,Doubles Mixed,35-39,56,14,1:09:11,GBR/CHN
Bangkok 2026,Thailand,Doubles Mixed,16-24,57,3,1:09:16,THA
Bangkok 2026,Thailand,Doubles Mixed,30-34,58,21,1:09:17,THA/CAN
Bangkok 2026,Thailand,Doubles Mixed,25-29,59,15,1:09:28,NZL/GBR
Bangkok 2026,Thailand,Doubles Mixed,30-34,60,22,1:09:36,HKG
Bangkok 2026,Thailand,Doubles Mixed,35-39,61,15,1:09:37,THA/DEN
Bangkok 2026,Thailand,Doubles Mixed,25-29,62,16,1:09:38,CHI
Bangkok 2026,Thailand,Doubles Mixed,30-34,63,23,1:09:44,USA/HKG
Bangkok 2026,Thailand,Doubles Mixed,35-39,64,16,1:09:50,GBR
Bangkok 2026,Thailand,Doubles Mixed,30-34,65,24,1:09:51,NZL/THA
Bangkok 2026,Thailand,Doubles Mixed,40-44,66,6,1:09:52,RSA
Bangkok 2026,Thailand,Doubles Mixed,35-39,67,17,1:10:02,THA
Bangkok 2026,Thailand,Doubles Mixed,30-34,68,26,1:10:17,INA
Bangkok 2026,Thailand,Doubles Mixed,30-34,69,25,1:10:17,THA
Bangkok 2026,Thailand,Doubles Mixed,30-34,70,27,1:10:27,THA
Bangkok 2026,Thailand,Doubles Mixed,30-34,71,28,1:10:33,TPE
Bangkok 2026,Thailand,Doubles Mixed,35-39,72,18,1:10:34,THA
Bangkok 2026,Thailand,Doubles Mixed,30-34,73,29,1:10:35,PHI
Bangkok 2026,Thailand,Doubles Mixed,30-34,74,30,1:10:39,CHN/SIN
Bangkok 2026,Thailand,Doubles Mixed,30-34,75,31,1:10:43,HKG
Bangkok 2026,Thailand,Doubles Mixed,30-34,76,32,1:10:43,THA
Bangkok 2026,Thailand,Doubles Mixed,30-34,77,33,1:10:46,RUS
Bangkok 2026,Thailand,Doubles Mixed,40-44,78,7,1:10:46,GBR
Bangkok 2026,Thailand,Doubles Mixed,30-34,79,34,1:10:47,KOR
Bangkok 2026,Thailand,Doubles Mixed,30-34,80,35,1:10:48,MAS
Bangkok 2026,Thailand,Doubles Mixed,30-34,81,36,1:10:49,INA/SIN
Bangkok 2026,Thailand,Doubles Mixed,30-34,82,37,1:10:53,MAS
Bangkok 2026,Thailand,Doubles Mixed,16-24,83,4,1:10:53,SUI/GBR
Bangkok 2026,Thailand,Doubles Mixed,25-29,84,17,1:11:01,AUS
Bangkok 2026,Thailand,Doubles Mixed,30-34,85,38,1:11:01,MAS
Bangkok 2026,Thailand,Doubles Mixed,35-39,86,19,1:11:10,THA
Bangkok 2026,Thailand,Doubles Mixed,30-34,87,39,1:11:13,THA
Bangkok 2026,Thailand,Doubles Mixed,30-34,88,40,1:11:14,SIN
Bangkok 2026,Thailand,Doubles Mixed,35-39,89,20,1:11:18,TPE
Bangkok 2026,Thailand,Doubles Mixed,50-54,90,1,1:11:21,USA/SIN
Bangkok 2026,Thailand,Doubles Mixed,30-34,91,41,1:11:23,NZL/RUS
Bangkok 2026,Thailand,Doubles Mixed,40-44,92,8,1:11:29,GER
Bangkok 2026,Thailand,Doubles Mixed,30-34,93,42,1:11:30,GBR
Bangkok 2026,Thailand,Doubles Mixed,55-59,94,1,1:11:32,FRA
Bangkok 2026,Thailand,Doubles Mixed,30-34,95,44,1:11:33,INA
Bangkok 2026,Thailand,Doubles Mixed,30-34,96,43,1:11:33,MAS
Bangkok 2026,Thailand,Doubles Mixed,25-29,97,18,1:11:44,MAS/THA
Bangkok 2026,Thailand,Doubles Mixed,45-49,98,2,1:11:45,ITA/THA
Bangkok 2026,Thailand,Doubles Mixed,30-34,99,45,1:11:45,THA/FRA
Bangkok 2026,Thailand,Doubles Mixed,25-29,100,19,1:11:51,IRL
Bangkok 2026,Thailand,Pro Doubles Men,30-34,1,1,0:52:18,KOR
Bangkok 2026,Thailand,Pro Doubles Men,30-34,2,2,0:52:27,NZL
Bangkok 2026,Thailand,Pro Doubles Men,25-29,3,1,0:55:26,KOR
Bangkok 2026,Thailand,Pro Doubles Men,30-34,4,3,0:56:18,FRA/THA
Bangkok 2026,Thailand,Pro Doubles Men,35-39,5,1,0:56:25,UKR/GBR
Bangkok 2026,Thailand,Pro Doubles Men,25-29,6,2,0:56:55,SIN
Bangkok 2026,Thailand,Pro Doubles Men,35-39,7,2,0:57:04,FRA/GBR
Bangkok 2026,Thailand,Pro Doubles Men,30-34,8,4,0:58:48,THA
Bangkok 2026,Thailand,Pro Doubles Men,25-29,9,3,1:00:46,THA
Bangkok 2026,Thailand,Pro Doubles Men,30-34,10,5,1:00:51,PHI
Bangkok 2026,Thailand,Pro Doubles Men,25-29,11,4,1:00:55,INA
Bangkok 2026,Thailand,Pro Doubles Men,25-29,12,5,1:02:39,SIN
Bangkok 2026,Thailand,Pro Doubles Men,40-44,13,1,1:03:30,THA
Bangkok 2026,Thailand,Pro Doubles Men,16-24,14,1,1:03:50,THA
Bangkok 2026,Thailand,Pro Doubles Men,25-29,15,6,1:04:01,TPE
Bangkok 2026,Thailand,Pro Doubles Men,30-34,16,7,1:04:03,KOR
Bangkok 2026,Thailand,Pro Doubles Men,30-34,17,6,1:04:03,TPE
Bangkok 2026,Thailand,Pro Doubles Men,16-24,18,2,1:04:19,AUS
Bangkok 2026,Thailand,Pro Doubles Men,35-39,19,3,1:05:09,THA
Bangkok 2026,Thailand,Pro Doubles Men,25-29,20,7,1:05:51,THA
Bangkok 2026,Thailand,Pro Doubles Men,30-34,21,8,1:06:16,THA
Bangkok 2026,Thailand,Pro Doubles Men,25-29,22,8,1:06:39,THA
Bangkok 2026,Thailand,Pro Doubles Men,45-49,23,1,1:06:57,AUT/CAN
Bangkok 2026,Thailand,Pro Doubles Men,16-24,24,3,1:07:24,THA
Bangkok 2026,Thailand,Pro Doubles Men,30-34,25,9,1:07:47,THA
Bangkok 2026,Thailand,Pro Doubles Men,25-29,26,9,1:07:53,THA
Bangkok 2026,Thailand,Pro Doubles Men,25-29,27,10,1:07:54,KOR
Bangkok 2026,Thailand,Pro Doubles Men,30-34,28,10,1:08:38,THA
Bangkok 2026,Thailand,Pro Doubles Men,30-34,29,11,1:08:44,THA
Bangkok 2026,Thailand,Pro Doubles Men,35-39,30,4,1:08:59,MAS
Bangkok 2026,Thailand,Pro Doubles Men,30-34,31,12,1:09:05,THA
Bangkok 2026,Thailand,Pro Doubles Men,16-24,32,4,1:09:15,THA
Bangkok 2026,Thailand,Pro Doubles Men,30-34,33,13,1:09:24,THA
Bangkok 2026,Thailand,Pro Doubles Men,30-34,34,14,1:09:38,THA
Bangkok 2026,Thailand,Pro Doubles Men,35-39,35,5,1:09:48,MAS/USA
Bangkok 2026,Thailand,Pro Doubles Men,25-29,36,11,1:09:53,THA
Bangkok 2026,Thailand,Pro Doubles Men,16-24,37,5,1:10:01,THA
Bangkok 2026,Thailand,Pro Doubles Men,30-34,38,15,1:10:36,THA
Bangkok 2026,Thailand,Pro Doubles Men,30-34,39,16,1:10:51,THA
Bangkok 2026,Thailand,Pro Doubles Men,16-24,40,6,1:11:16,THA
Bangkok 2026,Thailand,Pro Doubles Men,30-34,41,17,1:11:35,JPN
Bangkok 2026,Thailand,Pro Doubles Men,25-29,42,12,1:11:39,THA/GBR
Bangkok 2026,Thailand,Pro Doubles Men,45-49,43,2,1:11:46,POR/IRL
Bangkok 2026,Thailand,Pro Doubles Men,35-39,44,6,1:11:51,THA
Bangkok 2026,Thailand,Pro Doubles Men,25-29,45,13,1:12:06,JPN
Bangkok 2026,Thailand,Pro Doubles Men,30-34,46,18,1:12:33,THA
Bangkok 2026,Thailand,Pro Doubles Men,35-39,47,7,1:13:09,MAS
Bangkok 2026,Thailand,Pro Doubles Men,35-39,48,8,1:13:13,AUS
Bangkok 2026,Thailand,Pro Doubles Men,35-39,49,9,1:14:02,HKG
Bangkok 2026,Thailand,Pro Doubles Men,35-39,50,10,1:14:11,IND
Bangkok 2026,Thailand,Pro Doubles Men,25-29,51,14,1:14:54,THA
Bangkok 2026,Thailand,Pro Doubles Men,35-39,52,11,1:16:04,THA
Bangkok 2026,Thailand,Pro Doubles Men,50-54,53,1,1:16:34,USA
Bangkok 2026,Thailand,Pro Doubles Men,30-34,54,19,1:16:52,ITA
Bangkok 2026,Thailand,Pro Doubles Men,30-34,55,20,1:17:29,THA
Bangkok 2026,Thailand,Pro Doubles Men,45-49,56,3,1:17:31,HKG
Bangkok 2026,Thailand,Pro Doubles Men,30-34,57,21,1:17:50,MAS
Bangkok 2026,Thailand,Pro Doubles Men,35-39,58,12,1:17:50,THA
Bangkok 2026,Thailand,Pro Doubles Men,30-34,59,22,1:18:12,THA
Bangkok 2026,Thailand,Pro Doubles Men,25-29,60,15,1:18:15,THA
Bangkok 2026,Thailand,Pro Doubles Men,35-39,61,13,1:18:32,THA
Bangkok 2026,Thailand,Pro Doubles Men,30-34,62,23,1:18:33,SIN
Bangkok 2026,Thailand,Pro Doubles Men,45-49,63,4,1:18:53,THA
Bangkok 2026,Thailand,Pro Doubles Men,35-39,64,14,1:19:08,THA
Bangkok 2026,Thailand,Pro Doubles Men,30-34,65,24,1:19:20,THA
Bangkok 2026,Thailand,Pro Doubles Men,45-49,66,5,1:19:57,THA
Bangkok 2026,Thailand,Pro Doubles Men,35-39,67,15,1:20:42,CAN/THA
Bangkok 2026,Thailand,Pro Doubles Men,30-34,68,25,1:20:45,SIN
Bangkok 2026,Thailand,Pro Doubles Men,25-29,69,16,1:21:48,THA
Bangkok 2026,Thailand,Pro Doubles Men,30-34,70,26,1:22:32,THA
Bangkok 2026,Thailand,Pro Doubles Men,30-34,71,27,1:23:10,IND
Bangkok 2026,Thailand,Pro Doubles Men,35-39,72,16,1:23:15,USA/IND
Bangkok 2026,Thailand,Pro Doubles Men,30-34,73,28,1:23:19,CHN
Bangkok 2026,Thailand,Pro Doubles Men,50-54,74,2,1:23:19,USA
Bangkok 2026,Thailand,Pro Doubles Men,25-29,75,17,1:23:20,THA
Bangkok 2026,Thailand,Pro Doubles Men,30-34,76,29,1:23:20,THA
Bangkok 2026,Thailand,Pro Doubles Men,35-39,77,17,1:23:43,THA
Bangkok 2026,Thailand,Pro Doubles Men,30-34,78,30,1:23:59,THA
Bangkok 2026,Thailand,Pro Doubles Men,30-34,79,31,1:24:10,MAS
Bangkok 2026,Thailand,Pro Doubles Men,35-39,80,18,1:25:42,THA
Bangkok 2026,Thailand,Pro Doubles Men,30-34,81,32,1:25:54,TPE
Bangkok 2026,Thailand,Pro Doubles Men,35-39,82,19,1:26:36,THA/MYA
Bangkok 2026,Thailand,Pro Doubles Men,40-44,83,2,1:26:41,SIN
Bangkok 2026,Thailand,Pro Doubles Men,30-34,84,33,1:27:03,THA
Bangkok 2026,Thailand,Pro Doubles Men,40-44,85,3,1:27:05,PHI
Bangkok 2026,Thailand,Pro Doubles Men,35-39,86,20,1:27:08,SIN/THA
Bangkok 2026,Thailand,Pro Doubles Men,40-44,87,4,1:27:09,SIN/MAS
Bangkok 2026,Thailand,Pro Doubles Men,40-44,88,5,1:27:22,THA
Bangkok 2026,Thailand,Pro Doubles Men,35-39,89,21,1:28:48,INA
Bangkok 2026,Thailand,Pro Doubles Men,30-34,90,34,1:28:51,THA
Bangkok 2026,Thailand,Pro Doubles Men,30-34,91,35,1:29:54,THA
Bangkok 2026,Thailand,Pro Doubles Men,30-34,92,36,1:31:12,THA
Bangkok 2026,Thailand,Pro Doubles Men,25-29,93,18,1:31:23,JPN
Bangkok 2026,Thailand,Pro Doubles Men,35-39,94,22,1:31:30,SIN
Bangkok 2026,Thailand,Pro Doubles Men,45-49,95,6,1:31:58,SIN
Bangkok 2026,Thailand,Pro Doubles Men,25-29,96,19,1:32:33,THA
Bangkok 2026,Thailand,Pro Doubles Men,35-39,97,23,1:33:08,PHI
Bangkok 2026,Thailand,Pro Doubles Men,30-34,98,37,1:33:40,THA
Bangkok 2026,Thailand,Pro Doubles Men,30-34,99,38,1:34:04,THA
Bangkok 2026,Thailand,Pro Doubles Men,25-29,100,20,1:34:13,JPN
Bangkok 2026,Thailand,Pro Doubles Women,35-39,1,1,0:58:20,JPN
Bangkok 2026,Thailand,Pro Doubles Women,30-34,2,1,1:03:26,IRL
Bangkok 2026,Thailand,Pro Doubles Women,35-39,3,2,1:07:38,GBR/LAT
Bangkok 2026,Thailand,Pro Doubles Women,25-29,4,1,1:10:26,MAS/PHI
Bangkok 2026,Thailand,Pro Doubles Women,30-34,5,2,1:10:35,ITA/MAR
Bangkok 2026,Thailand,Pro Doubles Women,40-44,6,1,1:10:42,THA
Bangkok 2026,Thailand,Pro Doubles Women,16-24,7,1,1:11:11,SIN
Bangkok 2026,Thailand,Pro Doubles Women,45-49,8,1,1:12:52,AUS/USA
Bangkok 2026,Thailand,Pro Doubles Women,25-29,9,2,1:15:38,GBR/CAN
Bangkok 2026,Thailand,Pro Doubles Women,30-34,10,3,1:16:07,SIN
Bangkok 2026,Thailand,Pro Doubles Women,30-34,11,4,1:16:31,INA
Bangkok 2026,Thailand,Pro Doubles Women,30-34,12,5,1:17:57,PHI
Bangkok 2026,Thailand,Pro Doubles Women,30-34,13,6,1:18:51,MAS
Bangkok 2026,Thailand,Pro Doubles Women,30-34,14,7,1:18:52,THA
Bangkok 2026,Thailand,Pro Doubles Women,40-44,15,2,1:19:03,PHI
Bangkok 2026,Thailand,Pro Doubles Women,30-34,16,8,1:20:02,CHN/SIN
Bangkok 2026,Thailand,Pro Doubles Women,35-39,17,3,1:20:17,SIN
Bangkok 2026,Thailand,Pro Doubles Women,50-54,18,1,1:21:06,GBR/GER
Bangkok 2026,Thailand,Pro Doubles Women,40-44,19,3,1:21:39,THA
Bangkok 2026,Thailand,Pro Doubles Women,45-49,20,2,1:21:56,THA
Bangkok 2026,Thailand,Pro Doubles Women,40-44,21,4,1:22:11,MAS
Bangkok 2026,Thailand,Pro Doubles Women,40-44,22,5,1:22:48,MAS
Bangkok 2026,Thailand,Pro Doubles Women,40-44,23,6,1:22:53,THA
Bangkok 2026,Thailand,Pro Doubles Women,30-34,24,9,1:23:25,THA
Bangkok 2026,Thailand,Pro Doubles Women,35-39,25,4,1:24:41,THA/INA
Bangkok 2026,Thailand,Pro Doubles Women,30-34,26,10,1:25:35,SIN
Bangkok 2026,Thailand,Pro Doubles Women,30-34,27,11,1:25:57,THA/CHN
Bangkok 2026,Thailand,Pro Doubles Women,30-34,28,12,1:26:23,THA
Bangkok 2026,Thailand,Pro Doubles Women,40-44,29,7,1:26:27,THA
Bangkok 2026,Thailand,Pro Doubles Women,35-39,30,5,1:26:40,GER
Bangkok 2026,Thailand,Pro Doubles Women,35-39,31,6,1:27:04,MAS
Bangkok 2026,Thailand,Pro Doubles Women,50-54,32,2,1:27:41,THA
Bangkok 2026,Thailand,Pro Doubles Women,35-39,33,7,1:28:19,THA/INA
Bangkok 2026,Thailand,Pro Doubles Women,25-29,34,3,1:28:30,THA
Bangkok 2026,Thailand,Pro Doubles Women,45-49,35,3,1:28:40,SIN
Bangkok 2026,Thailand,Pro Doubles Women,25-29,36,4,1:28:51,THA
Bangkok 2026,Thailand,Pro Doubles Women,30-34,37,13,1:29:39,MYA
Bangkok 2026,Thailand,Pro Doubles Women,30-34,38,14,1:30:37,HKG
Bangkok 2026,Thailand,Pro Doubles Women,35-39,39,8,1:31:32,THA
Bangkok 2026,Thailand,Pro Doubles Women,30-34,40,15,1:32:12,THA
Bangkok 2026,Thailand,Pro Doubles Women,40-44,41,8,1:32:44,THA
Bangkok 2026,Thailand,Pro Doubles Women,30-34,42,16,1:33:16,THA
Bangkok 2026,Thailand,Pro Doubles Women,40-44,43,9,1:33:31,THA
Bangkok 2026,Thailand,Pro Doubles Women,25-29,44,5,1:33:52,HKG
Bangkok 2026,Thailand,Pro Doubles Women,35-39,45,9,1:34:41,THA
Bangkok 2026,Thailand,Pro Doubles Women,40-44,46,10,1:35:19,THA
Bangkok 2026,Thailand,Pro Doubles Women,45-49,47,4,1:36:03,CHN
Bangkok 2026,Thailand,Pro Doubles Women,25-29,48,6,1:36:47,CHN
Bangkok 2026,Thailand,Pro Doubles Women,35-39,49,10,1:38:01,PHI
Bangkok 2026,Thailand,Pro Doubles Women,35-39,50,11,1:38:02,THA
Bangkok 2026,Thailand,Pro Doubles Women,45-49,51,5,1:40:11,THA
Bangkok 2026,Thailand,Pro Doubles Women,45-49,52,6,1:41:13,THA
Bangkok 2026,Thailand,Pro Doubles Women,30-34,53,17,1:42:57,THA
Bangkok 2026,Thailand,Pro Doubles Women,35-39,54,12,1:43:07,THA/SWE
Bangkok 2026,Thailand,Pro Doubles Women,35-39,55,13,1:44:08,THA
Bangkok 2026,Thailand,Pro Doubles Women,35-39,56,14,1:45:01,THA
Bangkok 2026,Thailand,Pro Doubles Women,45-49,57,7,1:46:00,THA
Bangkok 2026,Thailand,Pro Doubles Women,40-44,58,11,1:46:08,THA
Bangkok 2026,Thailand,Pro Doubles Women,40-44,59,12,1:46:56,THA
Bangkok 2026,Thailand,Pro Doubles Women,35-39,60,15,1:47:00,THA
Bangkok 2026,Thailand,Pro Doubles Women,40-44,61,13,1:48:00,CHN
Bangkok 2026,Thailand,Pro Doubles Women,16-24,62,2,1:49:38,THA
Bangkok 2026,Thailand,Pro Doubles Women,30-34,63,18,1:50:49,THA
Bangkok 2026,Thailand,Pro Doubles Women,30-34,64,19,1:54:00,PRK/KOR
Bangkok 2026,Thailand,Pro Doubles Women,25-29,65,7,1:54:09,SIN
Bangkok 2026,Thailand,Pro Doubles Women,30-34,66,20,1:54:23,THA
Bangkok 2026,Thailand,Pro Doubles Women,45-49,67,8,1:56:21,THA
Bangkok 2026,Thailand,Pro Doubles Women,30-34,68,21,1:58:39,THA
Bangkok 2026,Thailand,Pro Doubles Women,40-44,69,14,1:59:19,THA
Bangkok 2026,Thailand,Pro Doubles Women,40-44,70,15,1:59:28,THA/PHI
Bangkok 2026,Thailand,Pro Doubles Women,30-34,71,22,1:59:56,SIN
Bangkok 2026,Thailand,Pro Doubles Women,30-34,72,23,2:02:19,THA
Bangkok 2026,Thailand,Pro Doubles Women,30-34,73,24,2:04:38,THA
Bangkok 2026,Thailand,Pro Doubles Women,30-34,74,25,2:05:11,THA
Bangkok 2026,Thailand,Pro Doubles Women,35-39,75,16,2:05:37,THA
Bangkok 2026,Thailand,Pro Doubles Women,50-54,76,3,2:06:50,SIN
Bangkok 2026,Thailand,Pro Doubles Women,35-39,77,17,2:07:03,THA
Bangkok 2026,Thailand,Pro Doubles Women,25-29,78,8,2:09:52,THA
Bangkok 2026,Thailand,Pro Doubles Women,40-44,79,16,2:18:33,THA
Bangkok 2026,Thailand,Pro Doubles Women,25-29,80,9,2:23:25,THA
Bangkok 2026,Thailand,Pro Doubles Women,30-34,81,26,2:40:24,CAN/HKG
Bangkok 2026,Thailand,Pro Doubles Women,55-59,82,1,2:42:51,THA
Bangkok 2026,Thailand,Pro Doubles Women,25-29,83,10,3:42:31,THA
Chiba 2026,Japan,Open Men,16-24,1,1,0:57:26,KOR
Chiba 2026,Japan,Open Men,35-39,2,1,0:59:44,JPN
Chiba 2026,Japan,Open Men,30-34,3,1,1:00:20,KOR
Chiba 2026,Japan,Open Men,35-39,4,2,1:00:45,AUS
Chiba 2026,Japan,Open Men,25-29,5,1,1:00:56,JPN
Chiba 2026,Japan,Open Men,30-34,6,2,1:01:50,JPN
Chiba 2026,Japan,Open Men,30-34,7,3,1:02:16,HKG
Chiba 2026,Japan,Open Men,30-34,8,4,1:02:34,JPN
Chiba 2026,Japan,Open Men,25-29,9,2,1:03:10,JPN
Chiba 2026,Japan,Open Men,25-29,10,3,1:03:15,JPN
Chiba 2026,Japan,Open Men,30-34,11,5,1:03:24,JPN
Chiba 2026,Japan,Open Men,30-34,12,6,1:03:26,HKG
Chiba 2026,Japan,Open Men,30-34,13,7,1:03:32,JPN
Chiba 2026,Japan,Open Men,30-34,14,8,1:03:37,JPN
Chiba 2026,Japan,Open Men,30-34,15,9,1:03:42,KOR
Chiba 2026,Japan,Open Men,25-29,16,4,1:03:45,JPN
Chiba 2026,Japan,Open Men,35-39,17,3,1:03:52,KOR
Chiba 2026,Japan,Open Men,40-44,18,1,1:04:03,JPN
Chiba 2026,Japan,Open Men,35-39,19,4,1:04:04,SWE
Chiba 2026,Japan,Open Men,25-29,20,5,1:04:06,JPN
Chiba 2026,Japan,Open Men,16-24,21,2,1:04:08,JPN
Chiba 2026,Japan,Open Men,35-39,22,5,1:05:04,AUS
Chiba 2026,Japan,Open Men,16-24,23,3,1:05:08,JPN
Chiba 2026,Japan,Open Men,30-34,24,10,1:05:16,JPN
Chiba 2026,Japan,Open Men,30-34,25,11,1:05:19,KOR
Chiba 2026,Japan,Open Men,40-44,26,2,1:05:23,HKG
Chiba 2026,Japan,Open Men,30-34,27,12,1:05:35,JPN
Chiba 2026,Japan,Open Men,30-34,28,13,1:05:40,JPN
Chiba 2026,Japan,Open Men,25-29,29,6,1:05:41,JPN
Chiba 2026,Japan,Open Men,30-34,30,14,1:05:46,TPE
Chiba 2026,Japan,Open Men,25-29,31,7,1:06:13,JPN
Chiba 2026,Japan,Open Men,30-34,32,15,1:06:18,JPN
Chiba 2026,Japan,Open Men,25-29,33,8,1:06:22,JPN
Chiba 2026,Japan,Open Men,45-49,34,1,1:06:29,SUI
Chiba 2026,Japan,Open Men,35-39,35,6,1:06:51,JPN
Chiba 2026,Japan,Open Men,30-34,36,16,1:06:53,JPN
Chiba 2026,Japan,Open Men,30-34,37,17,1:06:56,HKG
Chiba 2026,Japan,Open Men,35-39,38,7,1:07:02,JPN
Chiba 2026,Japan,Open Men,35-39,39,8,1:07:14,IRL
Chiba 2026,Japan,Open Men,16-24,40,4,1:07:30,AUS
Chiba 2026,Japan,Open Men,35-39,41,9,1:07:35,JPN
Chiba 2026,Japan,Open Men,35-39,42,10,1:07:44,JPN
Chiba 2026,Japan,Open Men,30-34,43,18,1:07:44,JPN
Chiba 2026,Japan,Open Men,16-24,44,5,1:08:00,JPN
Chiba 2026,Japan,Open Men,25-29,45,9,1:08:08,JPN
Chiba 2026,Japan,Open Men,16-24,46,6,1:08:47,JPN
Chiba 2026,Japan,Open Men,30-34,47,19,1:08:58,JPN
Chiba 2026,Japan,Open Men,40-44,48,3,1:09:02,JPN
Chiba 2026,Japan,Open Men,35-39,49,11,1:09:03,JPN
Chiba 2026,Japan,Open Men,30-34,50,20,1:09:06,KOR
Chiba 2026,Japan,Open Men,25-29,51,10,1:09:07,JPN
Chiba 2026,Japan,Open Men,25-29,52,11,1:09:19,JPN
Chiba 2026,Japan,Open Men,16-24,53,7,1:09:25,PHI
Chiba 2026,Japan,Open Men,40-44,54,5,1:09:26,JPN
Chiba 2026,Japan,Open Men,40-44,55,4,1:09:26,JPN
Chiba 2026,Japan,Open Men,40-44,56,6,1:09:29,JPN
Chiba 2026,Japan,Open Men,40-44,57,7,1:09:30,JPN
Chiba 2026,Japan,Open Men,25-29,58,12,1:09:44,KOR
Chiba 2026,Japan,Open Men,25-29,59,13,1:09:55,JPN
Chiba 2026,Japan,Open Men,30-34,60,21,1:10:03,HKG
Chiba 2026,Japan,Open Men,25-29,61,14,1:10:08,KOR
Chiba 2026,Japan,Open Men,30-34,62,22,1:10:10,JPN
Chiba 2026,Japan,Open Men,30-34,63,23,1:10:10,JPN
Chiba 2026,Japan,Open Men,16-24,64,8,1:10:11,JPN
Chiba 2026,Japan,Open Men,30-34,65,24,1:10:16,JPN
Chiba 2026,Japan,Open Men,25-29,66,15,1:10:20,JPN
Chiba 2026,Japan,Open Men,25-29,67,16,1:10:22,JPN
Chiba 2026,Japan,Open Men,35-39,68,12,1:10:23,KOR
Chiba 2026,Japan,Open Men,25-29,69,18,1:10:25,JPN
Chiba 2026,Japan,Open Men,25-29,70,17,1:10:25,JPN
Chiba 2026,Japan,Open Men,40-44,71,8,1:10:28,JPN
Chiba 2026,Japan,Open Men,30-34,72,25,1:10:31,JPN
Chiba 2026,Japan,Open Men,25-29,73,19,1:10:33,JPN
Chiba 2026,Japan,Open Men,50-54,74,1,1:10:33,JPN
Chiba 2026,Japan,Open Men,25-29,75,20,1:10:43,JPN
Chiba 2026,Japan,Open Men,40-44,76,9,1:10:45,JPN
Chiba 2026,Japan,Open Men,25-29,77,21,1:10:45,JPN
Chiba 2026,Japan,Open Men,30-34,78,26,1:10:46,MAS
Chiba 2026,Japan,Open Men,40-44,79,10,1:10:49,JPN
Chiba 2026,Japan,Open Men,25-29,80,22,1:10:51,JPN
Chiba 2026,Japan,Open Men,25-29,81,23,1:10:52,JPN
Chiba 2026,Japan,Open Men,16-24,82,9,1:10:54,KOR
Chiba 2026,Japan,Open Men,30-34,83,27,1:10:55,JPN
Chiba 2026,Japan,Open Men,45-49,84,2,1:10:58,JPN
Chiba 2026,Japan,Open Men,40-44,85,11,1:11:02,JPN
Chiba 2026,Japan,Open Men,30-34,86,28,1:11:16,MAS
Chiba 2026,Japan,Open Men,25-29,87,24,1:11:18,RUS
Chiba 2026,Japan,Open Men,30-34,88,29,1:11:21,PHI
Chiba 2026,Japan,Open Men,35-39,89,13,1:11:25,JPN
Chiba 2026,Japan,Open Men,25-29,90,25,1:11:26,JPN
Chiba 2026,Japan,Open Men,25-29,91,26,1:11:29,JPN
Chiba 2026,Japan,Open Men,30-34,92,30,1:11:31,CAN
Chiba 2026,Japan,Open Men,25-29,93,27,1:11:34,JPN
Chiba 2026,Japan,Open Men,30-34,94,31,1:11:35,KOR
Chiba 2026,Japan,Open Men,16-24,95,10,1:11:37,JPN
Chiba 2026,Japan,Open Men,16-24,96,11,1:11:44,JPN
Chiba 2026,Japan,Open Men,30-34,97,32,1:11:56,JPN
Chiba 2026,Japan,Open Men,40-44,98,12,1:11:57,JPN
Chiba 2026,Japan,Open Men,25-29,99,28,1:11:59,JPN
Chiba 2026,Japan,Open Men,16-24,100,12,1:12:02,JPN
Chiba 2026,Japan,Pro Men,30-34,1,1,0:54:37,CAN
Chiba 2026,Japan,Pro Men,25-29,2,1,1:00:09,ENG
Chiba 2026,Japan,Pro Men,25-29,3,2,1:00:42,ENG
Chiba 2026,Japan,Pro Men,25-29,4,3,1:00:44,JPN
Chiba 2026,Japan,Pro Men,25-29,5,4,1:01:26,AUS
Chiba 2026,Japan,Pro Men,35-39,6,1,1:02:16,NZL
Chiba 2026,Japan,Pro Men,40-44,7,1,1:02:22,KOR
Chiba 2026,Japan,Pro Men,25-29,8,5,1:02:24,JPN
Chiba 2026,Japan,Pro Men,25-29,9,6,1:02:40,JPN
Chiba 2026,Japan,Pro Men,16-24,10,1,1:02:58,KOR
Chiba 2026,Japan,Pro Men,30-34,11,2,1:03:33,JPN
Chiba 2026,Japan,Pro Men,25-29,12,7,1:04:09,JPN
Chiba 2026,Japan,Pro Men,16-24,13,2,1:04:45,JPN
Chiba 2026,Japan,Pro Men,25-29,14,8,1:05:00,AUS
Chiba 2026,Japan,Pro Men,25-29,15,9,1:05:28,JPN
Chiba 2026,Japan,Pro Men,40-44,16,2,1:05:53,JPN
Chiba 2026,Japan,Pro Men,25-29,17,10,1:05:53,JPN
Chiba 2026,Japan,Pro Men,35-39,18,2,1:06:06,BRA
Chiba 2026,Japan,Pro Men,40-44,19,3,1:06:39,KOR
Chiba 2026,Japan,Pro Men,25-29,20,11,1:07:01,JPN
Chiba 2026,Japan,Pro Men,25-29,21,12,1:07:29,JPN
Chiba 2026,Japan,Pro Men,35-39,22,3,1:07:36,JPN
Chiba 2026,Japan,Pro Men,35-39,23,4,1:07:52,JPN
Chiba 2026,Japan,Pro Men,30-34,24,3,1:08:13,JPN
Chiba 2026,Japan,Pro Men,40-44,25,4,1:08:13,GBR
Chiba 2026,Japan,Pro Men,25-29,26,13,1:08:20,JPN
Chiba 2026,Japan,Pro Men,35-39,27,5,1:08:34,KOR
Chiba 2026,Japan,Pro Men,25-29,28,14,1:08:36,GBR
Chiba 2026,Japan,Pro Men,30-34,29,4,1:08:48,JPN
Chiba 2026,Japan,Pro Men,30-34,30,5,1:08:49,JPN
Chiba 2026,Japan,Pro Men,35-39,31,6,1:08:52,JPN
Chiba 2026,Japan,Pro Men,25-29,32,15,1:09:01,JPN
Chiba 2026,Japan,Pro Men,25-29,33,16,1:09:39,JPN
Chiba 2026,Japan,Pro Men,30-34,34,6,1:09:47,JPN
Chiba 2026,Japan,Pro Men,25-29,35,17,1:09:53,JPN
Chiba 2026,Japan,Pro Men,30-34,36,7,1:09:59,JPN
Chiba 2026,Japan,Pro Men,30-34,37,8,1:10:04,JPN
Chiba 2026,Japan,Pro Men,16-24,38,3,1:10:20,JPN
Chiba 2026,Japan,Pro Men,30-34,39,9,1:10:21,JPN
Chiba 2026,Japan,Pro Men,16-24,40,4,1:10:24,JPN
Chiba 2026,Japan,Pro Men,25-29,41,18,1:10:46,JPN
Chiba 2026,Japan,Pro Men,35-39,42,7,1:10:59,JPN
Chiba 2026,Japan,Pro Men,25-29,43,19,1:11:09,JPN
Chiba 2026,Japan,Pro Men,30-34,44,10,1:11:26,JPN
Chiba 2026,Japan,Pro Men,30-34,45,12,1:11:26,KOR
Chiba 2026,Japan,Pro Men,30-34,46,11,1:11:26,JPN
Chiba 2026,Japan,Pro Men,30-34,47,13,1:11:54,JPN
Chiba 2026,Japan,Pro Men,30-34,48,14,1:11:55,GER
Chiba 2026,Japan,Pro Men,30-34,49,15,1:12:05,JPN
Chiba 2026,Japan,Pro Men,25-29,50,20,1:12:37,FRA
Chiba 2026,Japan,Pro Men,25-29,51,21,1:12:55,JPN
Chiba 2026,Japan,Pro Men,40-44,52,5,1:13:01,JPN
Chiba 2026,Japan,Pro Men,25-29,53,22,1:13:43,JPN
Chiba 2026,Japan,Pro Men,35-39,54,8,1:13:58,JPN
Chiba 2026,Japan,Pro Men,25-29,55,23,1:14:03,JPN
Chiba 2026,Japan,Pro Men,30-34,56,16,1:14:04,JPN
Chiba 2026,Japan,Pro Men,30-34,57,17,1:14:14,JPN
Chiba 2026,Japan,Pro Men,30-34,58,18,1:14:35,JPN
Chiba 2026,Japan,Pro Men,35-39,59,9,1:14:40,JPN
Chiba 2026,Japan,Pro Men,25-29,60,24,1:15:02,JPN
Chiba 2026,Japan,Pro Men,16-24,61,5,1:15:15,JPN
Chiba 2026,Japan,Pro Men,25-29,62,25,1:15:27,JPN
Chiba 2026,Japan,Pro Men,25-29,63,26,1:15:29,JPN
Chiba 2026,Japan,Pro Men,25-29,64,27,1:15:30,JPN
Chiba 2026,Japan,Pro Men,25-29,65,28,1:15:32,JPN
Chiba 2026,Japan,Pro Men,25-29,66,29,1:15:43,JPN
Chiba 2026,Japan,Pro Men,45-49,67,1,1:15:48,JPN
Chiba 2026,Japan,Pro Men,25-29,68,30,1:16:02,BRA
Chiba 2026,Japan,Pro Men,30-34,69,19,1:16:06,JPN
Chiba 2026,Japan,Pro Men,25-29,70,31,1:16:08,JPN
Chiba 2026,Japan,Pro Men,25-29,71,32,1:16:42,JPN
Chiba 2026,Japan,Pro Men,16-24,72,6,1:16:51,JPN
Chiba 2026,Japan,Pro Men,16-24,73,7,1:17:56,JPN
Chiba 2026,Japan,Pro Men,16-24,74,8,1:18:10,JPN
Chiba 2026,Japan,Pro Men,35-39,75,10,1:18:10,JPN
Chiba 2026,Japan,Pro Men,25-29,76,33,1:18:22,JPN
Chiba 2026,Japan,Pro Men,35-39,77,11,1:18:26,BRA
Chiba 2026,Japan,Pro Men,35-39,78,12,1:18:26,JPN
Chiba 2026,Japan,Pro Men,16-24,79,9,1:18:29,JPN
Chiba 2026,Japan,Pro Men,40-44,80,6,1:18:30,JPN
Chiba 2026,Japan,Pro Men,16-24,81,10,1:18:45,JPN
Chiba 2026,Japan,Pro Men,25-29,82,34,1:19:13,JPN
Chiba 2026,Japan,Pro Men,40-44,83,7,1:19:13,JPN
Chiba 2026,Japan,Pro Men,35-39,84,13,1:19:16,JPN
Chiba 2026,Japan,Pro Men,25-29,85,35,1:19:22,JPN
Chiba 2026,Japan,Pro Men,30-34,86,20,1:19:34,JPN
Chiba 2026,Japan,Pro Men,35-39,87,14,1:19:34,JPN
Chiba 2026,Japan,Pro Men,25-29,88,36,1:19:35,JPN
Chiba 2026,Japan,Pro Men,16-24,89,11,1:19:41,JPN
Chiba 2026,Japan,Pro Men,16-24,90,12,1:19:41,JPN
Chiba 2026,Japan,Pro Men,25-29,91,37,1:19:47,JPN
Chiba 2026,Japan,Pro Men,30-34,92,21,1:19:48,JPN
Chiba 2026,Japan,Pro Men,35-39,93,15,1:19:55,JPN
Chiba 2026,Japan,Pro Men,40-44,94,8,1:20:04,JPN
Chiba 2026,Japan,Pro Men,16-24,95,13,1:20:06,JPN
Chiba 2026,Japan,Pro Men,30-34,96,22,1:20:16,JPN
Chiba 2026,Japan,Pro Men,30-34,97,23,1:20:23,JPN
Chiba 2026,Japan,Pro Men,40-44,98,9,1:20:29,JPN
Chiba 2026,Japan,Pro Men,25-29,99,38,1:20:29,JPN
Chiba 2026,Japan,Pro Men,30-34,100,24,1:20:33,JPN
Chiba 2026,Japan,Open Women,16-24,1,1,1:01:49,USA
Chiba 2026,Japan,Open Women,35-39,2,1,1:06:41,JPN
Chiba 2026,Japan,Open Women,16-24,3,2,1:06:44,JPN
Chiba 2026,Japan,Open Women,25-29,4,1,1:07:20,JPN
Chiba 2026,Japan,Open Women,25-29,5,2,1:07:25,KOR
Chiba 2026,Japan,Open Women,30-34,6,1,1:07:44,KOR
Chiba 2026,Japan,Open Women,50-54,7,1,1:08:18,TPE
Chiba 2026,Japan,Open Women,25-29,8,3,1:08:54,KOR
Chiba 2026,Japan,Open Women,25-29,9,4,1:09:07,JPN
Chiba 2026,Japan,Open Women,45-49,10,1,1:09:28,NZL
Chiba 2026,Japan,Open Women,30-34,11,2,1:10:14,JPN
Chiba 2026,Japan,Open Women,35-39,12,2,1:10:23,JPN
Chiba 2026,Japan,Open Women,16-24,13,3,1:11:15,LUX
Chiba 2026,Japan,Open Women,16-24,14,4,1:11:20,JPN
Chiba 2026,Japan,Open Women,30-34,15,3,1:11:38,JPN
Chiba 2026,Japan,Open Women,25-29,16,5,1:11:41,JPN
Chiba 2026,Japan,Open Women,40-44,17,1,1:12:00,JPN
Chiba 2026,Japan,Open Women,25-29,18,6,1:12:05,JPN
Chiba 2026,Japan,Open Women,25-29,19,7,1:12:16,JPN
Chiba 2026,Japan,Open Women,25-29,20,8,1:12:19,JPN
Chiba 2026,Japan,Open Women,30-34,21,4,1:12:44,JPN
Chiba 2026,Japan,Open Women,30-34,22,5,1:12:58,JPN
Chiba 2026,Japan,Open Women,30-34,23,6,1:13:01,JPN
Chiba 2026,Japan,Open Women,40-44,24,2,1:13:23,JPN
Chiba 2026,Japan,Open Women,35-39,25,3,1:13:26,JPN
Chiba 2026,Japan,Open Women,40-44,26,3,1:13:31,JPN
Chiba 2026,Japan,Open Women,25-29,27,9,1:13:34,JPN
Chiba 2026,Japan,Open Women,40-44,28,4,1:13:52,JPN
Chiba 2026,Japan,Open Women,25-29,29,10,1:13:56,JPN
Chiba 2026,Japan,Open Women,25-29,30,11,1:14:01,JPN
Chiba 2026,Japan,Open Women,30-34,31,7,1:14:05,SIN
Chiba 2026,Japan,Open Women,30-34,32,8,1:14:30,JPN
Chiba 2026,Japan,Open Women,25-29,33,12,1:14:37,JPN
Chiba 2026,Japan,Open Women,30-34,34,9,1:14:44,KOR
Chiba 2026,Japan,Open Women,30-34,35,10,1:14:45,HKG
Chiba 2026,Japan,Open Women,35-39,36,4,1:14:48,JPN
Chiba 2026,Japan,Open Women,30-34,37,11,1:14:58,JPN
Chiba 2026,Japan,Open Women,30-34,38,12,1:15:18,JPN
Chiba 2026,Japan,Open Women,25-29,39,13,1:15:20,JPN
Chiba 2026,Japan,Open Women,25-29,40,14,1:15:29,HKG
Chiba 2026,Japan,Open Women,25-29,41,15,1:15:39,JPN
Chiba 2026,Japan,Open Women,30-34,42,13,1:15:55,JPN
Chiba 2026,Japan,Open Women,30-34,43,14,1:16:03,JPN
Chiba 2026,Japan,Open Women,30-34,44,15,1:16:05,USA
Chiba 2026,Japan,Open Women,40-44,45,5,1:16:08,JPN
Chiba 2026,Japan,Open Women,30-34,46,16,1:16:11,JPN
Chiba 2026,Japan,Open Women,25-29,47,16,1:16:12,JPN
Chiba 2026,Japan,Open Women,35-39,48,5,1:16:14,SIN
Chiba 2026,Japan,Open Women,40-44,49,6,1:16:18,JPN
Chiba 2026,Japan,Open Women,16-24,50,5,1:16:24,JPN
Chiba 2026,Japan,Open Women,35-39,51,6,1:16:31,JPN
Chiba 2026,Japan,Open Women,30-34,52,17,1:16:33,JPN
Chiba 2026,Japan,Open Women,25-29,53,17,1:16:43,JPN
Chiba 2026,Japan,Open Women,25-29,54,18,1:16:51,JPN
Chiba 2026,Japan,Open Women,45-49,55,2,1:17:08,JPN
Chiba 2026,Japan,Open Women,30-34,56,18,1:17:17,JPN
Chiba 2026,Japan,Open Women,25-29,57,19,1:17:22,JPN
Chiba 2026,Japan,Open Women,25-29,58,20,1:17:25,JPN
Chiba 2026,Japan,Open Women,25-29,59,21,1:17:30,JPN
Chiba 2026,Japan,Open Women,35-39,60,7,1:17:30,KOR
Chiba 2026,Japan,Open Women,25-29,61,22,1:17:42,JPN
Chiba 2026,Japan,Open Women,40-44,62,7,1:17:44,JPN
Chiba 2026,Japan,Open Women,45-49,63,3,1:17:45,JPN
Chiba 2026,Japan,Open Women,30-34,64,19,1:17:53,JPN
Chiba 2026,Japan,Open Women,25-29,65,23,1:17:56,JPN
Chiba 2026,Japan,Open Women,50-54,66,2,1:18:01,JPN
Chiba 2026,Japan,Open Women,25-29,67,24,1:18:08,JPN
Chiba 2026,Japan,Open Women,25-29,68,25,1:18:09,JPN
Chiba 2026,Japan,Open Women,25-29,69,26,1:18:10,JPN
Chiba 2026,Japan,Open Women,30-34,70,20,1:18:13,JPN
Chiba 2026,Japan,Open Women,25-29,71,27,1:18:14,JPN
Chiba 2026,Japan,Open Women,25-29,72,28,1:18:14,JPN
Chiba 2026,Japan,Open Women,25-29,73,29,1:18:22,JPN
Chiba 2026,Japan,Open Women,40-44,74,8,1:18:30,JPN
Chiba 2026,Japan,Open Women,50-54,75,3,1:18:42,JPN
Chiba 2026,Japan,Open Women,35-39,76,8,1:18:48,CHN
Chiba 2026,Japan,Open Women,40-44,77,9,1:18:49,JPN
Chiba 2026,Japan,Open Women,35-39,78,9,1:18:50,JPN
Chiba 2026,Japan,Open Women,40-44,79,10,1:18:56,JPN
Chiba 2026,Japan,Open Women,16-24,80,6,1:19:07,JPN
Chiba 2026,Japan,Open Women,40-44,81,11,1:19:08,JPN
Chiba 2026,Japan,Open Women,50-54,82,4,1:19:09,JPN
Chiba 2026,Japan,Open Women,50-54,83,5,1:19:12,JPN
Chiba 2026,Japan,Open Women,25-29,84,30,1:19:16,JPN
Chiba 2026,Japan,Open Women,40-44,85,12,1:19:18,JPN
Chiba 2026,Japan,Open Women,25-29,86,31,1:19:19,JPN
Chiba 2026,Japan,Open Women,45-49,87,4,1:19:28,JPN
Chiba 2026,Japan,Open Women,25-29,88,32,1:19:38,JPN
Chiba 2026,Japan,Open Women,16-24,89,7,1:19:39,JPN
Chiba 2026,Japan,Open Women,40-44,90,13,1:19:44,JPN
Chiba 2026,Japan,Open Women,30-34,91,21,1:19:50,JPN
Chiba 2026,Japan,Open Women,45-49,92,5,1:19:50,JPN
Chiba 2026,Japan,Open Women,45-49,93,6,1:19:56,JPN
Chiba 2026,Japan,Open Women,25-29,94,33,1:20:22,JPN
Chiba 2026,Japan,Open Women,25-29,95,34,1:20:26,JPN
Chiba 2026,Japan,Open Women,35-39,96,10,1:20:30,JPN
Chiba 2026,Japan,Open Women,60-64,97,1,1:20:36,JPN
Chiba 2026,Japan,Open Women,35-39,98,11,1:20:40,USA
Chiba 2026,Japan,Open Women,35-39,99,12,1:20:54,JPN
Chiba 2026,Japan,Open Women,30-34,100,22,1:20:55,JPN
Chiba 2026,Japan,Pro Women,35-39,1,1,1:02:18,ITA
Chiba 2026,Japan,Pro Women,40-44,2,1,1:03:47,JPN
Chiba 2026,Japan,Pro Women,30-34,3,1,1:03:55,GER
Chiba 2026,Japan,Pro Women,25-29,4,1,1:04:47,CAN
Chiba 2026,Japan,Pro Women,30-34,5,2,1:05:19,AUT
Chiba 2026,Japan,Pro Women,30-34,6,3,1:05:36,JPN
Chiba 2026,Japan,Pro Women,25-29,7,2,1:05:48,AUS
Chiba 2026,Japan,Pro Women,30-34,8,4,1:06:19,HKG
Chiba 2026,Japan,Pro Women,30-34,9,5,1:09:42,JPN
Chiba 2026,Japan,Pro Women,40-44,10,2,1:11:34,LUX
Chiba 2026,Japan,Pro Women,35-39,11,2,1:11:54,KOR
Chiba 2026,Japan,Pro Women,30-34,12,6,1:11:59,JPN
Chiba 2026,Japan,Pro Women,40-44,13,3,1:12:06,NZL
Chiba 2026,Japan,Pro Women,25-29,14,3,1:15:01,NZL
Chiba 2026,Japan,Pro Women,16-24,15,1,1:15:29,AUS
Chiba 2026,Japan,Pro Women,35-39,16,3,1:15:49,KOR
Chiba 2026,Japan,Pro Women,40-44,17,4,1:17:37,USA
Chiba 2026,Japan,Pro Women,30-34,18,7,1:18:08,USA
Chiba 2026,Japan,Pro Women,25-29,19,4,1:18:34,TPE
Chiba 2026,Japan,Pro Women,25-29,20,5,1:18:38,KOR
Chiba 2026,Japan,Pro Women,45-49,21,1,1:19:32,JPN
Chiba 2026,Japan,Pro Women,50-54,22,1,1:19:55,JPN
Chiba 2026,Japan,Pro Women,25-29,23,6,1:20:20,KOR
Chiba 2026,Japan,Pro Women,25-29,24,7,1:20:37,USA
Chiba 2026,Japan,Pro Women,40-44,25,5,1:20:51,KOR
Chiba 2026,Japan,Pro Women,35-39,26,4,1:21:16,JPN
Chiba 2026,Japan,Pro Women,25-29,27,8,1:21:30,HKG
Chiba 2026,Japan,Pro Women,50-54,28,2,1:21:34,JPN
Chiba 2026,Japan,Pro Women,35-39,29,5,1:21:41,JPN
Chiba 2026,Japan,Pro Women,45-49,30,2,1:22:15,JPN
Chiba 2026,Japan,Pro Women,25-29,31,9,1:22:48,JPN
Chiba 2026,Japan,Pro Women,25-29,32,10,1:24:09,JPN
Chiba 2026,Japan,Pro Women,45-49,33,3,1:24:14,JPN
Chiba 2026,Japan,Pro Women,40-44,34,6,1:25:08,JPN
Chiba 2026,Japan,Pro Women,30-34,35,8,1:25:15,JPN
Chiba 2026,Japan,Pro Women,25-29,36,11,1:25:28,JPN
Chiba 2026,Japan,Pro Women,35-39,37,6,1:27:09,JPN
Chiba 2026,Japan,Pro Women,35-39,38,7,1:27:50,KOR
Chiba 2026,Japan,Pro Women,30-34,39,9,1:28:24,JPN
Chiba 2026,Japan,Pro Women,25-29,40,12,1:28:58,USA
Chiba 2026,Japan,Pro Women,25-29,41,13,1:29:09,JPN
Chiba 2026,Japan,Pro Women,35-39,42,8,1:31:00,LAT
Chiba 2026,Japan,Pro Women,25-29,43,14,1:31:15,HKG
Chiba 2026,Japan,Pro Women,45-49,44,4,1:31:35,JPN
Chiba 2026,Japan,Pro Women,25-29,45,15,1:31:41,JPN
Chiba 2026,Japan,Pro Women,25-29,46,16,1:32:06,JPN
Chiba 2026,Japan,Pro Women,45-49,47,5,1:32:49,JPN
Chiba 2026,Japan,Pro Women,25-29,48,17,1:33:09,JPN
Chiba 2026,Japan,Pro Women,55-59,49,1,1:33:29,JPN
Chiba 2026,Japan,Pro Women,30-34,50,10,1:34:51,JPN
Chiba 2026,Japan,Pro Women,25-29,51,18,1:36:45,JPN
Chiba 2026,Japan,Pro Women,25-29,52,19,1:37:16,JPN
Chiba 2026,Japan,Pro Women,40-44,53,7,1:37:25,JPN
Chiba 2026,Japan,Pro Women,50-54,54,3,1:37:50,JPN
Chiba 2026,Japan,Pro Women,25-29,55,20,1:38:24,MAC
Chiba 2026,Japan,Pro Women,16-24,56,2,1:38:37,USA
Chiba 2026,Japan,Pro Women,45-49,57,6,1:39:51,JPN
Chiba 2026,Japan,Pro Women,25-29,58,21,1:40:01,JPN
Chiba 2026,Japan,Pro Women,35-39,59,9,1:40:27,JPN
Chiba 2026,Japan,Pro Women,25-29,60,22,1:41:46,JPN
Chiba 2026,Japan,Pro Women,45-49,61,7,1:41:54,JPN
Chiba 2026,Japan,Pro Women,55-59,62,2,1:41:57,JPN
Chiba 2026,Japan,Pro Women,55-59,63,3,1:42:14,JPN
Chiba 2026,Japan,Pro Women,35-39,64,10,1:42:36,JPN
Chiba 2026,Japan,Pro Women,35-39,65,11,1:43:12,JPN
Chiba 2026,Japan,Pro Women,35-39,66,12,1:43:19,JPN
Chiba 2026,Japan,Pro Women,30-34,67,11,1:43:57,THA
Chiba 2026,Japan,Pro Women,30-34,68,12,1:44:33,JPN
Chiba 2026,Japan,Pro Women,30-34,69,13,1:44:52,JPN
Chiba 2026,Japan,Pro Women,45-49,70,8,1:45:17,JPN
Chiba 2026,Japan,Pro Women,50-54,71,4,1:45:21,JPN
Chiba 2026,Japan,Pro Women,45-49,72,9,1:46:28,HKG
Chiba 2026,Japan,Pro Women,50-54,73,5,1:46:28,THA
Chiba 2026,Japan,Pro Women,25-29,74,23,1:46:51,MAS
Chiba 2026,Japan,Pro Women,35-39,75,13,1:47:19,JPN
Chiba 2026,Japan,Pro Women,30-34,76,14,1:51:10,CHN
Chiba 2026,Japan,Pro Women,35-39,77,14,1:51:21,JPN
Chiba 2026,Japan,Pro Women,45-49,78,10,1:51:48,JPN
Chiba 2026,Japan,Pro Women,40-44,79,8,1:52:29,JPN
Chiba 2026,Japan,Pro Women,45-49,80,11,1:53:25,JPN
Chiba 2026,Japan,Pro Women,55-59,81,4,1:53:39,JPN
Chiba 2026,Japan,Pro Women,30-34,82,15,1:54:25,JPN
Chiba 2026,Japan,Pro Women,25-29,83,24,1:54:35,TPE
Chiba 2026,Japan,Pro Women,25-29,84,25,1:56:10,JPN
Chiba 2026,Japan,Pro Women,25-29,85,26,1:57:42,JPN
Chiba 2026,Japan,Pro Women,35-39,86,15,1:59:23,JPN
Chiba 2026,Japan,Pro Women,40-44,87,9,2:01:20,TPE
Chiba 2026,Japan,Pro Women,40-44,88,10,2:03:21,JPN
Chiba 2026,Japan,Pro Women,45-49,89,12,2:10:45,JPN
Chiba 2026,Japan,Pro Women,30-34,90,16,2:12:57,GEO
Chiba 2026,Japan,Pro Women,25-29,91,27,2:20:09,JPN
Chiba 2026,Japan,Pro Women,55-59,92,5,2:42:26,JPN
Chiba 2026,Japan,Pro Women,16-24,93,3,2:42:39,JPN
Chiba 2026,Japan,Pro Women,45-49,94,13,2:57:51,USA
Chiba 2026,Japan,Doubles Men,30-34,1,1,0:52:46,JPN
Chiba 2026,Japan,Doubles Men,35-39,2,1,0:53:13,JPN
Chiba 2026,Japan,Doubles Men,25-29,3,1,0:54:56,HKG
Chiba 2026,Japan,Doubles Men,25-29,4,2,0:55:43,KOR
Chiba 2026,Japan,Doubles Men,30-34,5,2,0:56:01,HKG
Chiba 2026,Japan,Doubles Men,25-29,6,3,0:56:24,JPN
Chiba 2026,Japan,Doubles Men,40-44,7,1,0:56:31,KOR
Chiba 2026,Japan,Doubles Men,30-34,8,3,0:57:11,AUS
Chiba 2026,Japan,Doubles Men,25-29,9,4,0:57:22,JPN
Chiba 2026,Japan,Doubles Men,35-39,10,2,0:57:43,JPN
Chiba 2026,Japan,Doubles Men,25-29,11,5,0:57:45,KOR
Chiba 2026,Japan,Doubles Men,16-24,12,1,0:57:46,KOR
Chiba 2026,Japan,Doubles Men,35-39,13,3,0:57:48,JPN/BRA
Chiba 2026,Japan,Doubles Men,30-34,14,4,0:57:54,JPN
Chiba 2026,Japan,Doubles Men,30-34,15,5,0:57:58,JPN
Chiba 2026,Japan,Doubles Men,25-29,16,6,0:58:04,PHI/AUS
Chiba 2026,Japan,Doubles Men,30-34,17,6,0:58:13,JPN
Chiba 2026,Japan,Doubles Men,25-29,18,7,0:58:28,JPN
Chiba 2026,Japan,Doubles Men,25-29,19,8,0:58:49,JPN
Chiba 2026,Japan,Doubles Men,25-29,20,9,0:58:51,JPN
Chiba 2026,Japan,Doubles Men,25-29,21,10,0:59:00,JPN
Chiba 2026,Japan,Doubles Men,30-34,22,7,0:59:24,KOR
Chiba 2026,Japan,Doubles Men,30-34,23,8,0:59:27,JPN
Chiba 2026,Japan,Doubles Men,30-34,24,9,0:59:32,JPN
Chiba 2026,Japan,Doubles Men,16-24,25,2,0:59:33,JPN
Chiba 2026,Japan,Doubles Men,30-34,26,10,0:59:37,AUS
Chiba 2026,Japan,Doubles Men,25-29,27,11,0:59:49,KOR
Chiba 2026,Japan,Doubles Men,25-29,28,12,0:59:51,JPN
Chiba 2026,Japan,Doubles Men,30-34,29,11,0:59:54,TPE/CHN
Chiba 2026,Japan,Doubles Men,16-24,30,3,1:00:13,JPN
Chiba 2026,Japan,Doubles Men,35-39,31,4,1:00:24,JPN
Chiba 2026,Japan,Doubles Men,35-39,32,5,1:00:29,JPN
Chiba 2026,Japan,Doubles Men,30-34,33,12,1:00:30,JPN
Chiba 2026,Japan,Doubles Men,25-29,34,13,1:00:34,JPN
Chiba 2026,Japan,Doubles Men,40-44,35,2,1:00:45,JPN/KOR
Chiba 2026,Japan,Doubles Men,25-29,36,14,1:00:50,JPN
Chiba 2026,Japan,Doubles Men,35-39,37,6,1:01:08,KOR
Chiba 2026,Japan,Doubles Men,16-24,38,4,1:01:31,JPN
Chiba 2026,Japan,Doubles Men,40-44,39,3,1:01:41,JPN
Chiba 2026,Japan,Doubles Men,30-34,40,13,1:01:42,JPN
Chiba 2026,Japan,Doubles Men,16-24,41,5,1:01:44,JPN
Chiba 2026,Japan,Doubles Men,30-34,42,14,1:02:03,JPN
Chiba 2026,Japan,Doubles Men,25-29,43,15,1:02:09,JPN
Chiba 2026,Japan,Doubles Men,16-24,44,6,1:02:21,JPN
Chiba 2026,Japan,Doubles Men,35-39,45,7,1:02:26,JPN
Chiba 2026,Japan,Doubles Men,30-34,46,15,1:02:31,JPN
Chiba 2026,Japan,Doubles Men,30-34,47,16,1:02:35,JPN
Chiba 2026,Japan,Doubles Men,16-24,48,7,1:02:47,JPN
Chiba 2026,Japan,Doubles Men,25-29,49,16,1:02:48,JPN
Chiba 2026,Japan,Doubles Men,25-29,50,17,1:02:56,USA/JPN
Chiba 2026,Japan,Doubles Men,30-34,51,17,1:03:01,KOR
Chiba 2026,Japan,Doubles Men,30-34,52,18,1:03:16,JPN
Chiba 2026,Japan,Doubles Men,40-44,53,4,1:03:17,JPN
Chiba 2026,Japan,Doubles Men,25-29,54,18,1:03:19,KOR
Chiba 2026,Japan,Doubles Men,30-34,55,19,1:03:19,JPN
Chiba 2026,Japan,Doubles Men,35-39,56,8,1:03:29,KOR
Chiba 2026,Japan,Doubles Men,25-29,57,19,1:03:48,JPN
Chiba 2026,Japan,Doubles Men,25-29,58,20,1:03:51,JPN
Chiba 2026,Japan,Doubles Men,35-39,59,9,1:03:54,JPN
Chiba 2026,Japan,Doubles Men,25-29,60,21,1:04:02,JPN
Chiba 2026,Japan,Doubles Men,25-29,61,22,1:04:16,JPN
Chiba 2026,Japan,Doubles Men,25-29,62,23,1:04:17,JPN
Chiba 2026,Japan,Doubles Men,30-34,63,20,1:04:18,JPN
Chiba 2026,Japan,Doubles Men,25-29,64,24,1:04:26,JPN
Chiba 2026,Japan,Doubles Men,25-29,65,25,1:04:35,JPN
Chiba 2026,Japan,Doubles Men,30-34,66,21,1:04:35,JPN
Chiba 2026,Japan,Doubles Men,16-24,67,8,1:04:40,JPN
Chiba 2026,Japan,Doubles Men,35-39,68,10,1:04:42,KOR
Chiba 2026,Japan,Doubles Men,16-24,69,9,1:04:44,JPN
Chiba 2026,Japan,Doubles Men,25-29,70,26,1:04:53,JPN
Chiba 2026,Japan,Doubles Men,30-34,71,22,1:04:55,JPN
Chiba 2026,Japan,Doubles Men,30-34,72,23,1:05:09,KOR
Chiba 2026,Japan,Doubles Men,30-34,73,24,1:05:15,JPN/KOR
Chiba 2026,Japan,Doubles Men,16-24,74,10,1:05:17,JPN
Chiba 2026,Japan,Doubles Men,30-34,75,25,1:05:20,JPN
Chiba 2026,Japan,Doubles Men,25-29,76,27,1:05:21,GBR/JPN
Chiba 2026,Japan,Doubles Men,25-29,77,28,1:05:22,JPN
Chiba 2026,Japan,Doubles Men,30-34,78,26,1:05:25,JPN/SUI
Chiba 2026,Japan,Doubles Men,30-34,79,27,1:05:28,KOR
Chiba 2026,Japan,Doubles Men,25-29,80,29,1:05:32,JPN
Chiba 2026,Japan,Doubles Men,25-29,81,30,1:05:33,JPN
Chiba 2026,Japan,Doubles Men,30-34,82,28,1:05:38,KOR
Chiba 2026,Japan,Doubles Men,30-34,83,29,1:05:40,JPN
Chiba 2026,Japan,Doubles Men,35-39,84,11,1:05:41,PHI
Chiba 2026,Japan,Doubles Men,25-29,85,31,1:05:42,JPN
Chiba 2026,Japan,Doubles Men,25-29,86,32,1:05:42,JPN
Chiba 2026,Japan,Doubles Men,25-29,87,33,1:05:44,JPN
Chiba 2026,Japan,Doubles Men,30-34,88,30,1:05:44,JPN
Chiba 2026,Japan,Doubles Men,25-29,89,34,1:05:47,MAC
Chiba 2026,Japan,Doubles Men,25-29,90,35,1:05:53,JPN
Chiba 2026,Japan,Doubles Men,25-29,91,36,1:05:57,JPN
Chiba 2026,Japan,Doubles Men,16-24,92,11,1:06:00,JPN
Chiba 2026,Japan,Doubles Men,16-24,93,12,1:06:06,JPN
Chiba 2026,Japan,Doubles Men,16-24,94,14,1:06:10,JPN
Chiba 2026,Japan,Doubles Men,16-24,95,13,1:06:10,JPN
Chiba 2026,Japan,Doubles Men,40-44,96,5,1:06:13,KOR
Chiba 2026,Japan,Doubles Men,25-29,97,37,1:06:14,JPN
Chiba 2026,Japan,Doubles Men,16-24,98,16,1:06:21,JPN
Chiba 2026,Japan,Doubles Men,16-24,99,15,1:06:21,JPN
Chiba 2026,Japan,Doubles Men,25-29,100,38,1:06:25,JPN
Chiba 2026,Japan,Doubles Women,30-34,1,1,0:57:07,JPN
Chiba 2026,Japan,Doubles Women,16-24,2,1,1:02:44,JPN
Chiba 2026,Japan,Doubles Women,30-34,3,2,1:02:59,JPN
Chiba 2026,Japan,Doubles Women,30-34,4,3,1:04:10,HKG
Chiba 2026,Japan,Doubles Women,16-24,5,2,1:04:36,KOR
Chiba 2026,Japan,Doubles Women,25-29,6,1,1:04:58,JPN
Chiba 2026,Japan,Doubles Women,25-29,7,2,1:05:19,JPN
Chiba 2026,Japan,Doubles Women,16-24,8,3,1:06:01,JPN
Chiba 2026,Japan,Doubles Women,40-44,9,1,1:06:52,JPN
Chiba 2026,Japan,Doubles Women,30-34,10,4,1:07:08,JPN
Chiba 2026,Japan,Doubles Women,16-24,11,4,1:07:17,JPN
Chiba 2026,Japan,Doubles Women,16-24,12,5,1:08:18,JPN
Chiba 2026,Japan,Doubles Women,40-44,13,2,1:08:49,PHI
Chiba 2026,Japan,Doubles Women,16-24,14,6,1:08:53,JPN
Chiba 2026,Japan,Doubles Women,35-39,15,1,1:08:57,JPN
Chiba 2026,Japan,Doubles Women,25-29,16,3,1:09:06,JPN
Chiba 2026,Japan,Doubles Women,25-29,17,4,1:09:22,KOR
Chiba 2026,Japan,Doubles Women,35-39,18,2,1:09:42,JPN
Chiba 2026,Japan,Doubles Women,25-29,19,5,1:09:51,JPN
Chiba 2026,Japan,Doubles Women,25-29,20,6,1:10:03,JPN
Chiba 2026,Japan,Doubles Women,45-49,21,1,1:10:34,JPN
Chiba 2026,Japan,Doubles Women,25-29,22,7,1:10:52,JPN
Chiba 2026,Japan,Doubles Women,25-29,23,8,1:10:55,JPN
Chiba 2026,Japan,Doubles Women,25-29,24,9,1:11:09,JPN
Chiba 2026,Japan,Doubles Women,35-39,25,3,1:11:11,JPN
Chiba 2026,Japan,Doubles Women,30-34,26,5,1:11:21,TPE
Chiba 2026,Japan,Doubles Women,16-24,27,7,1:11:27,JPN
Chiba 2026,Japan,Doubles Women,50-54,28,1,1:12:09,JPN
Chiba 2026,Japan,Doubles Women,25-29,29,10,1:12:11,JPN
Chiba 2026,Japan,Doubles Women,30-34,30,6,1:12:19,JPN
Chiba 2026,Japan,Doubles Women,30-34,31,7,1:12:36,JPN
Chiba 2026,Japan,Doubles Women,25-29,32,11,1:12:52,JPN
Chiba 2026,Japan,Doubles Women,35-39,33,4,1:13:02,JPN
Chiba 2026,Japan,Doubles Women,30-34,34,8,1:13:10,JPN
Chiba 2026,Japan,Doubles Women,25-29,35,12,1:13:22,JPN
Chiba 2026,Japan,Doubles Women,35-39,36,5,1:13:32,KOR
Chiba 2026,Japan,Doubles Women,55-59,37,1,1:13:33,JPN
Chiba 2026,Japan,Doubles Women,25-29,38,13,1:13:40,JPN
Chiba 2026,Japan,Doubles Women,25-29,39,14,1:13:45,JPN
Chiba 2026,Japan,Doubles Women,25-29,40,15,1:13:55,JPN
Chiba 2026,Japan,Doubles Women,25-29,41,16,1:13:56,JPN
Chiba 2026,Japan,Doubles Women,16-24,42,8,1:13:57,JPN
Chiba 2026,Japan,Doubles Women,50-54,43,2,1:13:59,JPN/RUS
Chiba 2026,Japan,Doubles Women,25-29,44,17,1:14:08,JPN
Chiba 2026,Japan,Doubles Women,25-29,45,18,1:14:30,JPN
Chiba 2026,Japan,Doubles Women,30-34,46,9,1:14:36,JPN
Chiba 2026,Japan,Doubles Women,25-29,47,19,1:14:37,JPN
Chiba 2026,Japan,Doubles Women,30-34,48,10,1:14:39,JPN
Chiba 2026,Japan,Doubles Women,35-39,49,6,1:14:40,JPN
Chiba 2026,Japan,Doubles Women,25-29,50,20,1:14:46,JPN
Chiba 2026,Japan,Doubles Women,35-39,51,7,1:15:06,TPE
Chiba 2026,Japan,Doubles Women,16-24,52,9,1:15:16,JPN
Chiba 2026,Japan,Doubles Women,30-34,53,11,1:15:18,JPN
Chiba 2026,Japan,Doubles Women,25-29,54,21,1:15:30,JPN
Chiba 2026,Japan,Doubles Women,25-29,55,22,1:15:35,JPN
Chiba 2026,Japan,Doubles Women,50-54,56,3,1:15:52,JPN
Chiba 2026,Japan,Doubles Women,30-34,57,12,1:16:10,JPN
Chiba 2026,Japan,Doubles Women,50-54,58,4,1:16:11,JPN
Chiba 2026,Japan,Doubles Women,25-29,59,23,1:16:16,JPN
Chiba 2026,Japan,Doubles Women,40-44,60,3,1:16:17,GUM
Chiba 2026,Japan,Doubles Women,45-49,61,2,1:16:20,JPN
Chiba 2026,Japan,Doubles Women,25-29,62,24,1:16:23,JPN
Chiba 2026,Japan,Doubles Women,25-29,63,25,1:16:40,JPN
Chiba 2026,Japan,Doubles Women,25-29,64,26,1:16:49,JPN
Chiba 2026,Japan,Doubles Women,25-29,65,27,1:16:54,JPN
Chiba 2026,Japan,Doubles Women,30-34,66,13,1:16:58,JPN
Chiba 2026,Japan,Doubles Women,30-34,67,14,1:17:02,USA
Chiba 2026,Japan,Doubles Women,25-29,68,28,1:17:06,JPN
Chiba 2026,Japan,Doubles Women,35-39,69,8,1:17:07,PHI
Chiba 2026,Japan,Doubles Women,25-29,70,29,1:17:08,JPN
Chiba 2026,Japan,Doubles Women,40-44,71,4,1:17:09,TPE
Chiba 2026,Japan,Doubles Women,25-29,72,30,1:17:10,JPN
Chiba 2026,Japan,Doubles Women,45-49,73,3,1:17:16,JPN
Chiba 2026,Japan,Doubles Women,25-29,74,31,1:17:20,JPN
Chiba 2026,Japan,Doubles Women,40-44,75,5,1:17:20,JPN
Chiba 2026,Japan,Doubles Women,25-29,76,32,1:17:21,JPN
Chiba 2026,Japan,Doubles Women,55-59,77,2,1:17:30,JPN
Chiba 2026,Japan,Doubles Women,35-39,78,9,1:17:31,JPN
Chiba 2026,Japan,Doubles Women,25-29,79,33,1:17:33,JPN
Chiba 2026,Japan,Doubles Women,16-24,80,10,1:17:33,JPN
Chiba 2026,Japan,Doubles Women,16-24,81,11,1:17:36,JPN
Chiba 2026,Japan,Doubles Women,16-24,82,12,1:17:38,JPN
Chiba 2026,Japan,Doubles Women,25-29,83,34,1:17:43,JPN
Chiba 2026,Japan,Doubles Women,35-39,84,10,1:17:46,USA
Chiba 2026,Japan,Doubles Women,30-34,85,15,1:17:47,JPN
Chiba 2026,Japan,Doubles Women,40-44,86,6,1:17:55,JPN
Chiba 2026,Japan,Doubles Women,35-39,87,11,1:17:56,KOR
Chiba 2026,Japan,Doubles Women,25-29,88,35,1:18:02,JPN
Chiba 2026,Japan,Doubles Women,35-39,89,12,1:18:03,USA
Chiba 2026,Japan,Doubles Women,16-24,90,13,1:18:05,JPN
Chiba 2026,Japan,Doubles Women,30-34,91,16,1:18:07,HKG/
Chiba 2026,Japan,Doubles Women,35-39,92,13,1:18:12,JPN
Chiba 2026,Japan,Doubles Women,35-39,93,14,1:18:15,JPN
Chiba 2026,Japan,Doubles Women,25-29,94,36,1:18:17,JPN
Chiba 2026,Japan,Doubles Women,40-44,95,7,1:18:18,JPN
Chiba 2026,Japan,Doubles Women,25-29,96,37,1:18:18,JPN
Chiba 2026,Japan,Doubles Women,30-34,97,17,1:18:20,JPN
Chiba 2026,Japan,Doubles Women,25-29,98,38,1:18:30,JPN
Chiba 2026,Japan,Doubles Women,30-34,99,18,1:18:30,JPN
Chiba 2026,Japan,Doubles Women,45-49,100,4,1:18:33,JPN
Chiba 2026,Japan,Doubles Mixed,25-29,1,1,0:56:59,JPN
Chiba 2026,Japan,Doubles Mixed,30-34,2,1,0:57:45,JPN
Chiba 2026,Japan,Doubles Mixed,25-29,3,2,0:57:54,AUS/DEN
Chiba 2026,Japan,Doubles Mixed,30-34,4,2,0:57:55,JPN
Chiba 2026,Japan,Doubles Mixed,30-34,5,3,0:58:06,JPN
Chiba 2026,Japan,Doubles Mixed,16-24,6,1,0:58:17,JPN
Chiba 2026,Japan,Doubles Mixed,40-44,7,1,0:58:26,JPN
Chiba 2026,Japan,Doubles Mixed,16-24,8,2,0:59:26,AUS
Chiba 2026,Japan,Doubles Mixed,16-24,9,3,1:00:04,JPN
Chiba 2026,Japan,Doubles Mixed,25-29,10,3,1:00:41,KOR
Chiba 2026,Japan,Doubles Mixed,16-24,11,4,1:00:50,USA
Chiba 2026,Japan,Doubles Mixed,30-34,12,4,1:00:53,SWE/SCO
Chiba 2026,Japan,Doubles Mixed,35-39,13,1,1:01:17,JPN
Chiba 2026,Japan,Doubles Mixed,25-29,14,4,1:01:19,JPN
Chiba 2026,Japan,Doubles Mixed,30-34,15,5,1:01:30,HKG
Chiba 2026,Japan,Doubles Mixed,16-24,16,5,1:01:33,KOR
Chiba 2026,Japan,Doubles Mixed,30-34,17,6,1:01:56,JPN
Chiba 2026,Japan,Doubles Mixed,25-29,18,5,1:02:02,JPN
Chiba 2026,Japan,Doubles Mixed,25-29,19,6,1:02:02,JPN
Chiba 2026,Japan,Doubles Mixed,25-29,20,7,1:02:03,JPN/GBR
Chiba 2026,Japan,Doubles Mixed,25-29,21,8,1:02:09,JPN
Chiba 2026,Japan,Doubles Mixed,30-34,22,7,1:02:17,KOR
Chiba 2026,Japan,Doubles Mixed,35-39,23,2,1:02:23,POR/CAN
Chiba 2026,Japan,Doubles Mixed,25-29,24,9,1:02:25,JPN
Chiba 2026,Japan,Doubles Mixed,25-29,25,10,1:02:28,KOR
Chiba 2026,Japan,Doubles Mixed,25-29,26,11,1:02:37,JPN
Chiba 2026,Japan,Doubles Mixed,25-29,27,12,1:02:44,/JPN
Chiba 2026,Japan,Doubles Mixed,16-24,28,6,1:02:47,AUS/NZL
Chiba 2026,Japan,Doubles Mixed,35-39,29,3,1:02:48,JPN
Chiba 2026,Japan,Doubles Mixed,50-54,30,1,1:02:55,NZL
Chiba 2026,Japan,Doubles Mixed,30-34,31,8,1:02:55,USA/TPE
Chiba 2026,Japan,Doubles Mixed,35-39,32,4,1:03:14,FRA/JPN
Chiba 2026,Japan,Doubles Mixed,40-44,33,2,1:03:16,JPN
Chiba 2026,Japan,Doubles Mixed,25-29,34,13,1:03:27,KOR
Chiba 2026,Japan,Doubles Mixed,25-29,35,14,1:03:42,JPN
Chiba 2026,Japan,Doubles Mixed,30-34,36,9,1:03:44,JPN
Chiba 2026,Japan,Doubles Mixed,25-29,37,15,1:03:45,JPN
Chiba 2026,Japan,Doubles Mixed,16-24,38,7,1:03:46,JPN
Chiba 2026,Japan,Doubles Mixed,35-39,39,5,1:03:47,SUI/JPN
Chiba 2026,Japan,Doubles Mixed,25-29,40,16,1:04:06,JPN
Chiba 2026,Japan,Doubles Mixed,35-39,41,6,1:04:14,JPN
Chiba 2026,Japan,Doubles Mixed,25-29,42,17,1:04:30,JPN
Chiba 2026,Japan,Doubles Mixed,25-29,43,18,1:04:36,JPN
Chiba 2026,Japan,Doubles Mixed,25-29,44,19,1:04:37,JPN
Chiba 2026,Japan,Doubles Mixed,25-29,45,20,1:04:52,JPN
Chiba 2026,Japan,Doubles Mixed,25-29,46,21,1:05:02,JPN
Chiba 2026,Japan,Doubles Mixed,40-44,47,3,1:05:07,CHN
Chiba 2026,Japan,Doubles Mixed,16-24,48,8,1:05:10,JPN
Chiba 2026,Japan,Doubles Mixed,30-34,49,10,1:05:10,JPN
Chiba 2026,Japan,Doubles Mixed,35-39,50,7,1:05:51,CAN/
Chiba 2026,Japan,Doubles Mixed,25-29,51,22,1:05:57,JPN
Chiba 2026,Japan,Doubles Mixed,40-44,52,4,1:06:00,JPN
Chiba 2026,Japan,Doubles Mixed,35-39,53,8,1:06:04,USA
Chiba 2026,Japan,Doubles Mixed,25-29,54,23,1:06:11,JPN
Chiba 2026,Japan,Doubles Mixed,25-29,55,24,1:06:27,JPN
Chiba 2026,Japan,Doubles Mixed,25-29,56,25,1:06:35,JPN
Chiba 2026,Japan,Doubles Mixed,35-39,57,9,1:06:37,JPN
Chiba 2026,Japan,Doubles Mixed,25-29,58,26,1:06:49,JPN
Chiba 2026,Japan,Doubles Mixed,35-39,59,10,1:07:08,JPN/NZL
Chiba 2026,Japan,Doubles Mixed,30-34,60,11,1:07:10,USA
Chiba 2026,Japan,Doubles Mixed,50-54,61,2,1:07:11,JPN/ALG
Chiba 2026,Japan,Doubles Mixed,45-49,62,1,1:07:25,JPN
Chiba 2026,Japan,Doubles Mixed,45-49,63,2,1:07:31,JPN
Chiba 2026,Japan,Doubles Mixed,30-34,64,12,1:07:33,JPN
Chiba 2026,Japan,Doubles Mixed,16-24,65,9,1:07:34,JPN
Chiba 2026,Japan,Doubles Mixed,25-29,66,27,1:07:42,JPN
Chiba 2026,Japan,Doubles Mixed,50-54,67,3,1:07:46,NZL/AUS
Chiba 2026,Japan,Doubles Mixed,30-34,68,13,1:07:47,CAN/USA
Chiba 2026,Japan,Doubles Mixed,25-29,69,28,1:07:47,JPN
Chiba 2026,Japan,Doubles Mixed,30-34,70,14,1:07:48,JPN
Chiba 2026,Japan,Doubles Mixed,45-49,71,3,1:07:49,JPN/USA
Chiba 2026,Japan,Doubles Mixed,30-34,72,15,1:07:51,JPN
Chiba 2026,Japan,Doubles Mixed,45-49,73,4,1:07:53,JPN
Chiba 2026,Japan,Doubles Mixed,45-49,74,5,1:07:56,JPN
Chiba 2026,Japan,Doubles Mixed,40-44,75,5,1:08:14,RUS
Chiba 2026,Japan,Doubles Mixed,25-29,76,29,1:08:17,JPN
Chiba 2026,Japan,Doubles Mixed,50-54,77,4,1:08:17,JPN
Chiba 2026,Japan,Doubles Mixed,16-24,78,10,1:08:17,JPN
Chiba 2026,Japan,Doubles Mixed,40-44,79,6,1:08:18,JPN/GBR
Chiba 2026,Japan,Doubles Mixed,35-39,80,11,1:08:21,JPN
Chiba 2026,Japan,Doubles Mixed,30-34,81,16,1:08:21,JPN
Chiba 2026,Japan,Doubles Mixed,30-34,82,17,1:08:29,JPN
Chiba 2026,Japan,Doubles Mixed,25-29,83,30,1:08:47,JPN
Chiba 2026,Japan,Doubles Mixed,30-34,84,18,1:08:50,JPN
Chiba 2026,Japan,Doubles Mixed,25-29,85,31,1:08:51,JPN
Chiba 2026,Japan,Doubles Mixed,30-34,86,19,1:08:58,JPN
Chiba 2026,Japan,Doubles Mixed,30-34,87,20,1:09:00,JPN/NEP
Chiba 2026,Japan,Doubles Mixed,30-34,88,21,1:09:19,JPN
Chiba 2026,Japan,Doubles Mixed,25-29,89,32,1:09:21,GBR
Chiba 2026,Japan,Doubles Mixed,30-34,90,22,1:09:32,JPN
Chiba 2026,Japan,Doubles Mixed,30-34,91,23,1:09:35,KOR
Chiba 2026,Japan,Doubles Mixed,35-39,92,12,1:09:35,KOR
Chiba 2026,Japan,Doubles Mixed,30-34,93,24,1:09:38,JPN
Chiba 2026,Japan,Doubles Mixed,35-39,94,13,1:09:41,CHN
Chiba 2026,Japan,Doubles Mixed,45-49,95,6,1:09:45,JPN
Chiba 2026,Japan,Doubles Mixed,40-44,96,7,1:09:48,
Chiba 2026,Japan,Doubles Mixed,25-29,97,33,1:09:50,JPN
Chiba 2026,Japan,Doubles Mixed,30-34,98,25,1:09:55,JPN
Chiba 2026,Japan,Doubles Mixed,25-29,99,35,1:09:56,JPN
Chiba 2026,Japan,Doubles Mixed,25-29,100,34,1:09:56,JPN
Chiba 2026,Japan,Pro Doubles Men,30-34,1,1,0:55:00,KOR
Chiba 2026,Japan,Pro Doubles Men,25-29,2,1,0:55:17,KOR
Chiba 2026,Japan,Pro Doubles Men,35-39,3,1,0:55:36,BRA
Chiba 2026,Japan,Pro Doubles Men,30-34,4,2,0:55:41,SWE/GER
Chiba 2026,Japan,Pro Doubles Men,25-29,5,2,0:58:22,HKG
Chiba 2026,Japan,Pro Doubles Men,30-34,6,3,0:59:06,JPN
Chiba 2026,Japan,Pro Doubles Men,40-44,7,1,0:59:12,HKG
Chiba 2026,Japan,Pro Doubles Men,30-34,8,4,0:59:23,AUS
Chiba 2026,Japan,Pro Doubles Men,25-29,9,3,1:00:05,KOR
Chiba 2026,Japan,Pro Doubles Men,30-34,10,5,1:00:10,JPN
Chiba 2026,Japan,Pro Doubles Men,40-44,11,2,1:00:14,JPN
Chiba 2026,Japan,Pro Doubles Men,35-39,12,2,1:00:39,TPE
Chiba 2026,Japan,Pro Doubles Men,30-34,13,6,1:00:40,JPN
Chiba 2026,Japan,Pro Doubles Men,16-24,14,1,1:00:48,INA
Chiba 2026,Japan,Pro Doubles Men,35-39,15,3,1:01:21,KOR
Chiba 2026,Japan,Pro Doubles Men,25-29,16,4,1:01:26,JPN
Chiba 2026,Japan,Pro Doubles Men,30-34,17,7,1:01:27,TPE/SUI
Chiba 2026,Japan,Pro Doubles Men,35-39,18,4,1:01:53,KOR
Chiba 2026,Japan,Pro Doubles Men,16-24,19,2,1:01:58,JPN
Chiba 2026,Japan,Pro Doubles Men,40-44,20,3,1:02:03,TPE
Chiba 2026,Japan,Pro Doubles Men,35-39,21,5,1:03:17,JPN
Chiba 2026,Japan,Pro Doubles Men,35-39,22,6,1:03:17,KOR
Chiba 2026,Japan,Pro Doubles Men,25-29,23,5,1:03:41,JPN
Chiba 2026,Japan,Pro Doubles Men,16-24,24,3,1:03:47,NZL/AUS
Chiba 2026,Japan,Pro Doubles Men,30-34,25,8,1:03:48,JPN
Chiba 2026,Japan,Pro Doubles Men,25-29,26,6,1:03:48,JPN
Chiba 2026,Japan,Pro Doubles Men,16-24,27,4,1:03:58,JPN
Chiba 2026,Japan,Pro Doubles Men,30-34,28,9,1:04:17,GER/JPN
Chiba 2026,Japan,Pro Doubles Men,25-29,29,7,1:04:21,JPN
Chiba 2026,Japan,Pro Doubles Men,35-39,30,7,1:04:43,JPN
Chiba 2026,Japan,Pro Doubles Men,25-29,31,8,1:05:41,JPN
Chiba 2026,Japan,Pro Doubles Men,25-29,32,9,1:06:00,JPN
Chiba 2026,Japan,Pro Doubles Men,30-34,33,10,1:06:25,AUS/BIH
Chiba 2026,Japan,Pro Doubles Men,25-29,34,10,1:06:48,JPN
Chiba 2026,Japan,Pro Doubles Men,30-34,35,11,1:06:56,JPN
Chiba 2026,Japan,Pro Doubles Men,30-34,36,12,1:07:41,JPN
Chiba 2026,Japan,Pro Doubles Men,40-44,37,4,1:07:49,JPN
Chiba 2026,Japan,Pro Doubles Men,25-29,38,11,1:07:50,JPN
Chiba 2026,Japan,Pro Doubles Men,30-34,39,13,1:07:53,JPN
Chiba 2026,Japan,Pro Doubles Men,40-44,40,5,1:08:28,JPN
Chiba 2026,Japan,Pro Doubles Men,30-34,41,14,1:09:05,TPE
Chiba 2026,Japan,Pro Doubles Men,16-24,42,5,1:09:19,JPN
Chiba 2026,Japan,Pro Doubles Men,30-34,43,15,1:09:25,NZL/PHI
Chiba 2026,Japan,Pro Doubles Men,25-29,44,12,1:09:29,JPN
Chiba 2026,Japan,Pro Doubles Men,30-34,45,16,1:09:42,JPN
Chiba 2026,Japan,Pro Doubles Men,25-29,46,13,1:09:51,JPN
Chiba 2026,Japan,Pro Doubles Men,25-29,47,14,1:10:09,NZL/AUS
Chiba 2026,Japan,Pro Doubles Men,30-34,48,17,1:10:26,JPN
Chiba 2026,Japan,Pro Doubles Men,40-44,49,6,1:10:34,HKG
Chiba 2026,Japan,Pro Doubles Men,25-29,50,15,1:11:17,JPN
Chiba 2026,Japan,Pro Doubles Men,35-39,51,8,1:11:25,USA
Chiba 2026,Japan,Pro Doubles Men,16-24,52,6,1:12:04,JPN
Chiba 2026,Japan,Pro Doubles Men,30-34,53,18,1:12:21,JPN
Chiba 2026,Japan,Pro Doubles Men,35-39,54,9,1:12:31,JPN
Chiba 2026,Japan,Pro Doubles Men,40-44,55,7,1:12:50,JPN
Chiba 2026,Japan,Pro Doubles Men,30-34,56,19,1:12:52,CHN/JPN
Chiba 2026,Japan,Pro Doubles Men,25-29,57,16,1:13:06,JPN
Chiba 2026,Japan,Pro Doubles Men,45-49,58,1,1:13:09,JPN
Chiba 2026,Japan,Pro Doubles Men,25-29,59,17,1:13:14,JPN
Chiba 2026,Japan,Pro Doubles Men,45-49,60,2,1:13:15,JPN
Chiba 2026,Japan,Pro Doubles Men,25-29,61,18,1:13:39,JPN
Chiba 2026,Japan,Pro Doubles Men,35-39,62,10,1:13:40,JPN/ITA
Chiba 2026,Japan,Pro Doubles Men,35-39,63,11,1:13:54,CHN/JPN
Chiba 2026,Japan,Pro Doubles Men,25-29,64,19,1:14:40,JPN
Chiba 2026,Japan,Pro Doubles Men,16-24,65,7,1:14:48,JPN
Chiba 2026,Japan,Pro Doubles Men,35-39,66,12,1:14:57,JPN/PHI
Chiba 2026,Japan,Pro Doubles Men,25-29,67,20,1:15:06,JPN
Chiba 2026,Japan,Pro Doubles Men,45-49,68,3,1:15:11,SIN
Chiba 2026,Japan,Pro Doubles Men,16-24,69,8,1:15:22,JPN
Chiba 2026,Japan,Pro Doubles Men,16-24,70,9,1:15:32,JPN
Chiba 2026,Japan,Pro Doubles Men,25-29,71,21,1:15:37,JPN
Chiba 2026,Japan,Pro Doubles Men,35-39,72,13,1:15:41,JPN
Chiba 2026,Japan,Pro Doubles Men,16-24,73,10,1:15:51,JPN
Chiba 2026,Japan,Pro Doubles Men,30-34,74,20,1:16:14,JPN
Chiba 2026,Japan,Pro Doubles Men,30-34,75,21,1:16:18,JPN
Chiba 2026,Japan,Pro Doubles Men,25-29,76,22,1:16:44,JPN
Chiba 2026,Japan,Pro Doubles Men,30-34,77,22,1:16:59,JPN
Chiba 2026,Japan,Pro Doubles Men,35-39,78,14,1:17:11,JPN
Chiba 2026,Japan,Pro Doubles Men,35-39,79,15,1:17:20,TPE
Chiba 2026,Japan,Pro Doubles Men,25-29,80,23,1:17:26,JPN
Chiba 2026,Japan,Pro Doubles Men,30-34,81,23,1:17:48,JPN
Chiba 2026,Japan,Pro Doubles Men,40-44,82,8,1:17:54,JPN
Chiba 2026,Japan,Pro Doubles Men,40-44,83,9,1:17:55,JPN
Chiba 2026,Japan,Pro Doubles Men,25-29,84,24,1:18:17,JPN
Chiba 2026,Japan,Pro Doubles Men,16-24,85,11,1:18:24,JPN
Chiba 2026,Japan,Pro Doubles Men,30-34,86,24,1:18:26,TPE
Chiba 2026,Japan,Pro Doubles Men,16-24,87,12,1:18:40,JPN
Chiba 2026,Japan,Pro Doubles Men,30-34,88,25,1:18:50,JPN
Chiba 2026,Japan,Pro Doubles Men,25-29,89,25,1:18:52,JPN
Chiba 2026,Japan,Pro Doubles Men,30-34,90,26,1:18:56,JPN
Chiba 2026,Japan,Pro Doubles Men,16-24,91,13,1:19:21,JPN
Chiba 2026,Japan,Pro Doubles Men,30-34,92,27,1:19:25,JPN
Chiba 2026,Japan,Pro Doubles Men,50-54,93,1,1:19:30,JPN
Chiba 2026,Japan,Pro Doubles Men,25-29,94,26,1:19:32,JPN
Chiba 2026,Japan,Pro Doubles Men,35-39,95,16,1:19:53,TPE
Chiba 2026,Japan,Pro Doubles Men,25-29,96,27,1:20:09,JPN
Chiba 2026,Japan,Pro Doubles Men,16-24,97,14,1:20:21,JPN
Chiba 2026,Japan,Pro Doubles Men,30-34,98,28,1:20:32,JPN
Chiba 2026,Japan,Pro Doubles Men,35-39,99,17,1:20:34,SIN
Chiba 2026,Japan,Pro Doubles Men,40-44,100,10,1:20:53,JPN
Chiba 2026,Japan,Pro Doubles Women,25-29,1,1,0:54:44,AUS
Chiba 2026,Japan,Pro Doubles Women,30-34,2,1,1:01:50,THA
Chiba 2026,Japan,Pro Doubles Women,35-39,3,1,1:05:55,NZL
Chiba 2026,Japan,Pro Doubles Women,16-24,4,1,1:06:15,KOR
Chiba 2026,Japan,Pro Doubles Women,30-34,5,2,1:07:53,HKG
Chiba 2026,Japan,Pro Doubles Women,35-39,6,2,1:08:24,CHN
Chiba 2026,Japan,Pro Doubles Women,25-29,7,2,1:09:27,JPN
Chiba 2026,Japan,Pro Doubles Women,30-34,8,3,1:09:41,JPN
Chiba 2026,Japan,Pro Doubles Women,30-34,9,4,1:11:11,HKG
Chiba 2026,Japan,Pro Doubles Women,25-29,10,3,1:11:12,JPN
Chiba 2026,Japan,Pro Doubles Women,35-39,11,3,1:11:19,CAN
Chiba 2026,Japan,Pro Doubles Women,40-44,12,1,1:12:04,PHI
Chiba 2026,Japan,Pro Doubles Women,25-29,13,4,1:12:41,JPN
Chiba 2026,Japan,Pro Doubles Women,35-39,14,4,1:13:04,JPN
Chiba 2026,Japan,Pro Doubles Women,30-34,15,5,1:13:14,JPN
Chiba 2026,Japan,Pro Doubles Women,35-39,16,5,1:13:23,JPN
Chiba 2026,Japan,Pro Doubles Women,30-34,17,6,1:14:34,JPN
Chiba 2026,Japan,Pro Doubles Women,25-29,18,5,1:16:08,KOR
Chiba 2026,Japan,Pro Doubles Women,30-34,19,7,1:16:45,JPN/CAN
Chiba 2026,Japan,Pro Doubles Women,16-24,20,2,1:17:54,KOR
Chiba 2026,Japan,Pro Doubles Women,50-54,21,1,1:18:14,JPN
Chiba 2026,Japan,Pro Doubles Women,40-44,22,2,1:18:43,SIN/HKG
Chiba 2026,Japan,Pro Doubles Women,30-34,23,8,1:19:21,JPN
Chiba 2026,Japan,Pro Doubles Women,40-44,24,3,1:19:44,JPN
Chiba 2026,Japan,Pro Doubles Women,25-29,25,6,1:20:27,JPN
Chiba 2026,Japan,Pro Doubles Women,35-39,26,6,1:21:10,TPE
Chiba 2026,Japan,Pro Doubles Women,25-29,27,7,1:21:14,JPN
Chiba 2026,Japan,Pro Doubles Women,30-34,28,9,1:21:27,JPN
Chiba 2026,Japan,Pro Doubles Women,25-29,29,8,1:22:04,JPN
Chiba 2026,Japan,Pro Doubles Women,25-29,30,9,1:22:23,JPN/HKG
Chiba 2026,Japan,Pro Doubles Women,25-29,31,10,1:22:35,JPN
Chiba 2026,Japan,Pro Doubles Women,16-24,32,3,1:23:01,JPN
Chiba 2026,Japan,Pro Doubles Women,35-39,33,7,1:24:13,JPN
Chiba 2026,Japan,Pro Doubles Women,45-49,34,1,1:24:45,JPN
Chiba 2026,Japan,Pro Doubles Women,25-29,35,11,1:25:10,JPN
Chiba 2026,Japan,Pro Doubles Women,40-44,36,4,1:25:55,USA
Chiba 2026,Japan,Pro Doubles Women,30-34,37,10,1:25:59,JPN
Chiba 2026,Japan,Pro Doubles Women,25-29,38,12,1:26:24,JPN
Chiba 2026,Japan,Pro Doubles Women,25-29,39,13,1:26:34,JPN
Chiba 2026,Japan,Pro Doubles Women,55-59,40,1,1:27:33,JPN
Chiba 2026,Japan,Pro Doubles Women,50-54,41,2,1:27:39,CHN
Chiba 2026,Japan,Pro Doubles Women,25-29,42,14,1:28:03,JPN/CHN
Chiba 2026,Japan,Pro Doubles Women,35-39,43,8,1:28:15,JPN
Chiba 2026,Japan,Pro Doubles Women,30-34,44,11,1:28:39,JPN
Chiba 2026,Japan,Pro Doubles Women,35-39,45,9,1:29:19,NOR/GER
Chiba 2026,Japan,Pro Doubles Women,40-44,46,5,1:29:33,JPN
Chiba 2026,Japan,Pro Doubles Women,30-34,47,12,1:30:17,SWE/CHN
Chiba 2026,Japan,Pro Doubles Women,45-49,48,2,1:30:37,JPN
Chiba 2026,Japan,Pro Doubles Women,40-44,49,6,1:30:52,JPN
Chiba 2026,Japan,Pro Doubles Women,25-29,50,15,1:31:07,MGL/THA
Chiba 2026,Japan,Pro Doubles Women,30-34,51,13,1:31:49,SIN
Chiba 2026,Japan,Pro Doubles Women,35-39,52,10,1:33:29,BRU
Chiba 2026,Japan,Pro Doubles Women,35-39,53,11,1:34:40,JPN
Chiba 2026,Japan,Pro Doubles Women,45-49,54,3,1:35:07,HKG
Chiba 2026,Japan,Pro Doubles Women,30-34,55,14,1:36:27,JPN
Chiba 2026,Japan,Pro Doubles Women,45-49,56,4,1:37:56,JPN
Chiba 2026,Japan,Pro Doubles Women,30-34,57,15,1:38:16,TPE
Chiba 2026,Japan,Pro Doubles Women,25-29,58,16,1:39:42,MAC
Chiba 2026,Japan,Pro Doubles Women,40-44,59,7,1:40:08,JPN
Chiba 2026,Japan,Pro Doubles Women,16-24,60,4,1:40:13,JPN
Chiba 2026,Japan,Pro Doubles Women,35-39,61,12,1:41:43,JPN
Chiba 2026,Japan,Pro Doubles Women,16-24,62,5,1:43:01,JPN
Chiba 2026,Japan,Pro Doubles Women,35-39,63,13,1:43:08,PHI
Chiba 2026,Japan,Pro Doubles Women,30-34,64,16,1:43:57,JPN/BRA
Chiba 2026,Japan,Pro Doubles Women,16-24,65,6,1:46:03,JPN
Chiba 2026,Japan,Pro Doubles Women,35-39,66,14,1:46:19,JPN
Chiba 2026,Japan,Pro Doubles Women,25-29,67,17,1:46:43,JPN
Chiba 2026,Japan,Pro Doubles Women,25-29,68,18,1:49:30,JPN
Chiba 2026,Japan,Pro Doubles Women,45-49,69,5,1:53:37,JPN
Chiba 2026,Japan,Pro Doubles Women,25-29,70,19,1:55:17,JPN
Chiba 2026,Japan,Pro Doubles Women,30-34,71,17,1:56:49,TPE
Chiba 2026,Japan,Pro Doubles Women,30-34,72,18,1:58:48,THA
Chiba 2026,Japan,Pro Doubles Women,25-29,73,20,2:00:38,TPE/JPN
Chiba 2026,Japan,Pro Doubles Women,25-29,74,21,2:02:12,JPN
Chiba 2026,Japan,Pro Doubles Women,25-29,75,22,2:07:40,USA/PHI
Chiba 2026,Japan,Pro Doubles Women,16-24,76,7,2:10:50,JPN
Chiba 2026,Japan,Pro Doubles Women,30-34,77,19,2:15:45,JPN/HKG
